<?xml version="1.0" ?>
<GUILayout>
    <Window Type="TLBB_MainFrame1" Name="DressPaint_Frame">
        <Property Name="UnifiedPosition" Value="{{0.5,-128},{0.5,-178}}" />
        <Property Name="AbsoluteSize" Value="w:256 h:300" />
        <Event Name="Hidden" Function="DressPaint_OnHiden();" />
        <Window Type="TLBB_DragTitle" Name="DressPaint_DragTitle">
            <Property Name="AbsolutePosition" Value="x:25.000000 y:11.000000" />
            <Property Name="UnifiedSize" Value="{{1.000000,-50.000000},{0.000000,20.000000}" />
            <Property Name="DragTarget" Value="DressPaint_Frame" />
            <Window Type="TLBB_SimpleText" Name="DressPaint_Title">
                <Property Name="Position" Value="x:0.0 y:0.0" />
                <Property Name="Size" Value="w:1.0 h:1.0" />
                <Property Name="Font" Value="YouYuan11.25" />
                <Property Name="HorzFormatting" Value="HorzCentred" />
                <Property Name="VertFormatting" Value="VertCentred" />
                <Property Name="RiseOnClick" Value="False" />
                <Property Name="Text" Value="#{SZPR_XML_13}" />
            </Window>
        </Window>
        <Window Type="TLBB_ButtonHelp" Name="DressPaint_Help">
            <Property Name="UnifiedPosition" Value="{{0.000000,5.000000},{0.000000,14.000000}" />
            <Property Name="AbsoluteSize" Value="w:14.000000 h:14.000000" />
            <Property Name="Text" Value="TLBB_ButtonHelp" />
            <Event Name="Clicked" Function='Helper:GotoHelper(&quot;*DressPaint&quot;);' />
        </Window>
        <Window Type="TLBB_ButtonClose" Name="DressPaint_Close">
            <Property Name="UnifiedPosition" Value="{{1.000000,-19.000000},{0.000000,14.000000}" />
            <Property Name="AbsoluteSize" Value="w:14.000000 h:14.000000" />
            <Property Name="Text" Value="TLBB_ButtonClose" />
            <Event Name="Clicked" Function="this:Hide();" />
        </Window>
        <Window Type="DefaultWindow" Name="DressPaint_Frame_Client">
            <Property Name="AbsolutePosition" Value="x:7.000000 y:36.000000" />
            <Property Name="UnifiedSize" Value="{{1.000000,-13.000000},{1.000000,-55.000000}" />
            <Window Type="TLBB_StaticText" Name="DressPaint_Info">
                <Property Name="VertScrollbar" Value="true" />
                <Property Name="Position" Value="x:0.0 y:0.0" />
                <Property Name="AbsoluteSize" Value="w:243.000000 h:90.000000" />
                <Property Name="HorzFormatting" Value="WordWrapLeftAligned" />
                <Property Name="RiseOnClick" Value="False" />
                <Property Name="Text" Value="#{SZPR_XML_14}" />
            </Window>
            <Window Type="TLBB_SimpleText" Name="DressPaint_Info2">
                <Property Name="Position" Value="x:0.085844 y:0.39" />
                <Property Name="UnifiedSize" Value="{{0.543745,0.000000},{0.000000,40.000000}" />
                <Property Name="HorzFormatting" Value="WordWrapLeftAligned" />
                <Property Name="RiseOnClick" Value="False" />
                <Property Name="Text" Value="#{SZPR_XML_15}" />
                <Property Name="TextColor" Value="FFFFF263" />
            </Window>
            <Window Type="TLBB_ActionButton" Name="DressPaint_Object">
                <Property Name="Position" Value="x:0.748971 y:0.39" />
                <Property Name="AbsoluteSize" Value="w:36 h:36" />  
                <Property Name="DragAcceptName" Value="D96" />
                <Property Name="DraggingEnabled" Value="True" />
                <Event Name="RBClicked" Function="DressPaint_Resume_Equip();" />
            </Window>

          <Window Type="TLBB_SimpleMulitiTextFrame" Name="DressPaint_Money_Text">
            <Property Name="UnifiedPosition" Value="{{0.0500,0.000000},{1.000000,-89.000000}" />
            <Property Name="UnifiedSize" Value="{{0.9,0.000000},{0.000000,22.000000}" />
            <Property Name="TextColor" Value="FFFFF263" />
            <Property Name="Text" Value="#{INTERFACE_XML_789}" />
            <Property Name="HorzFormatting" Value="LeftAligned" />
            <Property Name="VertFormatting" Value="VertCentred" />
            <Property Name="RiseOnClick" Value="False" />
            <Window Type="TLBB_Money" Name="DressPaint_DemandMoney">
              <Property Name="UnifiedPosition" Value="{{0.0,0.000000},{0.000000,0.000000}" />
              <Property Name="UnifiedSize" Value="{{1.0,0.000000},{0.000000,20.000000}" />
              <Property Name="MoneyNumber" Value="0" />
              <Property Name="HorzFormatting" Value="RightAligned" />
              <Property Name="AlignFix" Value="True" />
              <Property Name="GoldIcon" Value = "set:Button6 image:Lace_JiaoziJin" />
              <Property Name="SilverIcon" Value = "set:Button6 image:Lace_JiaoziYin" />
              <Property Name="CopperIcon" Value = "set:Button6 image:Lace_JiaoziTong" />
            </Window>
          </Window>
          <Window Type="TLBB_SimpleMulitiTextFrame" Name="DressPaint_Jiaozi_Text">
            <Property Name="UnifiedPosition" Value="{{0.0500,0.000000},{1.000000,-67.000000}" />
            <Property Name="UnifiedSize" Value="{{0.9,0.000000},{0.000000,22.000000}" />
            <Property Name="TextColor" Value="FFFFF263" />
            <Property Name="Text" Value="#{BDJB_051210_1}" />
            <Property Name="HorzFormatting" Value="LeftAligned" />
            <Property Name="VertFormatting" Value="VertCentred" />
            <Property Name="RiseOnClick" Value="False" />
            <Window Type="TLBB_Money" Name="DressPaint_SelfJiaozi">
              <Property Name="UnifiedPosition" Value="{{0.0,0.000000},{0.000000,0.000000}" />
              <Property Name="UnifiedSize" Value="{{1.0,0.000000},{0.000000,20.000000}" />
              <Property Name="MoneyNumber" Value="0" />
              <Property Name="HorzFormatting" Value="RightAligned" />
              <Property Name="AlignFix" Value="True" />
              <Property Name="GoldIcon" Value = "set:Button6 image:Lace_JiaoziJin" />
              <Property Name="SilverIcon" Value = "set:Button6 image:Lace_JiaoziYin" />
              <Property Name="CopperIcon" Value = "set:Button6 image:Lace_JiaoziTong" />
            </Window>
          </Window>
          <Window Type="TLBB_SimpleMulitiTextFrame" Name="DressPaint_SelfMoney_Text">
            <Property Name="UnifiedPosition" Value="{{0.0500,0.000000},{1.000000,-45.000000}" />
            <Property Name="UnifiedSize" Value="{{0.9,0.000000},{0.000000,22.000000}" />
            <Property Name="TextColor" Value="FFFFF263" />
            <Property Name="Text" Value="#{INTERFACE_XML_834}" />
            <Property Name="HorzFormatting" Value="LeftAligned" />
            <Property Name="VertFormatting" Value="VertCentred" />
            <Property Name="RiseOnClick" Value="False" />
            <Window Type="TLBB_Money" Name="DressPaint_SelfMoney">
              <Property Name="UnifiedPosition" Value="{{0.0,0.000000},{0.000000,0.000000}" />
              <Property Name="UnifiedSize" Value="{{1.0,0.000000},{0.000000,20.000000}" />
              <Property Name="HorzFormatting" Value="RightAligned" />
              <Property Name="MoneyNumber" Value="0" />
            </Window>
          </Window>
            <Window Type="TLBB_Frame_Lace5" Name="DressPaint_Blank">
                <Property Name="UnifiedPosition" Value="{{0.000000,0.000000},{1.000000,-20.000000}" />
                <Property Name="UnifiedSize" Value="{{1.000000,-80.000000},{0.000000,20.000000}" />
            </Window>
            <Window Type="TLBB_ButtonCommon" Name="DressPaint_OK">
                <Property Name="UnifiedPosition" Value="{{1.000000,-80.000000},{1.000000,-20.000000}" />
                <Property Name="AbsoluteSize" Value="w:40.000000 h:20.000000" />
                <Property Name="Text" Value="#{INTERFACE_XML_557}" />
                <Event Name="Clicked" Function="DressPaint_OK_Clicked();" />
            </Window>
            <Window Type="TLBB_ButtonCommon" Name="DressPaint_Cancel">
                <Property Name="UnifiedPosition" Value="{{1.000000,-40.000000},{1.000000,-20.000000}" />
                <Property Name="AbsoluteSize" Value="w:40.000000 h:20.000000" />
                <Property Name="Text" Value="#{INTERFACE_XML_542}" />
                <Event Name="Clicked" Function="this:Hide();" />
            </Window>
        </Window>
    </Window>
</GUILayout>
