﻿<?xml version="1.0" ?>
<GUILayout>
    <Window Type="TLBB_MainFrame1" Name="ConfraternityMessage_Frame">
        <Property Name="UnifiedPosition" Value="{{0.5,-128},{0.4,-96}}" />
        <Property Name="AbsoluteSize" Value="w:350 h:192" />
        <Event Name="Hidden" Function="ConfraternityMessage_Clear();" />
        <Window Type="TLBB_DragTitle" Name="ConfraternityMessage_Title">
            <Property Name="AbsolutePosition" Value="x:25.000000 y:11.000000" />
            <Property Name="UnifiedSize" Value="{{1.000000,-50.000000},{0.000000,20.000000}" />
            <Property Name="DragTarget" Value="ConfraternityMessage_Frame" />
            <Property Name="Font" Value="YouYuan11.25" />
            <Property Name="HorzFormatting" Value="HorzCentred" />
            <Property Name="VertFormatting" Value="VertCentred" />
            <Property Name="Text" Value="#{INTERFACE_XML_55}" />
        </Window>
        <Window Type="TLBB_ButtonHelp" Name="ConfraternityMessage_Help">
            <Property Name="UnifiedPosition" Value="{{0.000000,5.000000},{0.000000,14.000000}" />
            <Property Name="AbsoluteSize" Value="w:14.000000 h:14.000000" />
        </Window>
        <Window Type="TLBB_ButtonClose" Name="ConfraternityMessage_Close">
            <Property Name="UnifiedPosition" Value="{{1.000000,-19.000000},{0.000000,14.000000}" />
            <Property Name="AbsoluteSize" Value="w:14.000000 h:14.000000" />
            <Event Name="Clicked" Function="this:Hide();" />
        </Window>
        <Window Type="DefaultWindow" Name="ConfraternityMessage_Frame_Client">
            <Property Name="AbsolutePosition" Value="x:6.000000 y:36.000000" />
            <Property Name="UnifiedSize" Value="{{1.000000,-12.000000},{1.000000,-55.000000}" />
            <Window Type="TLBB_MultiIMEEditBox" Name="ConfraternityMessage_EditInfo">
                <Property Name="UnifiedPosition" Value="{{0.000000,0.000000},{0.000000,0.000000}" />
                <Property Name="UnifiedSize" Value="{{1.0,0.000000},{1.0,-23.000000}" />
                <Property Name="MaxTextLength" Value="216" />
                <Property Name="OnReturnEnable" Value="False" />
              <Property Name="ActiveSelectionColour" Value="FF00FF00" />
              <Property Name="SelectedTextColour" Value="FFFFFFFF" />
            </Window>
            <Window Type="TLBB_StaticText" Name="ConfraternityMessage_WarningText">
                <Property Name="UnifiedPosition" Value="{{0.000000,10.000000},{0.000000,10.000000}" />
                <Property Name="UnifiedSize" Value="{{1.0,-20.000000},{1.0,-33.000000}" />
                <Property Name="HorzFormatting" Value="WordWrapLeftAligned" />
                <Property Name="VertFormatting" Value="TopAligned" />
                <Property Name="VertScrollbar" Value="true" />
                <Property Name="Text" Value="#{INTERFACE_XML_820}" />
            </Window>
            <Window Type="TLBB_Frame_Lace5" Name="ConfraternityMessage_Blank">
                <Property Name="UnifiedPosition" Value="{{0.000000,0.000000},{1.000000,-20.000000}" />
                <Property Name="UnifiedSize" Value="{{1.000000,-120.000000},{0.000000,20.000000}" />
                <Property Name="RiseOnClick" Value="False" />
            </Window>
            <Window Type="TLBB_ButtonCommon" Name="ConfraternityMessage_Set">
                <Property Name="UnifiedPosition" Value="{{1.000000,-120.000000},{1.000000,-20.000000}" />
                <Property Name="AbsoluteSize" Value="w:60.000000 h:20.000000" />
                <Property Name="Text" Value="#{INTERFACE_XML_609}" />
                <Event Name="Clicked" Function="ConfraternityMessage_OK_Clicked();" />
            </Window>
            <Window Type="TLBB_ButtonCommon" Name="ConfraternityMessage_Ok">
                <Property Name="UnifiedPosition" Value="{{1.000000,-120.000000},{1.000000,-20.000000}" />
                <Property Name="AbsoluteSize" Value="w:60.000000 h:20.000000" />
                <Property Name="Text" Value="#{INTERFACE_XML_556}" />
                <Event Name="Clicked" Function="ConfraternityMessage_OK_Clicked();" />
            </Window>
            <Window Type="TLBB_ButtonCommon" Name="ConfraternityMessage_Cancel">
                <Property Name="UnifiedPosition" Value="{{1.000000,-60.000000},{1.000000,-20.000000}" />
                <Property Name="AbsoluteSize" Value="w:60.000000 h:20.000000" />
                <Property Name="Text" Value="#{INTERFACE_XML_539}" />
                <Event Name="Clicked" Function="ConfraternityMessage_Cancel_Clicked();" />
            </Window>
        </Window>
    </Window>
</GUILayout>
