<?xml version="1.0" ?>
<GUILayout>
    <Window Type="TLBB_MainFrame1" Name="AnqiUp_Frame">
        <Property Name="UnifiedPosition" Value="{{0.5,-128},{0.5,-178}}" />
        <Property Name="AbsoluteSize" Value="w:256 h:274" />
        <Event Name="Hidden" Function="AnqiUp_OnHiden();" />
        <Window Type="TLBB_DragTitle" Name="AnqiUp_DragTitle">
            <Property Name="AbsolutePosition" Value="x:25.000000 y:11.000000" />
            <Property Name="UnifiedSize" Value="{{1.000000,-50.000000},{0.000000,20.000000}" />
            <Property Name="DragTarget" Value="AnqiUp_Frame" />
            <Window Type="TLBB_SimpleText" Name="AnqiUp_Title">
                <Property Name="Position" Value="x:0.0 y:0.0" />
                <Property Name="Size" Value="w:1.0 h:1.0" />
                <Property Name="Font" Value="YouYuan11.25" />
                <Property Name="HorzFormatting" Value="HorzCentred" />
                <Property Name="VertFormatting" Value="VertCentred" />
                <Property Name="Text" Value="#{AQSJ_XML_090709_25}" />
            </Window>
        </Window>
        <Window Type="TLBB_ButtonHelp" Name="AnqiUp_Help">
            <Property Name="UnifiedPosition" Value="{{0.000000,5.000000},{0.000000,14.000000}" />
            <Property Name="AbsoluteSize" Value="w:14.000000 h:14.000000" />
            <Property Name="Text" Value="TLBB_ButtonHelp" />
            <Event Name="Clicked" Function='Helper:GotoHelper(&quot;*AnqiUp&quot;);' />
        </Window>
        <Window Type="TLBB_ButtonClose" Name="AnqiUp_Close">
            <Property Name="UnifiedPosition" Value="{{1.000000,-19.000000},{0.000000,14.000000}" />
            <Property Name="AbsoluteSize" Value="w:14.000000 h:14.000000" />
            <Property Name="Text" Value="TLBB_ButtonClose" />
            <Event Name="Clicked" Function="AnqiUp_Close();" />
        </Window>
        <Window Type="DefaultWindow" Name="AnqiUp_Frame_Client">
            <Property Name="AbsolutePosition" Value="x:7.000000 y:36.000000" />
            <Property Name="UnifiedSize" Value="{{1.000000,-13.000000},{1.000000,-55.000000}" />
            <Property Name="RiseOnClick" Value="False" />
            <Window Type="TLBB_SimpleText" Name="AnqiUp_Info">
                <Property Name="Position" Value="x:0.061728 y:0.077626" />
                <Property Name="UnifiedSize" Value="{{0.6,0.000000},{0.000000,40.000000}" />
              <Property Name="HorzFormatting" Value="WordWrapLeftAligned" />
              <Property Name="VertFormatting" Value="TopAligned" />
                <Property Name="RiseOnClick" Value="False" />
                <Property Name="TextColor" Value="FFFFF263" />
                <Property Name="Text" Value="#{AQSJ_XML_090709_06}" />
            </Window>
            <Window Type="TLBB_ActionButton" Name="AnqiUp_Object1">
                <Property Name="Position" Value="x:0.711934 y:0.077626" />
                <Property Name="AbsoluteSize" Value="w:36 h:36" />
                <Property Name="Empty" Value="false" />
                <Property Name="DragAcceptName" Value="G81" />
                <Property Name="DraggingEnabled" Value="True" />
                <Event Name="RBClicked" Function="AnqiUp_Resume_Gem(81);" />
            </Window>
            <Window Type="TLBB_SimpleText" Name="AnqiUp_Info2">
              <Property Name="UnifiedPosition" Value="{{0.000000,15.000000},{0.000000,76.000000}}"/>
                <Property Name="UnifiedSize" Value="{{0.6,0.000000},{0.000000,40.000000}" />
                <Property Name="HorzFormatting" Value="WordWrapLeftAligned" />
                 <Property Name="VertFormatting" Value="TopAligned" />
                <Property Name="RiseOnClick" Value="False" />
                <Property Name="TextColor" Value="FFFFF263" />
                <Property Name="Text" Value="#{AQSJ_XML_090709_07}" />
            </Window>
            <Window Type="TLBB_ActionButton" Name="AnqiUp_Object2">
                <Property Name="Position" Value="x:0.711934 y:0.342466" />
                <Property Name="AbsoluteSize" Value="w:36 h:36" />
                <Property Name="Empty" Value="True" />
                <Property Name="DragAcceptName" Value="G82" />
                <Property Name="DraggingEnabled" Value="True" />
                <Event Name="RBClicked" Function="AnqiUp_Resume_Gem(82);" />
            </Window>
            <Window Type="TLBB_SimpleMulitiTextFrame" Name="AnqiUp_Info3">
                <Property Name="UnifiedPosition" Value="{{0.05,0.000000},{1.000000,-91.000000}" />
                <Property Name="UnifiedSize" Value="{{0.9,0.000000},{0.000000,22.000000}" />
                <Property Name="TextColor" Value="FFFFF263" />
                <Property Name="Text" Value="#{INTERFACE_XML_789}" />
                <Window Type="TLBB_Money" Name="AnqiUp_Money">
                    <Property Name="UnifiedPosition" Value="{{0.0,0.000000},{0.000000,0.000000}" />
                    <Property Name="UnifiedSize" Value="{{1.0,0.000000},{0.000000,20.000000}" />
                    <Property Name="HorzFormatting" Value="RightAligned" />
                    <Property Name="MoneyNumber" Value="0" />
                    <Property Name="GoldIcon" Value = "set:Button6 image:Lace_JiaoziJin" />
                    <Property Name="SilverIcon" Value = "set:Button6 image:Lace_JiaoziYin" />
                    <Property Name="CopperIcon" Value = "set:Button6 image:Lace_JiaoziTong" />
                </Window>
            </Window>
            <Window Type="TLBB_SimpleMulitiTextFrame" Name="AnqiUp_SelfJiaozi_Text">
                <Property Name="UnifiedPosition" Value="{{0.05,0.000000},{1.000000,-69.000000}" />
                <Property Name="UnifiedSize" Value="{{0.9,0.000000},{0.000000,22.000000}" />
                <Property Name="TextColor" Value="FFFFF263" />
                <Property Name="Text" Value="#{BDJB_051210_1}" />
                <Window Type="TLBB_Money" Name="AnqiUp_SelfJiaozi">
                    <Property Name="UnifiedPosition" Value="{{0.0,0.000000},{0.000000,0.000000}" />
                    <Property Name="UnifiedSize" Value="{{1.0,0.000000},{0.000000,20.000000}" />
                    <Property Name="HorzFormatting" Value="RightAligned" />
                    <Property Name="MoneyNumber" Value="0" />
                    <Property Name="GoldIcon" Value = "set:Button6 image:Lace_JiaoziJin" />
                    <Property Name="SilverIcon" Value = "set:Button6 image:Lace_JiaoziYin" />
                    <Property Name="CopperIcon" Value = "set:Button6 image:Lace_JiaoziTong" />
                </Window>
            </Window>
            <Window Type="TLBB_SimpleMulitiTextFrame" Name="AnqiUp_SelfMoney_Text">
                <Property Name="UnifiedPosition" Value="{{0.05,0.000000},{1.000000,-47.000000}" />
                <Property Name="UnifiedSize" Value="{{0.9,0.000000},{0.000000,22.000000}" />
                <Property Name="TextColor" Value="FFFFF263" />
                <Property Name="Text" Value="#{INTERFACE_XML_834}" />
                <Window Type="TLBB_Money" Name="AnqiUp_SelfMoney">
                    <Property Name="UnifiedPosition" Value="{{0.0,0.000000},{0.000000,0.000000}" />
                    <Property Name="UnifiedSize" Value="{{1.0,0.000000},{0.000000,20.000000}" />
                    <Property Name="HorzFormatting" Value="RightAligned" />
                    <Property Name="MoneyNumber" Value="0" />
                </Window>
            </Window>
            <Window Type="TLBB_Frame_Lace5" Name="AnqiUp_Blank">
                <Property Name="UnifiedPosition" Value="{{0.000000,0.000000},{1.000000,-20.000000}" />
                <Property Name="UnifiedSize" Value="{{1.000000,-80.000000},{0.000000,20.000000}" />
            </Window>
            <Window Type="TLBB_ButtonCommon" Name="AnqiUp_OK">
                <Property Name="UnifiedPosition" Value="{{1.000000,-80.000000},{1.000000,-20.000000}" />
                <Property Name="AbsoluteSize" Value="w:40.000000 h:20.000000" />
                <Property Name="Text" Value="#{AQSJ_XML_090709_08}" />
                <Event Name="Clicked" Function="AnqiUp_Buttons_Clicked();" />
            </Window>
            <Window Type="TLBB_ButtonCommon" Name="AnqiUp_Cancel">
                <Property Name="UnifiedPosition" Value="{{1.000000,-40.000000},{1.000000,-20.000000}" />
                <Property Name="AbsoluteSize" Value="w:40.000000 h:20.000000" />
                <Property Name="Text" Value="#{INTERFACE_XML_542}" />
                <Event Name="Clicked" Function="AnqiUp_Cancel_Clicked();" />
            </Window>
        </Window>
    </Window>
</GUILayout>
