﻿<?xml version="1.0" ?>
<GUILayout>
    <Window Type="TLBB_MainFrame1" Name="ConfraternityPosition_Frame">
        <Property Name="UnifiedPosition" Value="{{0.0,210},{0.12,0}}" />
        <Property Name="AbsoluteSize" Value="w:225 h:256" />
        <Window Type="TLBB_DragTitle" Name="ConfraternityPosition_DragTitle">
            <Property Name="AbsolutePosition" Value="x:25.000000 y:11.000000" />
            <Property Name="UnifiedSize" Value="{{1.000000,-50.000000},{0.000000,20.000000}" />
            <Property Name="DragTarget" Value="ConfraternityPosition_Frame" />
            <Window Type="TLBB_SimpleText" Name="ConfraternityPosition_PageHeader">
                <Property Name="Position" Value="x:0.0 y:0.0" />
                <Property Name="Size" Value="w:1.0 h:1.0" />
                <Property Name="Font" Value="YouYuan11.25" />
                <Property Name="HorzFormatting" Value="HorzCentred" />
                <Property Name="VertFormatting" Value="VertCentred" />
                <Property Name="Text" Value="#{INTERFACE_XML_90}" />
            </Window>
        </Window>
        <Window Type="TLBB_ButtonHelp" Name="ConfraternityPosition_Help">
            <Property Name="UnifiedPosition" Value="{{0.000000,5.000000},{0.000000,14.000000}" />
            <Property Name="AbsoluteSize" Value="w:14.000000 h:14.000000" />
            <Property Name="Text" Value="TLBB_ButtonHelp" />
            <Event Name="Clicked" Function='Helper:GotoHelper(&quot;*ConfraternityPosition&quot;);' />
        </Window>
        <Window Type="TLBB_ButtonClose" Name="ConfraternityPosition_Close">
            <Property Name="UnifiedPosition" Value="{{1.000000,-19.000000},{0.000000,14.000000}" />
            <Property Name="AbsoluteSize" Value="w:14.000000 h:14.000000" />
            <Property Name="Text" Value="TLBB_ButtonClose" />
            <Event Name="Clicked" Function="this:Hide();" />
        </Window>
        <Window Type="DefaultWindow" Name="ConfraternityPosition_Function_Frame">
            <Property Name="AbsolutePosition" Value="x:6.000000 y:36.000000" />
            <Property Name="UnifiedSize" Value="{{1.000000,-12.000000},{1.000000,-55.000000}" />
            <Window Type="TLBB_ListBoxCommon" Name="ConfraternityPosition_PositionList">
                <Property Name="Position" Value="x:0.0 y:0.0" />
                <Property Name="Size" Value="w:1.0 h:0.88" />
            </Window>
            <Window Type="TLBB_Frame_Lace5" Name="ConfraternityPosition_Blank">
                <Property Name="UnifiedPosition" Value="{{0.000000,0.000000},{1.000000,-20.000000}" />
                <Property Name="UnifiedSize" Value="{{0.000000,100.000000},{0.000000,20.000000}" />
            </Window>
            <Window Type="TLBB_ButtonCommon" Name="ConfraternityPosition_Accept">
                <Property Name="UnifiedPosition" Value="{{0.000000,100.000000},{1.000000,-20.000000}" />
                <Property Name="AbsoluteSize" Value="w:74.000000 h:20.000000" />
                <Property Name="Text" Value="#{INTERFACE_XML_569}" />
                <Event Name="Clicked" Function="Guild_Position_Confirm();" />
            </Window>
            <Window Type="TLBB_ButtonCommon" Name="ConfraternityPosition_Cancel">
                <Property Name="UnifiedPosition" Value="{{1.000000,-40.000000},{1.000000,-20.000000}" />
                <Property Name="AbsoluteSize" Value="w:40.000000 h:20.000000" />
                <Property Name="Text" Value="#{INTERFACE_XML_542}" />
                <Event Name="Clicked" Function="this:Hide();" />
            </Window>
        </Window>
    </Window>
</GUILayout>
