<?xml version="1.0" ?>
<GUILayout>
  <Window Type="DefaultWindow" Name="FangChenMi_Frame_1">
    <Property Name="AbsolutePosition" Value="x:0.000000 y:0.000000" />
    <Property Name="UnifiedSize" Value="{{1.00,0.000000},{1.0,0.000000}" />
	<Property Name="AlwaysOnTop" Value="True" />
     <Event Name="Hidden" Function="FangChenMi_Close_Clicked();" />
	<Window Type="TLBB_MainFrame_Logon" Name="FangChenMi_Frame_2">
        <Property Name="UnifiedPosition" Value="{{0.3,-10},{0.15,-10}}" />
        <Property Name="AbsoluteSize" Value="w:350 h:400" />
        <Window Type="TLBB_Frame_Lace4" Name="FangChenMi_Client">
            <Property Name="AbsolutePosition" Value="x:20.000000 y:31.000000" />
            <Property Name="UnifiedSize" Value="{{0.8850000,0.000000},{0.8800,0.000000}" />
          <Window Type="TLBB_StaticText" Name="FangChenMi_MiBaoKa_Text" >
            <Property Name="UnifiedPosition" Value="{{0.00000,11.000000},{0.000000,9.0}" />
            <Property Name="UnifiedSize" Value="{{0.925,0.000000},{0.00000,114.0}" />
            <Property Name="HorzFormatting" Value="WordWrapLeftAligned" />
            <Property Name="VertFormatting" Value="TopAligned" />
            <Property Name="VertScrollbar" Value="true" />
          </Window>
          <Window Type="TLBB_StaticText" Name="FangChenMi_Info_Text" >
            <Property Name="UnifiedPosition" Value="{{0.00000,11.000000},{0.000000,166.0}" />
            <Property Name="UnifiedSize" Value="{{0.925,0.000000},{0.00000,100.0}" />
            <Property Name="HorzFormatting" Value="WordWrapLeftAligned" />
            <Property Name="VertFormatting" Value="TopAligned" />
            <Property Name="VertScrollbar" Value="true" />
          </Window>
          <Window Type="TLBB_ButtonExp2" Name="FangChenMi_MiBaoKa">
            <Property Name="UnifiedPosition" Value="{{1.000000,-245.000000},{1.000000,-228.000000}" />
            <Property Name="UnifiedSize" Value="{{0.0,175.000000},{0.00000,40.0}" />
            <Property Name="Text" Value="#{Interface_FangChenMi_txt3}" />
            <Property Name="Tooltip" Value="#{Interface_Dianhuamibao_004}" />
			 <Event Name="Clicked" Function="FangChenMi_MiBaoKa_Clicked();" />
          </Window>
          <Window Type="TLBB_ButtonExp2" Name="FangChenMi_Info">
            <Property Name="UnifiedPosition" Value="{{1.000000,-245.000000},{1.000000,-83.000000}" />
            <Property Name="UnifiedSize" Value="{{0.0,175.000000},{0.00000,40.0}" />
            <Property Name="Text" Value="#{Interface_FangChenMi_txt1}" />
            <Property Name="Tooltip" Value="#{Interface_FangChenMi_txt2}" />
			 <Event Name="Clicked" Function="FangChenMi_Info_Clicked();" />
          </Window>
		  <Window Type="TLBB_ButtonCommon" Name="FangChenMi_Accept">
			<Property Name="UnifiedPosition" Value="{{0,116.000000},{0,315}" />
			<Property Name="UnifiedSize" Value="{{0.0,75.000000},{0.000000,20.000000}" />
			<Property Name="Text" Value="#{INTERFACE_XML_556}" />
			<Event Name="Clicked" Function="FangChenMi_Accept_Clicked();" />
			</Window>
        </Window>

    </Window>
    <Window Type="TLBB_StaticImageNULL" Name="FangChenMi_DragonHead" >
      <Property Name="UnifiedPosition" Value="{{0.500000,-53.000000},{0.196667,-61.80353}" />
      <Property Name="AbsoluteSize" Value="w:114.000000 h:62.000000" />
      <Property Name="AlwaysOnTop" Value="True" />
      <Property Name="Image" Value="set:Button4 image:Dragon_Head" />
    </Window>
    <Window Type="TLBB_StaticImageNULL" Name="FangChenMi_Dragon_VClaw_Left" >
      <Property Name="AbsolutePosition" Value="x:237.000000 y:158.000000" />
      <Property Name="AbsoluteSize" Value="w:15.000000 h:19.000000" />
      <Property Name="AlwaysOnTop" Value="True" />
      <Property Name="Image" Value="set:Button4 image:Dragon_VClaw_Left" />
    </Window>
    <Window Type="TLBB_StaticImageNULL" Name="FangChenMi_Dragon_VClaw_Right" >
      <Property Name="AbsolutePosition" Value="x:557.000000 y:158.000000" />
      <Property Name="AbsoluteSize" Value="w:15.000000 h:19.000000" />
      <Property Name="AlwaysOnTop" Value="True" />
      <Property Name="Image" Value="set:Button4 image:Dragon_VClaw_Rigth" />
    </Window>
    <Window Type="TLBB_StaticImageNULL" Name="FangChenMi_RedLine_Left" >
      <Property Name="AbsolutePosition" Value="x:232.000000 y:102.000000" />
      <Property Name="AbsoluteSize" Value="w:5.000000 h:150.000000" />
      <Property Name="AlwaysOnTop" Value="True" />
      <Property Name="Image" Value="set:Button4 image:RedLine" />
    </Window>
    <Window Type="TLBB_StaticImageNULL" Name="FangChenMi_RedLine_Right" >
      <Property Name="AbsolutePosition" Value="x:573.000000 y:102.000000" />
      <Property Name="AbsoluteSize" Value="w:5.000000 h:150.000000" />
      <Property Name="AlwaysOnTop" Value="True" />
      <Property Name="Image" Value="set:Button4 image:RedLine" />
    </Window>
  </Window>
</GUILayout>
