<?xml version="1.0"?>
<GUILayout>
	<Window Type="TLBB_MainFrame1" Name="DWChaichu_Frame">
		<Property Name="UnifiedPosition" Value="{{0.500000,-128.000000},{0.500000,-178.000000}}" />
		<Property Name="AbsoluteSize" Value="w:256.000000 h:330.000000" />
		<Event Name="Hidden" Function="DWChaichu_OnHiden();" />
		<Window Type="TLBB_DragTitle" Name="DWChaichu_DragTitle">
			<Property Name="AbsolutePosition" Value="x:25.000000 y:11.000000" />
			<Property Name="UnifiedSize" Value="{{1.000000,-50.000000},{0.000000,20.000000}}" />
			<Property Name="DragTarget" Value="DWChaichu_Frame" />
			<Window Type="TLBB_SimpleText" Name="DWChaichu_Title">
				<Property Name="RelativePosition" Value="x:0.000000 y:0.000000" />
				<Property Name="RelativeSize" Value="w:1.000000 h:1.000000" />
				<Property Name="Font" Value="YouYuan11.25" />
				<Property Name="HorzFormatting" Value="HorzCentred" />
				<Property Name="RiseOnClick" Value="False" />
				<Property Name="Text" Value="#{ZBDW_XML_25}" />
				<Property Name="VertFormatting" Value="VertCentred" />
			</Window>
		</Window>
		<Window Type="TLBB_ButtonHelp" Name="DWChaichu_Help">
			<Property Name="UnifiedPosition" Value="{{0.000000,5.000000},{0.000000,14.000000}}" />
			<Property Name="AbsoluteSize" Value="w:14.000000 h:14.000000" />
			<Property Name="Text" Value="TLBB_ButtonHelp" />
			<Event Name="Clicked" Function='Helper:GotoHelper(&quot;DWChaichu&quot;);' />
		</Window>
		<Window Type="TLBB_ButtonClose" Name="DWChaichu_Close">
			<Property Name="UnifiedPosition" Value="{{1.000000,-19.000000},{0.000000,14.000000}}" />
			<Property Name="AbsoluteSize" Value="w:14.000000 h:14.000000" />
			<Property Name="Text" Value="TLBB_ButtonClose" />
			<Event Name="Clicked" Function="this:Hide();" />
		</Window>
		<Window Type="DefaultWindow" Name="DWChaichu_Frame_Client">
			<Property Name="AbsolutePosition" Value="x:7.000000 y:36.000000" />
			<Property Name="UnifiedSize" Value="{{1.000000,-13.000000},{1.000000,-55.000000}}" />
			<Window Type="TLBB_SimpleMulitiTextFrame" Name="DWChaichu_Info">
				<Property Name="RelativePosition" Value="x:0.000000 y:0.000000" />
				<Property Name="AbsoluteSize" Value="w:243.000000 h:84.000000" />
				<Property Name="HorzFormatting" Value="WordWrapLeftAligned" />
				<Property Name="RiseOnClick" Value="False" />
				<Property Name="Text" Value="#{ZBDW_XML_26}" />
				<Property Name="TextColor" Value="FFFFF263" />
			</Window>
			<Window Type="TLBB_SimpleText" Name="DWChaichu_Info2">
				<Property Name="AbsolutePosition" Value="x:12.000000 y:91.000000" />
				<Property Name="UnifiedSize" Value="{{0.695473,0.000000},{0.000000,40.000000}}" />
				<Property Name="HorzFormatting" Value="WordWrapLeftAligned" />
				<Property Name="RiseOnClick" Value="False" />
				<Property Name="Text" Value="#{ZBDW_XML_27}" />
				<Property Name="TextColor" Value="FFFFF263" />
			</Window>
			<Window Type="TLBB_ActionButton" Name="DWChaichu_Object">
				<Property Name="AbsolutePosition" Value="x:190.000000 y:92.000000" />
				<Property Name="AbsoluteSize" Value="w:36.000000 h:36.000000" />
				<Property Name="DragAcceptName" Value="G101" />
				<Property Name="DraggingEnabled" Value="True" />
				<Event Name="RBClicked" Function="DWChaichu_Resume_Equip(101);" />
			</Window>
			<Window Type="TLBB_SimpleText" Name="DWChaichu_Info3">
				<Property Name="AbsolutePosition" Value="x:12.000000 y:141.000000" />
				<Property Name="UnifiedSize" Value="{{0.695473,0.000000},{0.000000,40.000000}}" />
				<Property Name="HorzFormatting" Value="WordWrapLeftAligned" />
				<Property Name="RiseOnClick" Value="False" />
				<Property Name="Text" Value="#{ZBDW_XML_28}" />
				<Property Name="TextColor" Value="FFFFF263" />
			</Window>
			<Window Type="TLBB_ActionButton" Name="DWChaichu_Object2">
				<Property Name="AbsolutePosition" Value="x:190.000000 y:142.000000" />
				<Property Name="AbsoluteSize" Value="w:36.000000 h:36.000000" />
				<Property Name="DragAcceptName" Value="G102" />
				<Property Name="DraggingEnabled" Value="True" />
				<Event Name="RBClicked" Function="DWChaichu_Resume_Equip(102);" />
			</Window>
			<Window Type="TLBB_SimpleMulitiTextFrame" Name="DWChaichu_Money_Text">
				<Property Name="UnifiedPosition" Value="{{0.050000,0.000000},{1.000000,-89.000000}}" />
				<Property Name="UnifiedSize" Value="{{0.900000,0.000000},{0.000000,22.000000}}" />
				<Property Name="HorzFormatting" Value="LeftAligned" />
				<Property Name="RiseOnClick" Value="False" />
				<Property Name="Text" Value="#{INTERFACE_XML_789}" />
				<Property Name="TextColor" Value="FFFFF263" />
				<Property Name="VertFormatting" Value="VertCentred" />
				<Window Type="TLBB_Money" Name="DWChaichu_DemandMoney">
					<Property Name="UnifiedPosition" Value="{{0.000000,0.000000},{0.000000,0.000000}}" />
					<Property Name="UnifiedSize" Value="{{1.000000,0.000000},{0.000000,20.000000}}" />
					<Property Name="AlignFix" Value="True" />
					<Property Name="CopperIcon" Value="set:Button6 image:Lace_JiaoziTong" />
					<Property Name="GoldIcon" Value="set:Button6 image:Lace_JiaoziJin" />
					<Property Name="HorzFormatting" Value="RightAligned" />
					<Property Name="MoneyNumber" Value="0" />
					<Property Name="SilverIcon" Value="set:Button6 image:Lace_JiaoziYin" />
				</Window>
			</Window>
			<Window Type="TLBB_SimpleMulitiTextFrame" Name="DWChaichu_Jiaozi_Text">
				<Property Name="UnifiedPosition" Value="{{0.050000,0.000000},{1.000000,-67.000000}}" />
				<Property Name="UnifiedSize" Value="{{0.900000,0.000000},{0.000000,22.000000}}" />
				<Property Name="HorzFormatting" Value="LeftAligned" />
				<Property Name="RiseOnClick" Value="False" />
				<Property Name="Text" Value="#{BDJB_051210_1}" />
				<Property Name="TextColor" Value="FFFFF263" />
				<Property Name="VertFormatting" Value="VertCentred" />
				<Window Type="TLBB_Money" Name="DWChaichu_SelfJiaozi">
					<Property Name="UnifiedPosition" Value="{{0.000000,0.000000},{0.000000,0.000000}}" />
					<Property Name="UnifiedSize" Value="{{1.000000,0.000000},{0.000000,20.000000}}" />
					<Property Name="AlignFix" Value="True" />
					<Property Name="CopperIcon" Value="set:Button6 image:Lace_JiaoziTong" />
					<Property Name="GoldIcon" Value="set:Button6 image:Lace_JiaoziJin" />
					<Property Name="HorzFormatting" Value="RightAligned" />
					<Property Name="MoneyNumber" Value="0" />
					<Property Name="SilverIcon" Value="set:Button6 image:Lace_JiaoziYin" />
				</Window>
			</Window>
			<Window Type="TLBB_SimpleMulitiTextFrame" Name="DWChaichu_SelfMoney_Text">
				<Property Name="UnifiedPosition" Value="{{0.050000,0.000000},{1.000000,-45.000000}}" />
				<Property Name="UnifiedSize" Value="{{0.900000,0.000000},{0.000000,22.000000}}" />
				<Property Name="HorzFormatting" Value="LeftAligned" />
				<Property Name="RiseOnClick" Value="False" />
				<Property Name="Text" Value="#{INTERFACE_XML_834}" />
				<Property Name="TextColor" Value="FFFFF263" />
				<Property Name="VertFormatting" Value="VertCentred" />
				<Window Type="TLBB_Money" Name="DWChaichu_SelfMoney">
					<Property Name="UnifiedPosition" Value="{{0.000000,0.000000},{0.000000,0.000000}}" />
					<Property Name="UnifiedSize" Value="{{1.000000,0.000000},{0.000000,20.000000}}" />
					<Property Name="HorzFormatting" Value="RightAligned" />
					<Property Name="MoneyNumber" Value="0" />
				</Window>
			</Window>
			<Window Type="TLBB_Frame_Lace5" Name="DWChaichu_Blank">
				<Property Name="UnifiedPosition" Value="{{0.000000,0.000000},{1.000000,-20.000000}}" />
				<Property Name="UnifiedSize" Value="{{1.000000,-80.000000},{0.000000,20.000000}}" />
			</Window>
			<Window Type="TLBB_ButtonCommon" Name="DWChaichu_OK">
				<Property Name="UnifiedPosition" Value="{{1.000000,-100.000000},{1.000000,-21.000000}}" />
				<Property Name="AbsoluteSize" Value="w:60.000000 h:22.000000" />
				<Property Name="Text" Value="#{INTERFACE_XML_557}" />
				<Event Name="Clicked" Function="DWChaichu_OK_Clicked();" />
			</Window>
			<Window Type="TLBB_ButtonCommon" Name="DWChaichu_Cancel">
				<Property Name="UnifiedPosition" Value="{{1.000000,-40.000000},{1.000000,-21.000000}}" />
				<Property Name="AbsoluteSize" Value="w:40.000000 h:22.000000" />
				<Property Name="Text" Value="#{INTERFACE_XML_542}" />
				<Event Name="Clicked" Function="this:Hide();" />
			</Window>
		</Window>
	</Window>
</GUILayout>
