<?xml version="1.0" ?>
<GUILayout>
    <Window Type="TLBB_MainFrame1" Name="ChangeMinorPassword_Frame">
       <Property Name="UnifiedPosition" Value="{{0.500000,-128.000000},{0.250000,-99.000000}" />
        <Property Name="UnifiedSize" Value="{{0,256},{0.0,330}}" />
        <Event Name="Hidden" Function="ChangeMinorPassword_OnHiden();" />
        <Window Type="TLBB_DragTitle" Name="ChangeMinorPassword_Frame_Title">
            <Property Name="AbsolutePosition" Value="x:25.000000 y:11.000000" />
            <Property Name="UnifiedSize" Value="{{1.000000,-50.000000},{0.000000,20.000000}" />
            <Property Name="Font" Value="YouYuan11.25" />
            <Property Name="HorzFormatting" Value="HorzCentred" />
            <Property Name="VertFormatting" Value="VertCentred" />
            <Property Name="Text" Value="#{INTERFACE_XML_77}" />
            <Property Name="DragTarget" Value="ChangeMinorPassword_Frame" />
        </Window>
        <Window Type="TLBB_ButtonHelp" Name="ChangeMinorPassword_Help">
            <Property Name="UnifiedPosition" Value="{{0.000000,5.000000},{0.000000,14.000000}" />
            <Property Name="AbsoluteSize" Value="w:14.000000 h:14.000000" />
            <Property Name="Text" Value="TLBB_ButtonHelp" />
            <Event Name="Clicked" Function='Helper:GotoHelper(&quot;*ChangeMinorPassword&quot;);' />
        </Window>
        <Window Type="TLBB_ButtonClose" Name="ChangeMinorPassword_Close">
            <Property Name="UnifiedPosition" Value="{{1.000000,-19.000000},{0.000000,14.000000}" />
            <Property Name="AbsoluteSize" Value="w:14.000000 h:14.000000" />
            <Property Name="Text" Value="TLBB_ButtonClose" />
            <Event Name="Clicked" Function="this:Hide();" />
        </Window>
        <Window Type="DefaultWindow" Name="ChangeMinorPassword_Frame_Client">
            <Property Name="AbsolutePosition" Value="x:7.000000 y:36.000000" />
            <Property Name="UnifiedSize" Value="{{1.000000,-13.000000},{1.000000,-55.000000}" />
            <Window Type="DefaultWindow" Name="ChangeMinorPassword_EditBox1_Background">
                <Property Name="Position" Value="x:0.05 y:0.05" />
                <Property Name="UnifiedSize" Value="{{0.900000,0.000000},{0.000000,20.000000}" />
                <Window Type="TLBB_SimpleText" Name="ChangeMinorPassword_EditBox1_Text">
                    <Property Name="Position" Value="x:0 y:0" />
                    <Property Name="UnifiedSize" Value="{{0.000000,125.000000},{0.000000,20.000000}" />
                    <Property Name="TextColor" Value="FFFFF263" />
                    <Property Name="Text" Value="#{INTERFACE_XML_844}" />
                    <Property Name="HorzFormatting" Value="LeftAligned" />
                    <Property Name="VertFormatting" Value="VertCentred" />
                </Window>
                <Window Type="TLBB_EditBoxNormal" Name="ChangeMinorPassword_EditBox1">
                    <Property Name="Position" Value="x:0.584475 y:0" />
                    <Property Name="UnifiedSize" Value="{{0.0,90.000000},{0.000000,20.000000}" />
                    <Property Name="ValidationString" Value="[0-9a-z]*" />
                    <Property Name="MaxTextLength" Value="15" />
                    <Property Name="MaskText" Value="True" />
                    <Property Name="SoftKeyOnly" Value="True"/>
                    <Event Name="Activated" Function="ChangeMinorPassword_EditBox1_OnActive()" />
                </Window>
            </Window>
            <Window Type="DefaultWindow" Name="ChangeMinorPassword_EditBox2_Background">
                <Property Name="Position" Value="x:0.05 y:0.2" />
                <Property Name="UnifiedSize" Value="{{0.900000,0.000000},{0.000000,20.000000}" />
                <Window Type="TLBB_SimpleText" Name="ChangeMinorPassword_EditBox2_Text">
                    <Property Name="Position" Value="x:0 y:0" />
                    <Property Name="UnifiedSize" Value="{{0.000000,125.000000},{0.000000,20.000000}" />
                    <Property Name="TextColor" Value="FFFFF263" />
                    <Property Name="Text" Value="#{INTERFACE_XML_765}" />
                    <Property Name="HorzFormatting" Value="LeftAligned" />
                    <Property Name="VertFormatting" Value="VertCentred" />
                </Window>
                <Window Type="TLBB_EditBoxNormal" Name="ChangeMinorPassword_EditBox2">
                    <Property Name="Position" Value="x:0.584475 y:0" />
                    <Property Name="UnifiedSize" Value="{{0.000000,90.000000},{0.000000,20.000000}" />
                    <Property Name="ValidationString" Value="[0-9a-z]*" />
                    <Property Name="MaxTextLength" Value="15" />
                    <Property Name="MaskText" Value="True" />
                    <Property Name="SoftKeyOnly" Value="True"/>
                    <Event Name="Activated" Function="ChangeMinorPassword_EditBox2_OnActive()" />
                </Window>
            </Window>
            <Window Type="DefaultWindow" Name="ChangeMinorPassword_EditBox3_Background">
                <Property Name="Position" Value="x:0.05 y:0.35" />
                <Property Name="UnifiedSize" Value="{{0.900000,0.000000},{0.000000,20.000000}" />
                <Window Type="TLBB_SimpleText" Name="ChangeMinorPassword_EditBox3_Text">
                    <Property Name="Position" Value="x:0 y:0" />
                    <Property Name="UnifiedSize" Value="{{0.000000,125.000000},{0.000000,20.000000}" />
                    <Property Name="TextColor" Value="FFFFF263" />
                    <Property Name="Text" Value="#{INTERFACE_XML_559}" />
                    <Property Name="HorzFormatting" Value="LeftAligned" />
                    <Property Name="VertFormatting" Value="VertCentred" />
                </Window>
                <Window Type="TLBB_EditBoxNormal" Name="ChangeMinorPassword_EditBox3">
                    <Property Name="Position" Value="x:0.584475 y:0" />
                    <Property Name="UnifiedSize" Value="{{0.00000,90.000000},{0.000000,20.000000}" />
                    <Property Name="ValidationString" Value="[0-9a-z]*" />
                    <Property Name="MaxTextLength" Value="15" />
                    <Property Name="MaskText" Value="True" />
                    <Property Name="SoftKeyOnly" Value="True"/>
                    <Event Name="Activated" Function="ChangeMinorPassword_EditBox3_OnActive()" />
                </Window>
            </Window>
            <Window Type="TLBB_SimpleMulitiTextFrame" Name="ChangeMinorPassword_WarningText">
                <Property Name="Position" Value="x:0.05 y:0.5" />
                <Property Name="UnifiedSize" Value="{{0.9,0.000000},{0.000000,110.000000}" />
                <Property Name="TextColor" Value="FFFFF263" />
                <Property Name="Text" Value="#{INTERFACE_XML_460}" />
                <Property Name="HorzFormatting" Value="WordWrapLeftAligned" />
                <Property Name="VertFormatting" Value="VertCentred" />
            </Window>
            <Window Type="TLBB_Frame_Lace5" Name="ChangeMinorPassword_Blank">
                <Property Name="UnifiedPosition" Value="{{0.000000,0.000000},{1.000000,-20.000000}" />
                <Property Name="UnifiedSize" Value="{{1.000000,-80.000000},{0.000000,20.000000}" />
            </Window>
            <Window Type="TLBB_ButtonCommon" Name="ChangeMinorPassword_Accept">
                <Property Name="UnifiedPosition" Value="{{1.000000,-80.000000},{1.000000,-20.000000}" />
                <Property Name="AbsoluteSize" Value="w:40.000000 h:20.000000" />
                <Property Name="Text" Value="#{INTERFACE_XML_557}" />
                <Event Name="Clicked" Function="ChangeMinorPassword_SetPassword();" />
            </Window>
            <Window Type="TLBB_ButtonCommon" Name="ChangeMinorPassword_Cancel">
                <Property Name="UnifiedPosition" Value="{{1.000000,-40.000000},{1.000000,-20.000000}" />
                <Property Name="AbsoluteSize" Value="w:40.000000 h:20.000000" />
                <Property Name="Text" Value="#{INTERFACE_XML_542}" />
                <Event Name="Clicked" Function="ChangeMinorPassword_Cancel();" />
            </Window>
        </Window>
    </Window>
</GUILayout>
