<?xml version="1.0" ?>
<GUILayout>
    <Window Type="TLBB_MainFrame1" Name="ExpAssign_Frame">
        <Property Name="UnifiedPosition" Value="{{0.5,-160},{0.5,-100}}" />
        <Property Name="AbsoluteSize" Value="w:286 h:300" />
        <Window Type="TLBB_DragTitle" Name="ExpAssign_DragTitle">
            <Property Name="AbsolutePosition" Value="x:25.000000 y:11.000000" />
            <Property Name="UnifiedSize" Value="{{1.000000,-50.000000},{0.000000,20.000000}" />
            <Property Name="DragTarget" Value="ExpAssign_Frame" />
            <Property Name="Text" Value="#{INTERFACE_XML_46}" />
            <Property Name="Font" Value="YouYuan11.25" />
            <Property Name="HorzFormatting" Value="HorzCentred" />
            <Property Name="VertFormatting" Value="VertCentred" />
        </Window>
        <Window Type="TLBB_ButtonClose" Name="ExpAssign_Close">
            <Property Name="UnifiedPosition" Value="{{1.000000,-19.000000},{0.000000,14.000000}" />
            <Property Name="AbsoluteSize" Value="w:14.000000 h:14.000000" />
            <Event Name="Clicked" Function="ExpAssign_Button_Close_Click();" />
        </Window>
        <Window Type="TLBB_ButtonHelp" Name="ExpAssign_Help">
            <Property Name="UnifiedPosition" Value="{{0.000000,5.000000},{0.000000,14.000000}" />
            <Property Name="AbsoluteSize" Value="w:14.000000 h:14.000000" />
            <Property Name="Text" Value="TLBB_ButtonClose" />
            <Event Name="Clicked" Function='Helper:GotoHelper(&quot;*ExpAssign&quot;);' />
        </Window>
        <Window Type="DefaultWindow" Name="ExpAssign_Frame_Client">
            <Property Name="AbsolutePosition" Value="x:7.000000 y:36.000000" />
            <Property Name="UnifiedSize" Value="{{1.000000,-13.000000},{1.000000,-55.000000}" />
            <Window Type="TLBB_SimpleMulitiTextFrame" Name="ExpAssign_Cur_Info">
                <Property Name="Position" Value="x:0.02 y:0.02" />
                <Property Name="UnifiedSize" Value="{{0.960,0.000000},{0.000000,134.000000}" />
                <Property Name="Text" Value="1111" />
                <Property Name="HorzFormatting" Value="WordWrapLeftAligned" />
                <Property Name="VertFormatting" Value="TopAligned" />
                <Property Name="RiseOnClick" Value="False" />
            </Window>
            <Window Type="TLBB_SimpleText" Name="ExpAssign_Info">
                <Property Name="Position" Value="x:0.02 y:0.60" />
                <Property Name="UnifiedSize" Value="{{0.00,235.000000},{0.000000,20.000000}" />
                <Property Name="TextColor" Value="FFFFF263" />
                <Property Name="Text" Value="#{INTERFACE_XML_528}" />
                <Property Name="HorzFormatting" Value="WordWrapLeftAligned" />
                <Property Name="VertFormatting" Value="VertCentred" />
            </Window>
            <Window Type="TLBB_SimpleText" Name="ExpAssign_Info2">
                <Property Name="Position" Value="x:0.045 y:0.300" />
                <Property Name="UnifiedSize" Value="{{0.000,248.000000},{0.000000,60.000000}" />
                <Property Name="TextColor" Value="FFFFF263" />
                <Property Name="Text" Value="" />
                <Property Name="HorzFormatting" Value="WordWrapLeftAligned" />
                <Property Name="VertFormatting" Value="VertCentred" />
            </Window>
            <Window Type="TLBB_EditBoxNormal" Name="ExpAssign_Moral_Value">
                <Property Name="Position" Value="x:0.024 y:0.718367" />
                <Property Name="UnifiedSize" Value="{{0.73,0.000000},{0.000000,20.000000}" />
                <Property Name="MaxTextLength" Value="32" />
                <Property Name="ValidationString" Value="[0-9]*" />
                <Event Name="TextChanged" Function="ExpAssign_Value_Change();" />
                <Property Name="Text" Value="#{INTERFACE_XML_578}" />
            </Window>
            <Window Type="TLBB_ButtonCommon" Name="ExpAssign_Button_Max">
                <Property Name="Position" Value="x:0.76 y:0.718367" />
                <Property Name="UnifiedSize" Value="{{0.2,0.000000},{0.000000,20.000000}" />
                <Property Name="Text" Value="#{INTERFACE_XML_903}" />
                <Event Name="Clicked" Function="ExpAssign_Button_Max_Click();" />
            </Window>
            <Window Type="TLBB_SimpleText" Name="ExpAssign_Moral_Need">
                <Property Name="UnifiedPosition" Value="{{0.02,0.000000},{1.000000,-44.000000}" />
                <Property Name="UnifiedSize" Value="{{0.96,0.000000},{0.000000,20.000000}" />
                <Property Name="Text" Value="" />
                <Property Name="HorzFormatting" Value="WordWrapLeftAligned" />
                <Property Name="VertFormatting" Value="TopAligned" />
                <Property Name="RiseOnClick" Value="False" />
            </Window>
            <Window Type="TLBB_Frame_Lace5" Name="ExpAssign_Blank">
                <Property Name="UnifiedPosition" Value="{{0.000000,0.000000},{1.000000,-20.000000}" />
                <Property Name="UnifiedSize" Value="{{1.000000,-100.000000},{0.000000,20.000000}" />
            </Window>
            <Window Type="TLBB_ButtonCommon" Name="ExpAssign_Button_Get">
                <Property Name="UnifiedPosition" Value="{{1.000000,-100.000000},{1.000000,-20.000000}" />
                <Property Name="AbsoluteSize" Value="w:60.000000 h:20.000000" />
                <Property Name="Text" Value="#{INTERFACE_XML_442}" />
                <Event Name="Clicked" Function="ExpAssign_Button_Get_Click();" />
            </Window>
            <Window Type="TLBB_ButtonCommon" Name="ExpAssign_Button_Close">
                <Property Name="UnifiedPosition" Value="{{1.000000,-40.000000},{1.000000,-20.000000}" />
                <Property Name="AbsoluteSize" Value="w:40.000000 h:20.000000" />
                <Property Name="Text" Value="#{INTERFACE_XML_302}" />
                <Event Name="Clicked" Function="ExpAssign_Button_Close_Click();" />
            </Window>
        </Window>
    </Window>
</GUILayout>
