<?xml version="1.0" ?>
<Imageset Name="Ach" Imagefile="Common/Ach.tga" NativeHorzRes="1024" NativeVertRes="768" AutoScaled="true">
  <Image Name="Ach_AchButton_Left" XPos="30" YPos="2" Width="15" Height="20" />
  <Image Name="Ach_AchButton_Right" XPos="47" YPos="2" Width="15" Height="20" />
  <Image Name="Ach_AchButton_Mid" XPos="43" YPos="2" Width="1" Height="20" />
  <Image Name="Ach_AchButton_Hov" XPos="76" YPos="2" Width="140" Height="20" />
  <Image Name="Ach_ChengJiu" XPos="0" YPos="48" Width="94" Height="20" />
  <Image Name="Ach_AchIconBack" XPos="103" YPos="46" Width="46" Height="46" />
  <Image Name="Ach_Icon" XPos="1" YPos="90" Width="64" Height="64" />
  <Image Name="Ach_Frame3_B" XPos="222" YPos="2" Width="15" Height="15" />
  <Image Name="Ach_Frame3_BK" XPos="170" YPos="134" Width="44" Height="44" />
  <Image Name="Ach_SceneTran_Frame" XPos="70" YPos="98" Width="176" Height="24" />
  
  <Image Name="Ach_AchHovFrame_Left" XPos="1" YPos="157" Width="52" Height="68" />
  <Image Name="Ach_AchHovFrame_Right" XPos="56" YPos="157" Width="51" Height="68" />
  <Image Name="Ach_AchHovFrame_Mid" XPos="57" YPos="157" Width="1" Height="68" />

  <Image Name="Ach_ButtonMask" XPos="113" YPos="126" Width="34" Height="34" />

  <Image Name="Ach_SlipButtonUp_Nor" XPos="222" YPos="26" Width="13" Height="15" />
  <Image Name="Ach_AchIcon_Cup" XPos="0" YPos="0" Width="0" Height="0" />
  <Image Name="Ach_Geted" XPos="0" YPos="89" Width="44" Height="45" />

  <Image Name="Ach_AchLine_Left" XPos="6" YPos="237" Width="4" Height="10" />
  <Image Name="Ach_AchLine_Mid" XPos="23" YPos="237" Width="1" Height="10" />
  <Image Name="Ach_AchLine_Right" XPos="242" YPos="237" Width="4" Height="10" />
</Imageset>
