<?xml version="1.0" ?>
<Imageset Name="Ach_Icon" Imagefile="Common/Ach_Icon.tga" NativeHorzRes="1024" NativeVertRes="768" AutoScaled="true">
  <Image Name="Ach_Icon_1" XPos="0" YPos="0" Width="60" Height="60" />
  <Image Name="Ach_Icon_2" XPos="60" YPos="0" Width="60" Height="60" />
  <Image Name="Ach_Icon_3" XPos="120" YPos="0" Width="60" Height="60" />
  <Image Name="Ach_Icon_4" XPos="180" YPos="0" Width="60" Height="60" />
  <Image Name="Ach_Icon_5" XPos="0" YPos="60" Width="60" Height="60" />
  <Image Name="Ach_Icon_6" XPos="60" YPos="60" Width="60" Height="60" />
  <Image Name="Ach_Icon_7" XPos="120" YPos="60" Width="60" Height="60" />
  <Image Name="Ach_Icon_8" XPos="180" YPos="60" Width="60" Height="60" />
  <Image Name="Ach_Icon_9" XPos="0" YPos="120" Width="60" Height="60" />
  <Image Name="Ach_Icon_10" XPos="60" YPos="120" Width="60" Height="60" />
  <Image Name="Ach_Icon_11" XPos="120" YPos="120" Width="60" Height="60" />
  <Image Name="Ach_Icon_12" XPos="180" YPos="120" Width="60" Height="60" />
  <Image Name="Ach_Icon_13" XPos="0" YPos="180" Width="60" Height="60" />
  <Image Name="Ach_Icon_14" XPos="60" YPos="180" Width="60" Height="60" />
  <Image Name="Ach_Icon_15" XPos="120" YPos="180" Width="60" Height="60" />
  <Image Name="Ach_Icon_16" XPos="180" YPos="180" Width="60" Height="60" />
</Imageset>
