<?xml version="1.0" ?>
	<Imageset Name="Agname" Imagefile="Common/tga_Agname.dds" NativeHorzRes="1024" NativeVertRes="768" AutoScaled="false">

    <Image Name="Wing_W_L1" XPos="0" YPos="0" Width="23" Height="25" />
    <Image Name="Wing_W_L2" XPos="0" YPos="25" Width="23" Height="25" />
    <Image Name="Wing_W_R1" XPos="23" YPos="0" Width="23" Height="25" />
    <Image Name="Wing_W_R2" XPos="23" YPos="25" Width="23" Height="25" />

    <Image Name="Wing_F_L1" XPos="46" YPos="0" Width="28" Height="15" />
    <Image Name="Wing_F_L2" XPos="46" YPos="15" Width="28" Height="15" />
    <Image Name="Wing_F_L3" XPos="46" YPos="30" Width="28" Height="15" />
    <Image Name="Wing_F_R1" XPos="74" YPos="0" Width="28" Height="15" />
    <Image Name="Wing_F_R2" XPos="74" YPos="15" Width="28" Height="15" />
    <Image Name="Wing_F_R3" XPos="74" YPos="30" Width="28" Height="15" />

    <Image Name="Couple_L1" XPos="102" YPos="0" Width="27" Height="15" />
    <Image Name="Couple_L2" XPos="102" YPos="15" Width="27" Height="15" />
    <Image Name="Couple_R1" XPos="129" YPos="0" Width="27" Height="15" />
    <Image Name="Couple_R2" XPos="129" YPos="15" Width="27" Height="15" />

    <Image Name="Confraternity_1_L1" XPos="156" YPos="0" Width="26" Height="21" />
    <Image Name="Confraternity_1_L2" XPos="156" YPos="21" Width="26" Height="21" />
    <Image Name="Confraternity_1_L3" XPos="156" YPos="42" Width="26" Height="21" />
    <Image Name="Confraternity_1_R1" XPos="182" YPos="0" Width="26" Height="21" />
    <Image Name="Confraternity_1_R2" XPos="182" YPos="21" Width="26" Height="21" />
    <Image Name="Confraternity_1_R3" XPos="182" YPos="42" Width="26" Height="21" />

    <Image Name="Confraternity_2_L1" XPos="208" YPos="0" Width="20" Height="21" />
    <Image Name="Confraternity_2_R1" XPos="228" YPos="0" Width="20" Height="21" />

    <Image Name="Shop_1_L1" XPos="0" YPos="63" Width="19" Height="13" />
    <Image Name="Shop_1_R1" XPos="19" YPos="63" Width="23" Height="14" />

    <Image Name="TS_1_L1" XPos="42" YPos="63" Width="30" Height="19" />
    <Image Name="TS_1_L2" XPos="42" YPos="82" Width="30" Height="19" />
    <Image Name="TS_1_L3" XPos="42" YPos="101" Width="30" Height="19" />
    <Image Name="TS_1_R1" XPos="72" YPos="63" Width="30" Height="19" />
    <Image Name="TS_1_R2" XPos="72" YPos="82" Width="30" Height="19" />
    <Image Name="TS_1_R3" XPos="72" YPos="101" Width="30" Height="19" />

    <Image Name="Confraternity_3_L1" XPos="0" YPos="0" Width="0" Height="0" />
    <Image Name="Confraternity_3_L2" XPos="0" YPos="0" Width="0" Height="0" />
    <Image Name="Confraternity_3_L3" XPos="0" YPos="0" Width="0" Height="0" />
    <Image Name="Confraternity_3_R1" XPos="102" YPos="63" Width="30" Height="45" />
    <Image Name="Confraternity_3_R2" XPos="102" YPos="108" Width="30" Height="45" />
    <Image Name="Confraternity_3_R3" XPos="102" YPos="153" Width="30" Height="45" />

    <Image Name="Confraternity_4_L1" XPos="0" YPos="0" Width="0" Height="0" />
    <Image Name="Confraternity_4_R1" XPos="132" YPos="63" Width="25" Height="22" />

    <Image Name="DaWenHao_L1" XPos="157" YPos="63" Width="30" Height="30" />
    <Image Name="DaWenHao_R1" XPos="187" YPos="63" Width="30" Height="30" />

    <Image Name="Heat_L1" XPos="60" YPos="233" Width="30" Height="23" />
    <Image Name="Heat_L2" XPos="90" YPos="233" Width="30" Height="23" />
    <Image Name="Heat_R1" XPos="0" YPos="233" Width="30" Height="23" />
    <Image Name="Heat_R2" XPos="30" YPos="233" Width="30" Height="23" />


    <Image Name="Xuan_1" XPos="150" YPos="226" Width="30" Height="30" />
    <Image Name="Xuan_2" XPos="180" YPos="226" Width="30" Height="30" />
    <Image Name="Xuan_3" XPos="210" YPos="226" Width="30" Height="30" />
    <Image Name="Xuan_4" XPos="120" YPos="226" Width="30" Height="30" />

    <Image Name="Bian_1" XPos="180" YPos="196" Width="30" Height="30" />
    <Image Name="Bian_2" XPos="210" YPos="196" Width="30" Height="30" />

    <Image Name="Zhan_1" XPos="139" YPos="104" Width="30" Height="30" />
    <Image Name="Zhan_2" XPos="169" YPos="104" Width="30" Height="30" />
    <Image Name="Zhan_3" XPos="139" YPos="134" Width="30" Height="30" />
    <Image Name="Zhan_4" XPos="169" YPos="134" Width="30" Height="30" />
  </Imageset>