<?xml version="1.0" ?>
	<Imageset Name="Button4" Imagefile="Common/Button04.tga" NativeHorzRes="1024" NativeVertRes="768" AutoScaled="false">
		<Image Name="BtnLinGuanPiao_Normal" XPos="1" YPos="1" Width="86" Height="86" />
		<Image Name="BtnLinGuanPiao_Hover" XPos="88" YPos="1" Width="86" Height="86" />		
		<Image Name="BtnLinGuanPiao_Pushed" XPos="1" YPos="88" Width="86" Height="86" />
		<Image Name="BtnLinGuanPiao_Disable" XPos="88" YPos="88" Width="86" Height="86" />
		
		<Image Name="SoftKey_Normal" XPos="175" YPos="0" Width="58" Height="29" />
		<Image Name="SoftKey_Hover" XPos="175" YPos="30" Width="58" Height="29" />	
		<Image Name="SoftKey_Pushed" XPos="175" YPos="61" Width="58" Height="29" />	
		<Image Name="SoftKey_Disable" XPos="175" YPos="92" Width="58" Height="29" />	
		
		<Image Name="BtnEye_Normal" XPos="3" YPos="230" Width="20" Height="22" />
		<Image Name="BtnEye_Hover" XPos="27" YPos="230" Width="20" Height="22" />		
		<Image Name="BtnEye_Disable" XPos="76" YPos="230" Width="20" Height="22" />
		<Image Name="BtnEye_Pushed" XPos="52" YPos="230" Width="20" Height="22" />
		
		<Image Name="BtnSub_Normal" XPos="3" YPos="204" Width="20" Height="22" />
		<Image Name="BtnSub_Hover" XPos="27" YPos="204" Width="20" Height="22" />		
		<Image Name="BtnSub_Disable" XPos="76" YPos="204" Width="20" Height="22" />
		<Image Name="BtnSub_Pushed" XPos="52" YPos="204" Width="20" Height="22" />
		
		<Image Name="BtnDown_Normal" XPos="3" YPos="204" Width="20" Height="22" />
		<Image Name="BtnDown_Hover" XPos="27" YPos="204" Width="20" Height="22" />		
		<Image Name="BtnDown_Disable" XPos="76" YPos="204" Width="20" Height="22" />
		<Image Name="BtnDown_Pushed" XPos="52" YPos="204" Width="20" Height="22" />
		
		<Image Name="BtnN_Normal" XPos="3" YPos="181" Width="20" Height="22" />
		<Image Name="BtnN_Hover" XPos="27" YPos="181" Width="20" Height="22" />		
		<Image Name="BtnN_Disable" XPos="76" YPos="181" Width="20" Height="22" />
		<Image Name="BtnN_Pushed" XPos="52" YPos="181" Width="20" Height="22" />

		<Image Name="BtnQ_Normal" XPos="3" YPos="204" Width="20" Height="22" />
		<Image Name="BtnQ_Hover" XPos="27" YPos="204" Width="20" Height="22" />
		<Image Name="BtnQ_Disable" XPos="76" YPos="204" Width="20" Height="22" />
		<Image Name="BtnQ_Pushed" XPos="52" YPos="204" Width="20" Height="22" />

		<Image Name="BtnLock_Unlock" XPos="240" YPos="0" Width="10" Height="11" />
		<Image Name="BtnLock_lock" XPos="240" YPos="11" Width="10" Height="11" />
		<Image Name="BtnLock_Disable" XPos="145" YPos="0" Width="24" Height="23" />
		<Image Name="BtnLock_Red" XPos="145" YPos="23" Width="24" Height="23" />
		<Image Name="BtnLock_Green" XPos="145" YPos="46" Width="24" Height="23" />
		<Image Name="BtnLock_Pushed" XPos="145" YPos="69" Width="24" Height="23" />
		
		<Image Name="ModePeace" XPos="181" YPos="129" Width="32" Height="32" />
		<Image Name="ModeWar" XPos="180" YPos="162" Width="32" Height="32" />

		<Image Name="Dragon_Head" XPos="145" YPos="194" Width="114" Height="62" />
		<Image Name="Dragon_HClaw_Left" XPos="125" YPos="177" Width="19" Height="18" />
		<Image Name="Dragon_HClaw_Rigth" XPos="102" YPos="178" Width="19" Height="18" />
		<Image Name="Dragon_VClaw_Left" XPos="100" YPos="231" Width="15" Height="19" />
		<Image Name="Dragon_VClaw_Rigth" XPos="120" YPos="231" Width="15" Height="19" />

		<Image Name="RedLine" XPos="244" YPos="98" Width="5" Height="83" />

		<Image Name="MiniMap_AutoSearch_Normal" XPos="0" YPos="0" Width="77" Height="40" />
		<Image Name="MiniMap_AutoSearch_Hover" XPos="0" YPos="40" Width="77" Height="40" />		
		<Image Name="MiniMap_AutoSearch_Pushed" XPos="0" YPos="80" Width="77" Height="40" />

		<Image Name="MiniMap_JiangHu_Normal" XPos="0" YPos="121" Width="30" Height="30" />
		<Image Name="MiniMap_JiangHu_Pushed" XPos="31" YPos="121" Width="30" Height="30" />		
		<Image Name="MiniMap_JiangHu_Hover" XPos="62" YPos="121" Width="30" Height="30" />

    <Image Name="BtnServer_Left_Normal" XPos="79" YPos="0" Width="8" Height="25" />
    <Image Name="BtnServer_Mid_Normal" XPos="87" YPos="0" Width="5" Height="25" />
    <Image Name="BtnServer_Right_Normal" XPos="92" YPos="0" Width="48" Height="25" />
    <Image Name="BtnServer_Left_Pushed" XPos="79" YPos="25" Width="8" Height="25" />
    <Image Name="BtnServer_Mid_Pushed" XPos="87" YPos="25" Width="5" Height="25" />
    <Image Name="BtnServer_Right_Pushed" XPos="92" YPos="25" Width="48" Height="25" />
    <Image Name="BtnServer_Left_Hover" XPos="79" YPos="25" Width="8" Height="25" />
    <Image Name="BtnServer_Mid_Hover" XPos="87" YPos="25" Width="5" Height="25" />
    <Image Name="BtnServer_Right_Hover" XPos="92" YPos="25" Width="48" Height="25" />
    <Image Name="BtnServer_Left_Disable" XPos="79" YPos="50" Width="8" Height="25" />
    <Image Name="BtnServer_Mid_Disable" XPos="87" YPos="50" Width="5" Height="25" />
    <Image Name="BtnServer_Right_Disable" XPos="92" YPos="50" Width="48" Height="25" />

    <Image Name="BtnCommon_Green_Left_Normal" XPos="80" YPos="155" Width="10" Height="21" />
    <Image Name="BtnCommon_Green_Mid_Normal" XPos="90" YPos="155" Width="19" Height="21" />
    <Image Name="BtnCommon_Green_Right_Normal" XPos="109" YPos="155" Width="10" Height="21" />
    <Image Name="BtnCommon_Green_Left_Pushed" XPos="40" YPos="155" Width="10" Height="21" />
    <Image Name="BtnCommon_Green_Mid_Pushed" XPos="50" YPos="155" Width="19" Height="21" />
    <Image Name="BtnCommon_Green_Right_Pushed" XPos="69" YPos="155" Width="10" Height="21" />
    <Image Name="BtnCommon_Green_Left_Hover" XPos="0" YPos="155" Width="10" Height="21" />
    <Image Name="BtnCommon_Green_Mid_Hover" XPos="10" YPos="155" Width="19" Height="21" />
    <Image Name="BtnCommon_Green_Right_Hover" XPos="29" YPos="155" Width="10" Height="21" />
    <Image Name="BtnCommon_Purple_Left_Pushed" XPos="79" YPos="75" Width="10" Height="21" />
    <Image Name="BtnCommon_Purple_Mid_Pushed" XPos="89" YPos="75" Width="19" Height="21" />
    <Image Name="BtnCommon_Purple_Right_Pushed" XPos="108" YPos="75" Width="10" Height="21" />
		
    <Image Name="BtnCommon_Server_Left_Normal" XPos="120" YPos="113" Width="10" Height="21" />
    <Image Name="BtnCommon_Server_Mid_Normal" XPos="130" YPos="113" Width="19" Height="21" />
    <Image Name="BtnCommon_Server_Right_Normal" XPos="149" YPos="113" Width="10" Height="21" />
    <Image Name="BtnCommon_Server_Left_Pushed" XPos="120" YPos="134" Width="10" Height="21" />
    <Image Name="BtnCommon_Server_Mid_Pushed" XPos="130" YPos="134" Width="19" Height="21" />
    <Image Name="BtnCommon_Server_Right_Pushed" XPos="149" YPos="134" Width="10" Height="21" />
    <Image Name="BtnCommon_Server_Left_Hover" XPos="120" YPos="155" Width="10" Height="21" />
    <Image Name="BtnCommon_Server_Mid_Hover" XPos="130" YPos="155" Width="19" Height="21" />
    <Image Name="BtnCommon_Server_Right_Hover" XPos="149" YPos="155" Width="10" Height="21" />

    <Image Name="BtnCommon2_Server_Left_Normal" XPos="120" YPos="92" Width="10" Height="21" />
    <Image Name="BtnCommon2_Server_Mid_Normal" XPos="130" YPos="92" Width="19" Height="21" />
    <Image Name="BtnCommon2_Server_Right_Normal" XPos="149" YPos="92" Width="10" Height="21" />
    <Image Name="BtnCommon2_Server_Left_Hover" XPos="79" YPos="96" Width="10" Height="21" />
    <Image Name="BtnCommon2_Server_Mid_Hover" XPos="89" YPos="96" Width="19" Height="21" />
    <Image Name="BtnCommon2_Server_Right_Hover" XPos="108" YPos="96" Width="10" Height="21" />

    <Image Name="ToukuiIcon" XPos="101" YPos="204" Width="10" Height="10" />
    <Image Name="DadaoIcon" XPos="114" YPos="204" Width="10" Height="10" />
	</Imageset>