<?xml version="1.0" ?>
	<Imageset Name="Button8" Imagefile="Common/tga_Button08.dds" NativeHorzRes="1024" NativeVertRes="768" AutoScaled="false">

		<Image Name="MiniMap_AutoSearch_Normal" XPos="0" YPos="0" Width="88" Height="53" />
		<Image Name="MiniMap_AutoSearch_Hover" XPos="0" YPos="53" Width="88" Height="53" />		
		<Image Name="MiniMap_AutoSearch_Pushed" XPos="0" YPos="106" Width="88" Height="53" />

    <Image Name="Tuijian_Area_Left_Normal" XPos="79" YPos="232" Width="12" Height="23" />
    <Image Name="Tuijian_Area_Mid_Normal" XPos="100" YPos="232" Width="19" Height="23" />
    <Image Name="Tuijian_Area_Right_Normal" XPos="187" YPos="232" Width="12" Height="23" />
    
    <Image Name="Tuijian_Area_Left_Hover" XPos="79" YPos="205" Width="12" Height="23" />
    <Image Name="Tuijian_Area_Mid_Hover" XPos="100" YPos="205" Width="19" Height="23" />
    <Image Name="Tuijian_Area_Right_Hover" XPos="187" YPos="205" Width="12" Height="23" />

    <Image Name="Huodongricheng_Next_Hover" XPos="150" YPos="0" Width="106" Height="44" />
    <Image Name="Huodongricheng_Next_Pushed" XPos="150" YPos="46" Width="106" Height="44" />
    <Image Name="Huodongricheng_Next_Normal" XPos="150" YPos="92" Width="106" Height="44" />
    <Image Name="Huodongricheng_Next_Disabled" XPos="150" YPos="138" Width="106" Height="44" />

    <Image Name="Minibtn_Hover" XPos="0" YPos="202" Width="18" Height="18" />
    <Image Name="Minibtn_Pushed" XPos="0" YPos="220" Width="18" Height="18" />
    <Image Name="Minibtn_Normal" XPos="0" YPos="238" Width="18" Height="18" />
    <Image Name="Minibtn_Disabled" XPos="0" YPos="184" Width="18" Height="18" />
    
    <!--玩家交流强化用界面图标-->
    <Image Name="IM_Star" XPos="21" YPos="228" Width="16" Height="16" />
    <Image Name="IM_Moon" XPos="21" YPos="212" Width="16" Height="16" />
    <Image Name="IM_Sun" XPos="21" YPos="196" Width="16" Height="16" />

    <Image Name="IM_M_Online" XPos="230" YPos="236" Width="24" Height="20" />
    <Image Name="IM_M_Offline" XPos="208" YPos="236" Width="24" Height="20" />
    <Image Name="IM_M_Busy" XPos="230" YPos="216" Width="24" Height="20" />
    <Image Name="IM_M_Leave" XPos="230" YPos="196" Width="24" Height="20" />

    <Image Name="IM_F_Online" XPos="208" YPos="216" Width="24" Height="20" />
    <Image Name="IM_F_Offline" XPos="52" YPos="216" Width="24" Height="20" />
    <Image Name="IM_F_Busy" XPos="208" YPos="196" Width="24" Height="20" />
    <Image Name="IM_F_Leave" XPos="52" YPos="236" Width="24" Height="20" />
    
    <Image Name="IM_GroupOwner" XPos="76" YPos="176" Width="24" Height="20" />
    <Image Name="IM_GroupOwner_Offline" XPos="52" YPos="176" Width="24" Height="20" />
    <Image Name="IM_Shield" XPos="52" YPos="196" Width="24" Height="20" />
    <Image Name="IM_GroupOwnerShield" XPos="99" YPos="176" Width="24" Height="20" />
  </Imageset>