<?xml version="1.0" ?>
	<Imageset Name="CommonFrame12" Imagefile="Common/CommonFrame12.tga" NativeHorzRes="1024" NativeVertRes="768" AutoScaled="false">
    <Image Name="Server_3_1" XPos="0" YPos="0" Width="100" Height="22" />
    <Image Name="Server_3_2" XPos="0" YPos="22" Width="100" Height="22" />
    <Image Name="Server_3_3" XPos="0" YPos="44" Width="100" Height="22" />
    <Image Name="Server_3_4" XPos="0" YPos="66" Width="100" Height="22" />
    <Image Name="Server_3_5" XPos="0" YPos="88" Width="100" Height="22" />
    <Image Name="Server_2_1" XPos="0" YPos="110" Width="100" Height="22" />
    <Image Name="Server_2_2" XPos="0" YPos="132" Width="100" Height="22" />
    <Image Name="Server_2_3" XPos="0" YPos="154" Width="100" Height="22" />
    <Image Name="Server_2_4" XPos="0" YPos="176" Width="100" Height="22" />
    <Image Name="Server_2_5" XPos="0" YPos="198" Width="100" Height="22" />
    <Image Name="Server_1_1" XPos="0" YPos="220" Width="100" Height="22" />
    <Image Name="Server_1_2" XPos="100" YPos="0" Width="100" Height="22" />
    <Image Name="Server_1_3" XPos="100" YPos="22" Width="100" Height="22" />
    <Image Name="Server_1_4" XPos="100" YPos="44" Width="100" Height="22" />
    <Image Name="Server_1_5" XPos="100" YPos="66" Width="100" Height="22" />
    <Image Name="Server_Last_3_1" XPos="100" YPos="88" Width="120" Height="22" />
    <Image Name="Server_Last_3_2" XPos="100" YPos="110" Width="120" Height="22" />
    <Image Name="Server_Last_3_3" XPos="100" YPos="132" Width="120" Height="22" />
    <Image Name="Server_Last_3_4" XPos="100" YPos="154" Width="120" Height="22" />
    <Image Name="Server_Last_3_5" XPos="100" YPos="176" Width="120" Height="22" />
    <Image Name="Server_Last_2_1" XPos="100" YPos="198" Width="120" Height="22" />
    <Image Name="Server_Last_2_2" XPos="100" YPos="220" Width="120" Height="22" />

    
	</Imageset>