<?xml version="1.0" ?>
<Imageset Name="CommonFrame7" Imagefile="Common/tga_CommonFrame7.dds" NativeHorzRes="1024" NativeVertRes="768"	AutoScaled="false">
  <Image Name="XingYunFrame_UpLeft" XPos="5" YPos="8" Width="46" Height="42" />
  <Image Name="XingYunFrame_UpMiddle" XPos="51" YPos="8" Width="40" Height="42" />
  <Image Name="XingYunFrame_UpRight" XPos="91" YPos="8" Width="46" Height="42" />
  
  <Image Name="XingYunFrame_MiddleLeft" XPos="5" YPos="50" Width="18" Height="12" />
  <Image Name="XingYunFrame_MiddleRight" XPos="119" YPos="50" Width="18" Height="12" />

  <Image Name="XingYunFrame_DownLeft" XPos="5" YPos="62" Width="46" Height="15" />
  <Image Name="XingYunFrame_DownMiddle" XPos="51" YPos="62" Width="40" Height="15" />
  <Image Name="XingYunFrame_DownRight" XPos="91" YPos="62" Width="46" Height="15" />

  <Image Name="SelectHead_Frame" XPos="145" YPos="18" Width="54" Height="54" />
  
  <Image Name="XunIcon_A1" XPos="2" YPos="79" Width="30" Height="30" />
  <Image Name="XunIcon_A2" XPos="34" YPos="79" Width="30" Height="30" />
  <Image Name="XunIcon_A3" XPos="66" YPos="79" Width="30" Height="30" />
  <Image Name="XunIcon_A4" XPos="98" YPos="79" Width="30" Height="30" />

  <Image Name="XunIcon_B1" XPos="130" YPos="79" Width="20" Height="20" />
  <Image Name="XunIcon_B2" XPos="152" YPos="79" Width="20" Height="20" />
  <Image Name="XunIcon_B3" XPos="174" YPos="79" Width="20" Height="20" />
  <Image Name="XunIcon_B4" XPos="196" YPos="79" Width="20" Height="20" />

  <Image Name="PetEquip_Hufu" XPos="0" YPos="111" Width="36" Height="36" />
  <Image Name="PetEquip_Qugan" XPos="39" YPos="111" Width="36" Height="36" />
  <Image Name="PetEquip_Tou" XPos="78" YPos="111" Width="36" Height="36" />
  <Image Name="PetEquip_Xiangquan" XPos="117" YPos="111" Width="36" Height="36" />
  <Image Name="PetEquip_Zhua" XPos="156" YPos="111" Width="36" Height="36" />

  <Image Name="Phoenix_Qi" XPos="228" YPos="230" Width="28" Height="26" />
  <Image Name="Phoenix_BlackStone" XPos="166" YPos="225" Width="20" Height="31" />
  <Image Name="Phoenix_RedStone" XPos="208" YPos="225" Width="20" Height="31" />
  <Image Name="Phoenix_BlueStone" XPos="187" YPos="225" Width="20" Height="31" />
  <Image Name="FenYe2Btn_Left_Normal" XPos="202" YPos="183" Width="9" Height="24" />
  <Image Name="FenYe2Btn_Mid_Normal" XPos="210" YPos="183" Width="20" Height="24" />
  <Image Name="FenYe2Btn_Right_Normal" XPos="229" YPos="183" Width="16" Height="24" />
  <Image Name="FenYe2Btn_Left_Pushed" XPos="202" YPos="159" Width="9" Height="24" />
  <Image Name="FenYe2Btn_Mid_Pushed" XPos="210" YPos="159" Width="20" Height="24" />
  <Image Name="FenYe2Btn_Right_Pushed" XPos="229" YPos="159" Width="16" Height="24" />
  <Image Name="FenYe2Btn_Left_Hover" XPos="202" YPos="135" Width="9" Height="24" />
  <Image Name="FenYe2Btn_Mid_Hover" XPos="210" YPos="135" Width="20" Height="24" />
  <Image Name="FenYe2Btn_Right_Hover" XPos="229" YPos="135" Width="16" Height="24" />
  <Image Name="FenYe2Btn_Left_Disable" XPos="202" YPos="111" Width="9" Height="24" />
  <Image Name="FenYe2Btn_Mid_Disable" XPos="210" YPos="111" Width="20" Height="24" />
  <Image Name="FenYe2Btn_Right_Disable" XPos="229" YPos="111" Width="16" Height="24" />
  
  <Image Name="Phoenix_Fenghuang" XPos="0" YPos="150" Width="153" Height="51" />

  <Image Name="WuhunEquip" XPos="156" YPos="150" Width="36" Height="36" />

  <Image Name="PhoenixQishou" XPos="243" YPos="30" Width="13" Height="13" />

  <Image Name="OlKefu_Disable" XPos="65" YPos="234" Width="20" Height="22" />
  <Image Name="OlKefu_Pushed" XPos="85" YPos="234" Width="20" Height="22" />
  <Image Name="OlKefu_Hover" XPos="105" YPos="234" Width="20" Height="22" />
  <Image Name="OlKefu_Normal" XPos="125" YPos="234" Width="20" Height="22" />
</Imageset>