<?xml version="1.0" ?>
	<Imageset Name="CommonFrame13" Imagefile="Common/CommonFrame13.tga" NativeHorzRes="1024" NativeVertRes="768" AutoScaled="false">
    <Image Name="Server_Last_2_3" XPos="0" YPos="0" Width="120" Height="22" />
    <Image Name="Server_Last_2_4" XPos="0" YPos="22" Width="120" Height="22" />
    <Image Name="Server_Last_2_5" XPos="0" YPos="44" Width="120" Height="22" />
    <Image Name="Server_Last_1_1" XPos="0" YPos="66" Width="120" Height="22" />
    <Image Name="Server_Last_1_2" XPos="120" YPos="0" Width="120" Height="22" />
    <Image Name="Server_Last_1_3" XPos="120" YPos="22" Width="120" Height="22" />
    <Image Name="Server_Last_1_4" XPos="120" YPos="44" Width="120" Height="22" />
    <Image Name="Server_Last_1_5" XPos="120" YPos="66" Width="120" Height="22" />
    <Image Name="Subarea_3_1" XPos="0" YPos="88" Width="173" Height="23" />
    <Image Name="Subarea_3_2" XPos="0" YPos="111" Width="173" Height="23" />
    <Image Name="Subarea_3_3" XPos="0" YPos="134" Width="173" Height="23" />
    <Image Name="Subarea_3_4" XPos="0" YPos="157" Width="173" Height="23" />
    <Image Name="Subarea_3_5" XPos="0" YPos="180" Width="173" Height="23" />
    <Image Name="Subarea_2_1" XPos="0" YPos="203" Width="173" Height="23" />
    <Image Name="Subarea_2_2" XPos="0" YPos="226" Width="173" Height="23" />
	</Imageset>