<?xml version="1.0" ?>
	<Imageset Name="CommonFrame10" Imagefile="Common/tga_CommonFrame10.dds" NativeHorzRes="1024" NativeVertRes="768" AutoScaled="false">
    <Image Name="Gaoliang" XPos="0" YPos="0" Width="127" Height="106" />

    <Image Name="GLine_S1" XPos="0" YPos="118" Width="35" Height="40" />
    <Image Name="GLine_S2" XPos="54" YPos="118" Width="35" Height="40" />
    <Image Name="GLine_S3" XPos="0" YPos="170" Width="35" Height="40" />
    <Image Name="GLine_S4" XPos="54" YPos="170" Width="35" Height="40" />
    <Image Name="GLine_L1" XPos="151" YPos="0" Width="35" Height="90" />
    <Image Name="GLine_L2" XPos="205" YPos="0" Width="35" Height="90" />
    <Image Name="GLine_L3" XPos="151" YPos="102" Width="35" Height="90" />
    <Image Name="GLine_L4" XPos="205" YPos="102" Width="35" Height="90" />
    <Image Name="Cup_Icon" XPos="101" YPos="196" Width="40" Height="60" />
    
	</Imageset>