<Imageset Name="Face_12" Imagefile="Common/tga_12.dds" NativeHorzRes="1024" NativeVertRes="768" AutoScaled="true">
	<Image Name="154.gif_00" XPos="0" YPos="0" Width="32" Height="32" />
	<Image Name="154.gif_01" XPos="32" YPos="0" Width="32" Height="32" />
	<Image Name="154.gif_02" XPos="64" YPos="0" Width="32" Height="32" />
	<Image Name="154.gif_03" XPos="96" YPos="0" Width="32" Height="32" />
	<Image Name="154.gif_04" XPos="128" YPos="0" Width="32" Height="32" />
	<Image Name="154.gif_05" XPos="160" YPos="0" Width="32" Height="32" />
	<Image Name="154.gif_06" XPos="192" YPos="0" Width="32" Height="32" />
	<Image Name="154.gif_07" XPos="224" YPos="0" Width="32" Height="32" />
	<Image Name="154.gif_08" XPos="0" YPos="32" Width="32" Height="32" />
	<Image Name="154.gif_09" XPos="32" YPos="32" Width="32" Height="32" />
	<Image Name="154.gif_10" XPos="64" YPos="32" Width="32" Height="32" />
	<Image Name="154.gif_11" XPos="96" YPos="32" Width="32" Height="32" />
	<Image Name="155.gif_00" XPos="128" YPos="32" Width="32" Height="32" />
	<Image Name="155.gif_01" XPos="160" YPos="32" Width="32" Height="32" />
	<Image Name="156.gif_00" XPos="192" YPos="32" Width="32" Height="32" />
	<Image Name="156.gif_01" XPos="224" YPos="32" Width="32" Height="32" />
	<Image Name="156.gif_02" XPos="0" YPos="64" Width="32" Height="32" />
	<Image Name="156.gif_03" XPos="32" YPos="64" Width="32" Height="32" />
	<Image Name="156.gif_04" XPos="64" YPos="64" Width="32" Height="32" />
	<Image Name="156.gif_05" XPos="96" YPos="64" Width="32" Height="32" />
	<Image Name="157.gif_00" XPos="128" YPos="64" Width="32" Height="32" />
	<Image Name="157.gif_01" XPos="160" YPos="64" Width="32" Height="32" />
	<Image Name="157.gif_02" XPos="192" YPos="64" Width="32" Height="32" />
	<Image Name="157.gif_03" XPos="224" YPos="64" Width="32" Height="32" />
	<Image Name="157.gif_04" XPos="0" YPos="96" Width="32" Height="32" />
	<Image Name="157.gif_05" XPos="32" YPos="96" Width="32" Height="32" />
	<Image Name="157.gif_06" XPos="64" YPos="96" Width="32" Height="32" />
	<Image Name="157.gif_07" XPos="96" YPos="96" Width="32" Height="32" />
	<Image Name="157.gif_08" XPos="128" YPos="96" Width="32" Height="32" />
	<Image Name="157.gif_09" XPos="160" YPos="96" Width="32" Height="32" />
	<Image Name="157.gif_10" XPos="192" YPos="96" Width="32" Height="32" />
	<Image Name="157.gif_11" XPos="224" YPos="96" Width="32" Height="32" />
	<Image Name="158.gif_00" XPos="0" YPos="128" Width="32" Height="32" />
	<Image Name="158.gif_01" XPos="32" YPos="128" Width="32" Height="32" />
	<Image Name="158.gif_02" XPos="64" YPos="128" Width="32" Height="32" />
	<Image Name="158.gif_03" XPos="96" YPos="128" Width="32" Height="32" />
	<Image Name="159.gif_00" XPos="128" YPos="128" Width="32" Height="32" />
	<Image Name="159.gif_01" XPos="160" YPos="128" Width="32" Height="32" />
	<Image Name="159.gif_02" XPos="192" YPos="128" Width="32" Height="32" />
	<Image Name="160.gif_00" XPos="224" YPos="128" Width="32" Height="32" />
	<Image Name="160.gif_01" XPos="0" YPos="160" Width="32" Height="32" />
	<Image Name="160.gif_02" XPos="32" YPos="160" Width="32" Height="32" />
  <Image Name="161.gif_00" XPos="64" YPos="160" Width="32" Height="32" />
  <Image Name="161.gif_01" XPos="96" YPos="160" Width="32" Height="32" />
  <Image Name="162.gif_00" XPos="128" YPos="160" Width="32" Height="32" />
  <Image Name="162.gif_01" XPos="160" YPos="160" Width="32" Height="32" />
  <Image Name="162.gif_02" XPos="192" YPos="160" Width="32" Height="32" />
  <Image Name="162.gif_03" XPos="224" YPos="160" Width="32" Height="32" />
  <Image Name="162.gif_04" XPos="0" YPos="192" Width="32" Height="32" />
  <Image Name="163.gif_00" XPos="32" YPos="192" Width="32" Height="32" />
  <Image Name="163.gif_01" XPos="64" YPos="192" Width="32" Height="32" />
  <Image Name="164.gif_00" XPos="96" YPos="192" Width="32" Height="32" />
  <Image Name="164.gif_01" XPos="128" YPos="192" Width="32" Height="32" />
  <Image Name="164.gif_02" XPos="160" YPos="192" Width="32" Height="32" />
  <Image Name="164.gif_03" XPos="192" YPos="192" Width="32" Height="32" />
  <Image Name="164.gif_04" XPos="224" YPos="192" Width="32" Height="32" />
  <Image Name="164.gif_05" XPos="0" YPos="224" Width="32" Height="32" />
  <Image Name="165.gif_00" XPos="32" YPos="224" Width="32" Height="32" />
  <Image Name="165.gif_01" XPos="64" YPos="224" Width="32" Height="32" />
  <Image Name="165.gif_02" XPos="96" YPos="224" Width="32" Height="32" />
  <Image Name="165.gif_03" XPos="128" YPos="224" Width="32" Height="32" />
  <Image Name="166.gif_00" XPos="160" YPos="224" Width="32" Height="32" />
  <Image Name="166.gif_01" XPos="192" YPos="224" Width="32" Height="32" />
  <Image Name="167.gif_00" XPos="224" YPos="224" Width="32" Height="32" />
</Imageset>
