<Imageset Name="Face_09" Imagefile="Common/tga_09.dds" NativeHorzRes="1024" NativeVertRes="768" AutoScaled="true">
	<Image Name="122.gif_00" XPos="0" YPos="0" Width="32" Height="32" />
	<Image Name="122.gif_01" XPos="32" YPos="0" Width="32" Height="32" />
	<Image Name="123.gif_00" XPos="64" YPos="0" Width="32" Height="32" />
	<Image Name="123.gif_01" XPos="96" YPos="0" Width="32" Height="32" />
	<Image Name="123.gif_02" XPos="128" YPos="0" Width="32" Height="32" />
	<Image Name="123.gif_03" XPos="160" YPos="0" Width="32" Height="32" />
	<Image Name="123.gif_04" XPos="192" YPos="0" Width="32" Height="32" />
	<Image Name="123.gif_05" XPos="224" YPos="0" Width="32" Height="32" />
	<Image Name="123.gif_06" XPos="0" YPos="32" Width="32" Height="32" />
	<Image Name="123.gif_07" XPos="32" YPos="32" Width="32" Height="32" />
	<Image Name="123.gif_08" XPos="64" YPos="32" Width="32" Height="32" />
	<Image Name="123.gif_09" XPos="96" YPos="32" Width="32" Height="32" />
	<Image Name="123.gif_10" XPos="128" YPos="32" Width="32" Height="32" />
	<Image Name="124.gif_00" XPos="160" YPos="32" Width="32" Height="32" />
	<Image Name="124.gif_01" XPos="192" YPos="32" Width="32" Height="32" />
	<Image Name="125.gif_00" XPos="224" YPos="32" Width="32" Height="32" />
	<Image Name="125.gif_01" XPos="0" YPos="64" Width="32" Height="32" />
	<Image Name="125.gif_02" XPos="32" YPos="64" Width="32" Height="32" />
	<Image Name="125.gif_03" XPos="64" YPos="64" Width="32" Height="32" />
	<Image Name="125.gif_04" XPos="96" YPos="64" Width="32" Height="32" />
	<Image Name="125.gif_05" XPos="128" YPos="64" Width="32" Height="32" />
	<Image Name="125.gif_06" XPos="160" YPos="64" Width="32" Height="32" />
	<Image Name="125.gif_07" XPos="192" YPos="64" Width="32" Height="32" />
	<Image Name="126.gif_00" XPos="224" YPos="64" Width="32" Height="32" />
	<Image Name="126.gif_01" XPos="0" YPos="96" Width="32" Height="32" />
	<Image Name="127.gif_00" XPos="32" YPos="96" Width="32" Height="32" />
	<Image Name="127.gif_01" XPos="64" YPos="96" Width="32" Height="32" />
	<Image Name="128.gif_00" XPos="96" YPos="96" Width="32" Height="32" />
	<Image Name="128.gif_01" XPos="128" YPos="96" Width="32" Height="32" />
	<Image Name="128.gif_02" XPos="160" YPos="96" Width="32" Height="32" />
	<Image Name="128.gif_03" XPos="192" YPos="96" Width="32" Height="32" />
	<Image Name="128.gif_04" XPos="224" YPos="96" Width="32" Height="32" />
	<Image Name="129.gif_00" XPos="0" YPos="128" Width="32" Height="32" />
	<Image Name="129.gif_01" XPos="32" YPos="128" Width="32" Height="32" />
	<Image Name="129.gif_02" XPos="64" YPos="128" Width="32" Height="32" />
	<Image Name="129.gif_03" XPos="96" YPos="128" Width="32" Height="32" />
	<Image Name="130.gif_00" XPos="128" YPos="128" Width="32" Height="32" />
	<Image Name="130.gif_01" XPos="160" YPos="128" Width="32" Height="32" />
	<Image Name="130.gif_02" XPos="192" YPos="128" Width="32" Height="32" />
	<Image Name="131.gif_00" XPos="224" YPos="128" Width="32" Height="32" />
	<Image Name="131.gif_01" XPos="0" YPos="160" Width="32" Height="32" />
	<Image Name="131.gif_02" XPos="32" YPos="160" Width="32" Height="32" />
  <Image Name="132.gif_00" XPos="64" YPos="160" Width="32" Height="32" />
  <Image Name="132.gif_01" XPos="96" YPos="160" Width="32" Height="32" />
  <Image Name="133.gif_00" XPos="128" YPos="160" Width="32" Height="32" />
  <Image Name="133.gif_01" XPos="160" YPos="160" Width="32" Height="32" />
  <Image Name="133.gif_02" XPos="192" YPos="160" Width="32" Height="32" />
  <Image Name="133.gif_03" XPos="224" YPos="160" Width="32" Height="32" />
  <Image Name="134.gif_00" XPos="0" YPos="192" Width="32" Height="32" />
  <Image Name="134.gif_01" XPos="32" YPos="192" Width="32" Height="32" />
  <Image Name="134.gif_02" XPos="64" YPos="192" Width="32" Height="32" />
  <Image Name="134.gif_03" XPos="96" YPos="192" Width="32" Height="32" />
  <Image Name="134.gif_04" XPos="128" YPos="192" Width="32" Height="32" />
  <Image Name="134.gif_05" XPos="160" YPos="192" Width="32" Height="32" />
  <Image Name="134.gif_06" XPos="192" YPos="192" Width="32" Height="32" />
  <Image Name="134.gif_07" XPos="224" YPos="192" Width="32" Height="32" />
  <Image Name="135.gif_00" XPos="0" YPos="224" Width="32" Height="32" />
  <Image Name="135.gif_01" XPos="32" YPos="224" Width="32" Height="32" />
</Imageset>
