<Imageset Name="Face_05" Imagefile="Common/tga_05.dds" NativeHorzRes="1024" NativeVertRes="768" AutoScaled="true">
	<Image Name="60.gif_00" XPos="0" YPos="6" Width="25" Height="25" />
	<Image Name="60.gif_01" XPos="25" YPos="6" Width="25" Height="25" />
	<Image Name="60.gif_02" XPos="50" YPos="6" Width="25" Height="25" />
	<Image Name="60.gif_03" XPos="75" YPos="6" Width="25" Height="25" />
	<Image Name="60.gif_04" XPos="100" YPos="6" Width="25" Height="25" />
	<Image Name="61.gif_00" XPos="125" YPos="6" Width="25" Height="25" />
	<Image Name="61.gif_01" XPos="150" YPos="6" Width="25" Height="25" />
	<Image Name="61.gif_02" XPos="175" YPos="6" Width="25" Height="25" />
	<Image Name="61.gif_03" XPos="200" YPos="6" Width="25" Height="25" />
	<Image Name="62.gif_00" XPos="225" YPos="6" Width="25" Height="25" />
	<Image Name="62.gif_01" XPos="0" YPos="31" Width="25" Height="25" />
	<Image Name="62.gif_02" XPos="25" YPos="31" Width="25" Height="25" />
	<Image Name="62.gif_03" XPos="50" YPos="31" Width="25" Height="25" />
	<Image Name="63.gif_00" XPos="75" YPos="31" Width="25" Height="25" />
	<Image Name="63.gif_01" XPos="100" YPos="31" Width="25" Height="25" />
	<Image Name="64.gif_00" XPos="125" YPos="31" Width="25" Height="25" />
	<Image Name="64.gif_01" XPos="150" YPos="31" Width="25" Height="25" />
	<Image Name="64.gif_02" XPos="175" YPos="31" Width="25" Height="25" />
	<Image Name="64.gif_03" XPos="200" YPos="31" Width="25" Height="25" />
	<Image Name="64.gif_04" XPos="225" YPos="31" Width="25" Height="25" />
	<Image Name="64.gif_05" XPos="0" YPos="56" Width="25" Height="25" />
	<Image Name="64.gif_06" XPos="25" YPos="56" Width="25" Height="25" />
	<Image Name="64.gif_07" XPos="50" YPos="56" Width="25" Height="25" />
	<Image Name="64.gif_08" XPos="75" YPos="56" Width="25" Height="25" />
	<Image Name="65.gif_00" XPos="100" YPos="56" Width="25" Height="25" />
	<Image Name="65.gif_01" XPos="125" YPos="56" Width="25" Height="25" />
	<Image Name="65.gif_02" XPos="150" YPos="56" Width="25" Height="25" />
	<Image Name="65.gif_03" XPos="175" YPos="56" Width="25" Height="25" />
	<Image Name="65.gif_04" XPos="200" YPos="56" Width="25" Height="25" />
	<Image Name="66.gif_00" XPos="225" YPos="56" Width="25" Height="25" />
	<Image Name="66.gif_01" XPos="0" YPos="81" Width="25" Height="25" />
	<Image Name="66.gif_02" XPos="25" YPos="81" Width="25" Height="25" />
	<Image Name="67.gif_00" XPos="50" YPos="81" Width="25" Height="25" />
	<Image Name="67.gif_01" XPos="75" YPos="81" Width="25" Height="25" />
	<Image Name="67.gif_02" XPos="100" YPos="81" Width="25" Height="25" />
	<Image Name="67.gif_03" XPos="125" YPos="81" Width="25" Height="25" />
	<Image Name="68.gif_00" XPos="150" YPos="81" Width="25" Height="25" />
	<Image Name="68.gif_01" XPos="175" YPos="81" Width="25" Height="25" />
	<Image Name="68.gif_02" XPos="200" YPos="81" Width="25" Height="25" />
	<Image Name="68.gif_03" XPos="225" YPos="81" Width="25" Height="25" />
	<Image Name="69.gif_00" XPos="0" YPos="106" Width="25" Height="25" />
	<Image Name="69.gif_01" XPos="25" YPos="106" Width="25" Height="25" />
	<Image Name="69.gif_02" XPos="50" YPos="106" Width="25" Height="25" />
	<Image Name="69.gif_03" XPos="75" YPos="106" Width="25" Height="25" />
	<Image Name="69.gif_04" XPos="100" YPos="106" Width="25" Height="25" />
	<Image Name="70.gif_00" XPos="125" YPos="106" Width="25" Height="25" />
	<Image Name="70.gif_01" XPos="150" YPos="106" Width="25" Height="25" />
	<Image Name="71.gif_00" XPos="175" YPos="106" Width="25" Height="25" />
	<Image Name="71.gif_01" XPos="200" YPos="106" Width="25" Height="25" />
	<Image Name="71.gif_02" XPos="225" YPos="106" Width="25" Height="25" />
	<Image Name="71.gif_03" XPos="0" YPos="131" Width="25" Height="25" />
	<Image Name="72.gif_00" XPos="25" YPos="131" Width="25" Height="25" />
	<Image Name="72.gif_01" XPos="50" YPos="131" Width="25" Height="25" />
	<Image Name="73.gif_00" XPos="75" YPos="131" Width="25" Height="25" />
	<Image Name="73.gif_01" XPos="100" YPos="131" Width="25" Height="25" />
	<Image Name="73.gif_02" XPos="125" YPos="131" Width="25" Height="25" />
	<Image Name="73.gif_03" XPos="150" YPos="131" Width="25" Height="25" />
	<Image Name="73.gif_04" XPos="175" YPos="131" Width="25" Height="25" />
	<Image Name="73.gif_05" XPos="200" YPos="131" Width="25" Height="25" />
	<Image Name="74.gif_00" XPos="225" YPos="131" Width="25" Height="25" />
	<Image Name="74.gif_01" XPos="0" YPos="156" Width="25" Height="25" />
	<Image Name="74.gif_02" XPos="25" YPos="156" Width="25" Height="25" />
	<Image Name="74.gif_03" XPos="50" YPos="156" Width="25" Height="25" />
	<Image Name="74.gif_04" XPos="75" YPos="156" Width="25" Height="25" />
	<Image Name="74.gif_05" XPos="100" YPos="156" Width="25" Height="25" />
	<Image Name="75.gif_00" XPos="125" YPos="156" Width="25" Height="25" />
	<Image Name="75.gif_01" XPos="150" YPos="156" Width="25" Height="25" />
	<Image Name="75.gif_02" XPos="175" YPos="156" Width="25" Height="25" />
	<Image Name="75.gif_03" XPos="200" YPos="156" Width="25" Height="25" />
	<Image Name="75.gif_04" XPos="225" YPos="156" Width="25" Height="25" />
	<Image Name="75.gif_05" XPos="0" YPos="181" Width="25" Height="25" />
	<Image Name="75.gif_06" XPos="25" YPos="181" Width="25" Height="25" />
	<Image Name="75.gif_07" XPos="50" YPos="181" Width="25" Height="25" />
	<Image Name="75.gif_08" XPos="75" YPos="181" Width="25" Height="25" />
	<Image Name="76.gif_00" XPos="100" YPos="181" Width="25" Height="25" />
	<Image Name="76.gif_01" XPos="125" YPos="181" Width="25" Height="25" />
	<Image Name="77.gif_00" XPos="150" YPos="181" Width="25" Height="25" />
	<Image Name="77.gif_01" XPos="175" YPos="181" Width="25" Height="25" />
	<Image Name="78.gif_00" XPos="200" YPos="181" Width="25" Height="25" />
	<Image Name="78.gif_01" XPos="225" YPos="181" Width="25" Height="25" />
	<Image Name="78.gif_02" XPos="0" YPos="206" Width="25" Height="25" />
	<Image Name="78.gif_03" XPos="25" YPos="206" Width="25" Height="25" />
	<Image Name="78.gif_04" XPos="50" YPos="206" Width="25" Height="25" />
	<Image Name="78.gif_05" XPos="75" YPos="206" Width="25" Height="25" />
	<Image Name="78.gif_06" XPos="100" YPos="206" Width="25" Height="25" />
	<Image Name="78.gif_07" XPos="125" YPos="206" Width="25" Height="25" />
	<Image Name="78.gif_08" XPos="150" YPos="206" Width="25" Height="25" />
	<Image Name="79.gif_00" XPos="175" YPos="206" Width="25" Height="25" />
	<Image Name="79.gif_01" XPos="200" YPos="206" Width="25" Height="25" />
	<Image Name="79.gif_02" XPos="225" YPos="206" Width="25" Height="25" />
	<Image Name="79.gif_03" XPos="0" YPos="231" Width="25" Height="25" />
	<Image Name="80.gif_00" XPos="25" YPos="231" Width="25" Height="25" />
	<Image Name="80.gif_01" XPos="50" YPos="231" Width="25" Height="25" />
	<Image Name="80.gif_02" XPos="75" YPos="231" Width="25" Height="25" />
	<Image Name="80.gif_03" XPos="100" YPos="231" Width="25" Height="25" />
	<Image Name="81.gif_00" XPos="125" YPos="231" Width="25" Height="25" />
	<Image Name="81.gif_01" XPos="150" YPos="231" Width="25" Height="25" />
	<Image Name="81.gif_02" XPos="175" YPos="231" Width="25" Height="25" />
	<Image Name="82.gif_00" XPos="200" YPos="231" Width="25" Height="25" />
	<Image Name="82.gif_01" XPos="225" YPos="231" Width="25" Height="25" />
</Imageset>
