<Imageset Name="Face_06" Imagefile="Common/tga_06.dds" NativeHorzRes="1024" NativeVertRes="768" AutoScaled="true">
	<Image Name="83.gif_00" XPos="0" YPos="6" Width="25" Height="25" />
	<Image Name="83.gif_01" XPos="25" YPos="6" Width="25" Height="25" />
	<Image Name="83.gif_02" XPos="50" YPos="6" Width="25" Height="25" />
	<Image Name="83.gif_03" XPos="75" YPos="6" Width="25" Height="25" />
	<Image Name="83.gif_04" XPos="100" YPos="6" Width="25" Height="25" />
	<Image Name="83.gif_05" XPos="125" YPos="6" Width="25" Height="25" />
	<Image Name="83.gif_06" XPos="150" YPos="6" Width="25" Height="25" />
	<Image Name="83.gif_07" XPos="175" YPos="6" Width="25" Height="25" />
	<Image Name="84.gif_00" XPos="200" YPos="6" Width="25" Height="25" />
	<Image Name="84.gif_01" XPos="225" YPos="6" Width="25" Height="25" />
	<Image Name="85.gif_00" XPos="0" YPos="31" Width="25" Height="25" />
	<Image Name="85.gif_01" XPos="25" YPos="31" Width="25" Height="25" />
	<Image Name="85.gif_02" XPos="50" YPos="31" Width="25" Height="25" />
	<Image Name="85.gif_03" XPos="75" YPos="31" Width="25" Height="25" />
	<Image Name="85.gif_04" XPos="100" YPos="31" Width="25" Height="25" />
	<Image Name="85.gif_05" XPos="125" YPos="31" Width="25" Height="25" />
	<Image Name="85.gif_06" XPos="150" YPos="31" Width="25" Height="25" />
	<Image Name="86.gif_00" XPos="175" YPos="31" Width="25" Height="25" />
	<Image Name="86.gif_01" XPos="200" YPos="31" Width="25" Height="25" />
	<Image Name="86.gif_02" XPos="225" YPos="31" Width="25" Height="25" />
	<Image Name="86.gif_03" XPos="0" YPos="56" Width="25" Height="25" />
	<Image Name="86.gif_04" XPos="25" YPos="56" Width="25" Height="25" />
	<Image Name="86.gif_05" XPos="50" YPos="56" Width="25" Height="25" />
	<Image Name="87.gif_00" XPos="75" YPos="56" Width="25" Height="25" />
	<Image Name="87.gif_01" XPos="100" YPos="56" Width="25" Height="25" />
	<Image Name="87.gif_02" XPos="125" YPos="56" Width="25" Height="25" />
	<Image Name="87.gif_03" XPos="150" YPos="56" Width="25" Height="25" />
	<Image Name="87.gif_04" XPos="175" YPos="56" Width="25" Height="25" />
	<Image Name="87.gif_05" XPos="200" YPos="56" Width="25" Height="25" />
	<Image Name="87.gif_06" XPos="225" YPos="56" Width="25" Height="25" />
	<Image Name="87.gif_07" XPos="0" YPos="81" Width="25" Height="25" />
	<Image Name="87.gif_08" XPos="25" YPos="81" Width="25" Height="25" />
	<Image Name="87.gif_09" XPos="50" YPos="81" Width="25" Height="25" />
	<Image Name="87.gif_10" XPos="75" YPos="81" Width="25" Height="25" />
	<Image Name="87.gif_11" XPos="100" YPos="81" Width="25" Height="25" />
	<Image Name="87.gif_12" XPos="125" YPos="81" Width="25" Height="25" />
	<Image Name="87.gif_13" XPos="150" YPos="81" Width="25" Height="25" />
	<Image Name="87.gif_14" XPos="175" YPos="81" Width="25" Height="25" />
	<Image Name="87.gif_15" XPos="200" YPos="81" Width="25" Height="25" />
	<Image Name="88.gif_00" XPos="225" YPos="81" Width="25" Height="25" />
	<Image Name="88.gif_01" XPos="0" YPos="106" Width="25" Height="25" />
	<Image Name="89.gif_00" XPos="25" YPos="106" Width="25" Height="25" />
	<Image Name="89.gif_01" XPos="50" YPos="106" Width="25" Height="25" />
	<Image Name="90.gif_00" XPos="75" YPos="106" Width="25" Height="25" />
	<Image Name="90.gif_01" XPos="100" YPos="106" Width="25" Height="25" />
	<Image Name="90.gif_02" XPos="125" YPos="106" Width="25" Height="25" />
	<Image Name="90.gif_03" XPos="150" YPos="106" Width="25" Height="25" />
	<Image Name="91.gif_00" XPos="175" YPos="106" Width="25" Height="25" />
	<Image Name="91.gif_01" XPos="200" YPos="106" Width="25" Height="25" />
	<Image Name="91.gif_02" XPos="225" YPos="106" Width="25" Height="25" />
	<Image Name="91.gif_03" XPos="0" YPos="131" Width="25" Height="25" />
	<Image Name="91.gif_04" XPos="25" YPos="131" Width="25" Height="25" />
	<Image Name="91.gif_05" XPos="50" YPos="131" Width="25" Height="25" />
	<Image Name="91.gif_06" XPos="75" YPos="131" Width="25" Height="25" />
	<Image Name="91.gif_07" XPos="100" YPos="131" Width="25" Height="25" />
	<Image Name="91.gif_08" XPos="125" YPos="131" Width="25" Height="25" />
	<Image Name="91.gif_09" XPos="150" YPos="131" Width="25" Height="25" />
	<Image Name="92.gif_00" XPos="175" YPos="131" Width="25" Height="25" />
	<Image Name="92.gif_01" XPos="200" YPos="131" Width="25" Height="25" />
	<Image Name="93.gif_00" XPos="225" YPos="131" Width="25" Height="25" />
	<Image Name="93.gif_01" XPos="0" YPos="156" Width="25" Height="25" />
	<Image Name="93.gif_02" XPos="25" YPos="156" Width="25" Height="25" />
	<Image Name="93.gif_03" XPos="50" YPos="156" Width="25" Height="25" />
	<Image Name="94.gif_00" XPos="75" YPos="158" Width="25" Height="23" />
	<Image Name="94.gif_01" XPos="100" YPos="158" Width="25" Height="23" />
	<Image Name="94.gif_02" XPos="125" YPos="158" Width="25" Height="23" />
	<Image Name="94.gif_03" XPos="150" YPos="158" Width="25" Height="23" />
	<Image Name="94.gif_04" XPos="175" YPos="158" Width="25" Height="23" />
	<Image Name="94.gif_05" XPos="200" YPos="158" Width="25" Height="23" />
	<Image Name="94.gif_06" XPos="225" YPos="158" Width="25" Height="23" />
	<Image Name="94.gif_07" XPos="0" YPos="183" Width="25" Height="23" />
	<Image Name="94.gif_08" XPos="25" YPos="183" Width="25" Height="23" />
	<Image Name="95.gif_00" XPos="50" YPos="181" Width="25" Height="25" />
	<Image Name="95.gif_01" XPos="75" YPos="181" Width="25" Height="25" />
	<Image Name="95.gif_02" XPos="100" YPos="181" Width="25" Height="25" />
	<Image Name="95.gif_03" XPos="125" YPos="181" Width="25" Height="25" />
	<Image Name="95.gif_04" XPos="150" YPos="181" Width="25" Height="25" />
	<Image Name="95.gif_05" XPos="175" YPos="181" Width="25" Height="25" />
	<Image Name="95.gif_06" XPos="200" YPos="181" Width="25" Height="25" />
	<Image Name="95.gif_07" XPos="225" YPos="181" Width="25" Height="25" />
	<Image Name="96.gif_00" XPos="0" YPos="206" Width="25" Height="25" />
	<Image Name="96.gif_01" XPos="25" YPos="206" Width="25" Height="25" />
	<Image Name="96.gif_02" XPos="50" YPos="206" Width="25" Height="25" />
	<Image Name="97.gif_00" XPos="75" YPos="206" Width="25" Height="25" />
	<Image Name="97.gif_01" XPos="100" YPos="206" Width="25" Height="25" />
	<Image Name="97.gif_02" XPos="125" YPos="206" Width="25" Height="25" />
	<Image Name="97.gif_03" XPos="150" YPos="206" Width="25" Height="25" />
	<Image Name="97.gif_04" XPos="175" YPos="206" Width="25" Height="25" />
	<Image Name="97.gif_05" XPos="200" YPos="206" Width="25" Height="25" />
	<Image Name="98.gif_00" XPos="225" YPos="206" Width="25" Height="25" />
	<Image Name="98.gif_01" XPos="0" YPos="231" Width="25" Height="25" />
	<Image Name="98.gif_02" XPos="25" YPos="231" Width="25" Height="25" />
	<Image Name="98.gif_03" XPos="50" YPos="231" Width="25" Height="25" />
	<Image Name="98.gif_04" XPos="75" YPos="231" Width="25" Height="25" />
	<Image Name="99.gif_00" XPos="100" YPos="231" Width="25" Height="25" />
	<Image Name="99.gif_01" XPos="125" YPos="231" Width="25" Height="25" />
	<Image Name="99.gif_02" XPos="150" YPos="231" Width="25" Height="25" />
	<Image Name="99.gif_03" XPos="175" YPos="231" Width="25" Height="25" />
</Imageset>
