<Imageset Name="Face_07" Imagefile="Common/tga_07.dds" NativeHorzRes="1024" NativeVertRes="768" AutoScaled="true">
	<Image Name="100.gif_00" XPos="0" YPos="0" Width="32" Height="32" />
	<Image Name="100.gif_01" XPos="32" YPos="0" Width="32" Height="32" />
	<Image Name="100.gif_02" XPos="64" YPos="0" Width="32" Height="32" />
	<Image Name="100.gif_03" XPos="96" YPos="0" Width="32" Height="32" />
	<Image Name="100.gif_04" XPos="128" YPos="0" Width="32" Height="32" />
	<Image Name="100.gif_05" XPos="160" YPos="0" Width="32" Height="32" />
	<Image Name="100.gif_06" XPos="192" YPos="0" Width="32" Height="32" />
	<Image Name="101.gif_00" XPos="224" YPos="0" Width="32" Height="32" />
	<Image Name="101.gif_01" XPos="0" YPos="32" Width="32" Height="32" />
	<Image Name="101.gif_02" XPos="32" YPos="32" Width="32" Height="32" />
	<Image Name="101.gif_03" XPos="64" YPos="32" Width="32" Height="32" />
	<Image Name="101.gif_04" XPos="96" YPos="32" Width="32" Height="32" />
	<Image Name="101.gif_05" XPos="128" YPos="32" Width="32" Height="32" />
	<Image Name="101.gif_06" XPos="160" YPos="32" Width="32" Height="32" />
	<Image Name="101.gif_07" XPos="192" YPos="32" Width="32" Height="32" />
	<Image Name="102.gif_00" XPos="224" YPos="32" Width="32" Height="32" />
	<Image Name="102.gif_01" XPos="0" YPos="64" Width="32" Height="32" />
	<Image Name="102.gif_02" XPos="32" YPos="64" Width="32" Height="32" />
	<Image Name="103.gif_00" XPos="64" YPos="64" Width="32" Height="32" />
	<Image Name="103.gif_01" XPos="96" YPos="64" Width="32" Height="32" />
	<Image Name="103.gif_02" XPos="128" YPos="64" Width="32" Height="32" />
	<Image Name="103.gif_03" XPos="160" YPos="64" Width="32" Height="32" />
	<Image Name="103.gif_04" XPos="192" YPos="64" Width="32" Height="32" />
	<Image Name="103.gif_05" XPos="224" YPos="64" Width="32" Height="32" />
	<Image Name="103.gif_06" XPos="0" YPos="96" Width="32" Height="32" />
	<Image Name="103.gif_07" XPos="32" YPos="96" Width="32" Height="32" />
	<Image Name="103.gif_08" XPos="64" YPos="96" Width="32" Height="32" />
	<Image Name="103.gif_09" XPos="96" YPos="96" Width="32" Height="32" />
	<Image Name="103.gif_10" XPos="128" YPos="96" Width="32" Height="32" />
	<Image Name="104.gif_00" XPos="160" YPos="96" Width="32" Height="32" />
	<Image Name="104.gif_01" XPos="192" YPos="96" Width="32" Height="32" />
	<Image Name="104.gif_02" XPos="224" YPos="96" Width="32" Height="32" />
	<Image Name="104.gif_03" XPos="0" YPos="128" Width="32" Height="32" />
	<Image Name="105.gif_00" XPos="32" YPos="128" Width="32" Height="32" />
	<Image Name="105.gif_01" XPos="64" YPos="128" Width="32" Height="32" />
	<Image Name="105.gif_02" XPos="96" YPos="128" Width="32" Height="32" />
	<Image Name="106.gif_00" XPos="128" YPos="128" Width="32" Height="32" />
	<Image Name="106.gif_01" XPos="160" YPos="128" Width="32" Height="32" />
	<Image Name="106.gif_02" XPos="192" YPos="128" Width="32" Height="32" />
	<Image Name="106.gif_03" XPos="224" YPos="128" Width="32" Height="32" />
	<Image Name="107.gif_00" XPos="0" YPos="160" Width="32" Height="32" />
	<Image Name="107.gif_01" XPos="32" YPos="160" Width="32" Height="32" />
	<Image Name="107.gif_02" XPos="64" YPos="160" Width="32" Height="32" />
	<Image Name="107.gif_03" XPos="96" YPos="160" Width="32" Height="32" />
	<Image Name="108.gif_00" XPos="128" YPos="160" Width="32" Height="32" />
	<Image Name="108.gif_01" XPos="160" YPos="160" Width="32" Height="32" />
	<Image Name="108.gif_02" XPos="192" YPos="160" Width="32" Height="32" />
	<Image Name="108.gif_03" XPos="224" YPos="160" Width="32" Height="32" />
	<Image Name="108.gif_04" XPos="0" YPos="192" Width="32" Height="32" />
	<Image Name="108.gif_05" XPos="32" YPos="192" Width="32" Height="32" />
	<Image Name="108.gif_06" XPos="64" YPos="192" Width="32" Height="32" />
	<Image Name="108.gif_07" XPos="96" YPos="192" Width="32" Height="32" />
	<Image Name="109.gif_00" XPos="128" YPos="192" Width="32" Height="32" />
	<Image Name="109.gif_01" XPos="160" YPos="192" Width="32" Height="32" />
	<Image Name="109.gif_02" XPos="192" YPos="192" Width="32" Height="32" />
	<Image Name="109.gif_03" XPos="224" YPos="192" Width="32" Height="32" />
	<Image Name="110.gif_00" XPos="0" YPos="224" Width="32" Height="32" />
	<Image Name="110.gif_01" XPos="32" YPos="224" Width="32" Height="32" />
	<Image Name="110.gif_02" XPos="64" YPos="224" Width="32" Height="32" />
	<Image Name="110.gif_03" XPos="96" YPos="224" Width="32" Height="32" />
	<Image Name="110.gif_04" XPos="128" YPos="224" Width="32" Height="32" />
	<Image Name="110.gif_05" XPos="160" YPos="224" Width="32" Height="32" />
	<Image Name="110.gif_06" XPos="192" YPos="224" Width="32" Height="32" />
	<Image Name="110.gif_07" XPos="224" YPos="224" Width="32" Height="32" />
</Imageset>
