<Imageset Name="Face_11" Imagefile="Common/tga_11.dds" NativeHorzRes="1024" NativeVertRes="768" AutoScaled="true">
	<Image Name="144.gif_11" XPos="0" YPos="0" Width="32" Height="32" />
	<Image Name="145.gif_00" XPos="32" YPos="0" Width="32" Height="32" />
	<Image Name="145.gif_01" XPos="64" YPos="0" Width="32" Height="32" />
	<Image Name="145.gif_02" XPos="96" YPos="0" Width="32" Height="32" />
	<Image Name="145.gif_03" XPos="128" YPos="0" Width="32" Height="32" />
	<Image Name="145.gif_04" XPos="160" YPos="0" Width="32" Height="32" />
	<Image Name="145.gif_05" XPos="192" YPos="0" Width="32" Height="32" />
	<Image Name="146.gif_00" XPos="224" YPos="0" Width="32" Height="32" />
	<Image Name="146.gif_01" XPos="0" YPos="32" Width="32" Height="32" />
	<Image Name="146.gif_02" XPos="32" YPos="32" Width="32" Height="32" />
	<Image Name="146.gif_03" XPos="64" YPos="32" Width="32" Height="32" />
	<Image Name="147.gif_00" XPos="96" YPos="32" Width="32" Height="32" />
	<Image Name="147.gif_01" XPos="128" YPos="32" Width="32" Height="32" />
	<Image Name="147.gif_02" XPos="160" YPos="32" Width="32" Height="32" />
	<Image Name="147.gif_03" XPos="192" YPos="32" Width="32" Height="32" />
	<Image Name="147.gif_04" XPos="224" YPos="32" Width="32" Height="32" />
	<Image Name="147.gif_05" XPos="0" YPos="64" Width="32" Height="32" />
	<Image Name="147.gif_06" XPos="32" YPos="64" Width="32" Height="32" />
	<Image Name="147.gif_07" XPos="64" YPos="64" Width="32" Height="32" />
	<Image Name="147.gif_08" XPos="96" YPos="64" Width="32" Height="32" />
	<Image Name="148.gif_00" XPos="128" YPos="64" Width="32" Height="32" />
	<Image Name="148.gif_01" XPos="160" YPos="64" Width="32" Height="32" />
	<Image Name="148.gif_02" XPos="192" YPos="64" Width="32" Height="32" />
	<Image Name="148.gif_03" XPos="224" YPos="64" Width="32" Height="32" />
	<Image Name="149.gif_00" XPos="0" YPos="96" Width="32" Height="32" />
	<Image Name="149.gif_01" XPos="32" YPos="96" Width="32" Height="32" />
	<Image Name="150.gif_00" XPos="64" YPos="96" Width="32" Height="32" />
	<Image Name="150.gif_01" XPos="96" YPos="96" Width="32" Height="32" />
	<Image Name="150.gif_02" XPos="128" YPos="96" Width="32" Height="32" />
	<Image Name="150.gif_03" XPos="160" YPos="96" Width="32" Height="32" />
	<Image Name="150.gif_04" XPos="192" YPos="96" Width="32" Height="32" />
	<Image Name="150.gif_05" XPos="224" YPos="96" Width="32" Height="32" />
	<Image Name="150.gif_06" XPos="0" YPos="128" Width="32" Height="32" />
	<Image Name="150.gif_07" XPos="32" YPos="128" Width="32" Height="32" />
	<Image Name="150.gif_08" XPos="64" YPos="128" Width="32" Height="32" />
	<Image Name="150.gif_09" XPos="96" YPos="128" Width="32" Height="32" />
	<Image Name="151.gif_00" XPos="128" YPos="128" Width="32" Height="32" />
	<Image Name="151.gif_01" XPos="160" YPos="128" Width="32" Height="32" />
	<Image Name="151.gif_02" XPos="192" YPos="128" Width="32" Height="32" />
	<Image Name="151.gif_03" XPos="224" YPos="128" Width="32" Height="32" />
	<Image Name="151.gif_04" XPos="0" YPos="160" Width="32" Height="32" />
	<Image Name="151.gif_05" XPos="32" YPos="160" Width="32" Height="32" />
  <Image Name="151.gif_06" XPos="64" YPos="160" Width="32" Height="32" />
  <Image Name="151.gif_07" XPos="96" YPos="160" Width="32" Height="32" />
  <Image Name="152.gif_00" XPos="128" YPos="160" Width="32" Height="32" />
  <Image Name="152.gif_01" XPos="160" YPos="160" Width="32" Height="32" />
  <Image Name="152.gif_02" XPos="192" YPos="160" Width="32" Height="32" />
  <Image Name="152.gif_03" XPos="224" YPos="160" Width="32" Height="32" />
  <Image Name="153.gif_00" XPos="0" YPos="192" Width="32" Height="32" />
  <Image Name="153.gif_01" XPos="32" YPos="192" Width="32" Height="32" />
  <Image Name="153.gif_02" XPos="64" YPos="192" Width="32" Height="32" />
  <Image Name="153.gif_03" XPos="96" YPos="192" Width="32" Height="32" />
  <Image Name="153.gif_04" XPos="128" YPos="192" Width="32" Height="32" />
  <Image Name="153.gif_05" XPos="160" YPos="192" Width="32" Height="32" />
  <Image Name="153.gif_06" XPos="192" YPos="192" Width="32" Height="32" />
  <Image Name="153.gif_07" XPos="224" YPos="192" Width="32" Height="32" />
  <Image Name="153.gif_08" XPos="0" YPos="224" Width="32" Height="32" />
</Imageset>
