<Imageset Name="Face_01" Imagefile="Common/tga_01.dds" NativeHorzRes="1024" NativeVertRes="768" AutoScaled="true">
	<Image Name="16.gif_02" XPos="0" YPos="6" Width="25" Height="25" />
	<Image Name="16.gif_03" XPos="25" YPos="6" Width="25" Height="25" />
	<Image Name="16.gif_04" XPos="50" YPos="6" Width="25" Height="25" />
	<Image Name="16.gif_05" XPos="75" YPos="6" Width="25" Height="25" />
	<Image Name="16.gif_06" XPos="100" YPos="6" Width="25" Height="25" />
	<Image Name="17.gif_00" XPos="125" YPos="6" Width="25" Height="25" />
	<Image Name="17.gif_01" XPos="150" YPos="6" Width="25" Height="25" />
	<Image Name="17.gif_02" XPos="175" YPos="6" Width="25" Height="25" />
	<Image Name="17.gif_03" XPos="200" YPos="6" Width="25" Height="25" />
	<Image Name="17.gif_04" XPos="225" YPos="6" Width="25" Height="25" />
	<Image Name="17.gif_05" XPos="0" YPos="31" Width="25" Height="25" />
	<Image Name="18.gif_00" XPos="25" YPos="31" Width="25" Height="25" />
	<Image Name="18.gif_01" XPos="50" YPos="31" Width="25" Height="25" />
	<Image Name="18.gif_02" XPos="75" YPos="31" Width="25" Height="25" />
	<Image Name="18.gif_03" XPos="100" YPos="31" Width="25" Height="25" />
	<Image Name="18.gif_04" XPos="125" YPos="31" Width="25" Height="25" />
	<Image Name="18.gif_05" XPos="150" YPos="31" Width="25" Height="25" />
	<Image Name="18.gif_06" XPos="175" YPos="31" Width="25" Height="25" />
	<Image Name="19.gif_00" XPos="200" YPos="31" Width="25" Height="25" />
	<Image Name="19.gif_01" XPos="225" YPos="31" Width="25" Height="25" />
	<Image Name="19.gif_02" XPos="0" YPos="56" Width="25" Height="25" />
	<Image Name="19.gif_03" XPos="25" YPos="56" Width="25" Height="25" />
	<Image Name="19.gif_04" XPos="50" YPos="56" Width="25" Height="25" />
	<Image Name="19.gif_05" XPos="75" YPos="56" Width="25" Height="25" />
	<Image Name="19.gif_06" XPos="100" YPos="56" Width="25" Height="25" />
	<Image Name="19.gif_07" XPos="125" YPos="56" Width="25" Height="25" />
	<Image Name="19.gif_08" XPos="150" YPos="56" Width="25" Height="25" />
	<Image Name="19.gif_09" XPos="175" YPos="56" Width="25" Height="25" />
	<Image Name="19.gif_10" XPos="200" YPos="56" Width="25" Height="25" />
	<Image Name="19.gif_11" XPos="225" YPos="56" Width="25" Height="25" />
	<Image Name="20.gif_00" XPos="0" YPos="81" Width="25" Height="25" />
	<Image Name="20.gif_01" XPos="25" YPos="81" Width="25" Height="25" />
	<Image Name="20.gif_02" XPos="50" YPos="81" Width="25" Height="25" />
	<Image Name="20.gif_03" XPos="75" YPos="81" Width="25" Height="25" />
	<Image Name="20.gif_04" XPos="100" YPos="81" Width="25" Height="25" />
	<Image Name="20.gif_05" XPos="125" YPos="81" Width="25" Height="25" />
	<Image Name="20.gif_06" XPos="150" YPos="81" Width="25" Height="25" />
	<Image Name="20.gif_07" XPos="175" YPos="81" Width="25" Height="25" />
	<Image Name="20.gif_08" XPos="200" YPos="81" Width="25" Height="25" />
	<Image Name="20.gif_09" XPos="225" YPos="81" Width="25" Height="25" />
	<Image Name="21.gif_00" XPos="0" YPos="106" Width="25" Height="25" />
	<Image Name="21.gif_01" XPos="25" YPos="106" Width="25" Height="25" />
	<Image Name="21.gif_02" XPos="50" YPos="106" Width="25" Height="25" />
	<Image Name="21.gif_03" XPos="75" YPos="106" Width="25" Height="25" />
	<Image Name="21.gif_04" XPos="100" YPos="106" Width="25" Height="25" />
	<Image Name="21.gif_05" XPos="125" YPos="106" Width="25" Height="25" />
	<Image Name="21.gif_06" XPos="150" YPos="106" Width="25" Height="25" />
	<Image Name="21.gif_07" XPos="175" YPos="106" Width="25" Height="25" />
	<Image Name="21.gif_08" XPos="200" YPos="106" Width="25" Height="25" />
	<Image Name="22.gif_00" XPos="225" YPos="106" Width="25" Height="25" />
	<Image Name="22.gif_01" XPos="0" YPos="131" Width="25" Height="25" />
	<Image Name="22.gif_02" XPos="25" YPos="131" Width="25" Height="25" />
	<Image Name="22.gif_03" XPos="50" YPos="131" Width="25" Height="25" />
	<Image Name="22.gif_04" XPos="75" YPos="131" Width="25" Height="25" />
	<Image Name="22.gif_05" XPos="100" YPos="131" Width="25" Height="25" />
	<Image Name="22.gif_06" XPos="125" YPos="131" Width="25" Height="25" />
	<Image Name="22.gif_07" XPos="150" YPos="131" Width="25" Height="25" />
	<Image Name="22.gif_08" XPos="175" YPos="131" Width="25" Height="25" />
	<Image Name="22.gif_09" XPos="200" YPos="131" Width="25" Height="25" />
	<Image Name="22.gif_10" XPos="225" YPos="131" Width="25" Height="25" />
	<Image Name="22.gif_11" XPos="0" YPos="156" Width="25" Height="25" />
	<Image Name="23.gif_00" XPos="25" YPos="156" Width="25" Height="25" />
	<Image Name="23.gif_01" XPos="50" YPos="156" Width="25" Height="25" />
	<Image Name="23.gif_02" XPos="75" YPos="156" Width="25" Height="25" />
	<Image Name="23.gif_03" XPos="100" YPos="156" Width="25" Height="25" />
	<Image Name="23.gif_04" XPos="125" YPos="156" Width="25" Height="25" />
	<Image Name="23.gif_05" XPos="150" YPos="156" Width="25" Height="25" />
	<Image Name="23.gif_06" XPos="175" YPos="156" Width="25" Height="25" />
	<Image Name="23.gif_07" XPos="200" YPos="156" Width="25" Height="25" />
	<Image Name="23.gif_08" XPos="225" YPos="156" Width="25" Height="25" />
	<Image Name="23.gif_09" XPos="0" YPos="181" Width="25" Height="25" />
	<Image Name="23.gif_10" XPos="25" YPos="181" Width="25" Height="25" />
	<Image Name="23.gif_11" XPos="50" YPos="181" Width="25" Height="25" />
	<Image Name="23.gif_12" XPos="75" YPos="181" Width="25" Height="25" />
	<Image Name="23.gif_13" XPos="100" YPos="181" Width="25" Height="25" />
	<Image Name="23.gif_14" XPos="125" YPos="181" Width="25" Height="25" />
	<Image Name="23.gif_15" XPos="150" YPos="181" Width="25" Height="25" />
	<Image Name="24.gif_00" XPos="175" YPos="181" Width="25" Height="25" />
	<Image Name="24.gif_01" XPos="200" YPos="181" Width="25" Height="25" />
	<Image Name="24.gif_02" XPos="225" YPos="181" Width="25" Height="25" />
	<Image Name="24.gif_03" XPos="0" YPos="206" Width="25" Height="25" />
	<Image Name="24.gif_04" XPos="25" YPos="206" Width="25" Height="25" />
	<Image Name="25.gif_00" XPos="50" YPos="206" Width="25" Height="25" />
	<Image Name="25.gif_01" XPos="75" YPos="206" Width="25" Height="25" />
	<Image Name="25.gif_02" XPos="100" YPos="206" Width="25" Height="25" />
	<Image Name="25.gif_03" XPos="125" YPos="206" Width="25" Height="25" />
	<Image Name="25.gif_04" XPos="150" YPos="206" Width="25" Height="25" />
	<Image Name="25.gif_05" XPos="175" YPos="206" Width="25" Height="25" />
	<Image Name="25.gif_06" XPos="200" YPos="206" Width="25" Height="25" />
	<Image Name="25.gif_07" XPos="225" YPos="206" Width="25" Height="25" />
	<Image Name="25.gif_08" XPos="0" YPos="231" Width="25" Height="25" />
	<Image Name="25.gif_09" XPos="25" YPos="231" Width="25" Height="25" />
	<Image Name="26.gif_00" XPos="50" YPos="231" Width="25" Height="25" />
	<Image Name="26.gif_01" XPos="75" YPos="231" Width="25" Height="25" />
	<Image Name="26.gif_02" XPos="100" YPos="231" Width="25" Height="25" />
	<Image Name="26.gif_03" XPos="125" YPos="231" Width="25" Height="25" />
	<Image Name="26.gif_04" XPos="150" YPos="231" Width="25" Height="25" />
	<Image Name="26.gif_05" XPos="175" YPos="231" Width="25" Height="25" />
	<Image Name="26.gif_06" XPos="200" YPos="231" Width="25" Height="25" />
	<Image Name="26.gif_07" XPos="225" YPos="231" Width="25" Height="25" />
</Imageset>
