<Imageset Name="Face_03" Imagefile="Common/tga_03.dds" NativeHorzRes="1024" NativeVertRes="768" AutoScaled="true">
	<Image Name="42.gif_05" XPos="0" YPos="6" Width="25" Height="25" />
	<Image Name="42.gif_06" XPos="25" YPos="6" Width="25" Height="25" />
	<Image Name="42.gif_07" XPos="50" YPos="6" Width="25" Height="25" />
	<Image Name="42.gif_08" XPos="75" YPos="6" Width="25" Height="25" />
	<Image Name="43.gif_00" XPos="100" YPos="6" Width="25" Height="25" />
	<Image Name="43.gif_01" XPos="125" YPos="6" Width="25" Height="25" />
	<Image Name="43.gif_02" XPos="150" YPos="6" Width="25" Height="25" />
	<Image Name="43.gif_03" XPos="175" YPos="6" Width="25" Height="25" />
	<Image Name="43.gif_04" XPos="200" YPos="6" Width="25" Height="25" />
	<Image Name="43.gif_05" XPos="225" YPos="6" Width="25" Height="25" />
	<Image Name="43.gif_06" XPos="0" YPos="31" Width="25" Height="25" />
	<Image Name="43.gif_07" XPos="25" YPos="31" Width="25" Height="25" />
	<Image Name="43.gif_08" XPos="50" YPos="31" Width="25" Height="25" />
	<Image Name="43.gif_09" XPos="75" YPos="31" Width="25" Height="25" />
	<Image Name="43.gif_10" XPos="100" YPos="31" Width="25" Height="25" />
	<Image Name="43.gif_11" XPos="125" YPos="31" Width="25" Height="25" />
	<Image Name="43.gif_12" XPos="150" YPos="31" Width="25" Height="25" />
	<Image Name="43.gif_13" XPos="175" YPos="31" Width="25" Height="25" />
	<Image Name="43.gif_14" XPos="200" YPos="31" Width="25" Height="25" />
	<Image Name="44.gif_00" XPos="225" YPos="31" Width="25" Height="25" />
	<Image Name="44.gif_01" XPos="0" YPos="56" Width="25" Height="25" />
	<Image Name="44.gif_02" XPos="25" YPos="56" Width="25" Height="25" />
	<Image Name="44.gif_03" XPos="50" YPos="56" Width="25" Height="25" />
	<Image Name="44.gif_04" XPos="75" YPos="56" Width="25" Height="25" />
	<Image Name="44.gif_05" XPos="100" YPos="56" Width="25" Height="25" />
	<Image Name="45.gif_00" XPos="125" YPos="56" Width="25" Height="25" />
	<Image Name="45.gif_01" XPos="150" YPos="56" Width="25" Height="25" />
	<Image Name="45.gif_02" XPos="175" YPos="56" Width="25" Height="25" />
	<Image Name="45.gif_03" XPos="200" YPos="56" Width="25" Height="25" />
	<Image Name="45.gif_04" XPos="225" YPos="56" Width="25" Height="25" />
	<Image Name="45.gif_05" XPos="0" YPos="81" Width="25" Height="25" />
	<Image Name="45.gif_06" XPos="25" YPos="81" Width="25" Height="25" />
	<Image Name="45.gif_07" XPos="50" YPos="81" Width="25" Height="25" />
	<Image Name="45.gif_08" XPos="75" YPos="81" Width="25" Height="25" />
	<Image Name="45.gif_09" XPos="100" YPos="81" Width="25" Height="25" />
	<Image Name="45.gif_10" XPos="125" YPos="81" Width="25" Height="25" />
	<Image Name="46.gif_00" XPos="150" YPos="81" Width="25" Height="25" />
	<Image Name="46.gif_01" XPos="175" YPos="81" Width="25" Height="25" />
	<Image Name="46.gif_02" XPos="200" YPos="81" Width="25" Height="25" />
	<Image Name="47.gif_00" XPos="225" YPos="81" Width="25" Height="25" />
	<Image Name="47.gif_01" XPos="0" YPos="106" Width="25" Height="25" />
	<Image Name="48.gif_00" XPos="25" YPos="106" Width="25" Height="25" />
	<Image Name="48.gif_01" XPos="50" YPos="106" Width="25" Height="25" />
	<Image Name="48.gif_02" XPos="75" YPos="106" Width="25" Height="25" />
	<Image Name="48.gif_03" XPos="100" YPos="106" Width="25" Height="25" />
	<Image Name="48.gif_04" XPos="125" YPos="106" Width="25" Height="25" />
	<Image Name="48.gif_05" XPos="150" YPos="106" Width="25" Height="25" />
	<Image Name="48.gif_06" XPos="175" YPos="106" Width="25" Height="25" />
	<Image Name="48.gif_07" XPos="200" YPos="106" Width="25" Height="25" />
	<Image Name="48.gif_08" XPos="225" YPos="106" Width="25" Height="25" />
	<Image Name="48.gif_09" XPos="0" YPos="131" Width="25" Height="25" />
	<Image Name="48.gif_10" XPos="25" YPos="131" Width="25" Height="25" />
	<Image Name="48.gif_11" XPos="50" YPos="131" Width="25" Height="25" />
	<Image Name="48.gif_12" XPos="75" YPos="131" Width="25" Height="25" />
	<Image Name="48.gif_13" XPos="100" YPos="131" Width="25" Height="25" />
	<Image Name="48.gif_14" XPos="125" YPos="131" Width="25" Height="25" />
	<Image Name="49.gif_00" XPos="150" YPos="131" Width="25" Height="25" />
	<Image Name="49.gif_01" XPos="175" YPos="131" Width="25" Height="25" />
	<Image Name="49.gif_02" XPos="200" YPos="131" Width="25" Height="25" />
	<Image Name="49.gif_03" XPos="225" YPos="131" Width="25" Height="25" />
	<Image Name="49.gif_04" XPos="0" YPos="156" Width="25" Height="25" />
	<Image Name="49.gif_05" XPos="25" YPos="156" Width="25" Height="25" />
	<Image Name="49.gif_06" XPos="50" YPos="156" Width="25" Height="25" />
	<Image Name="49.gif_07" XPos="75" YPos="156" Width="25" Height="25" />
	<Image Name="49.gif_08" XPos="100" YPos="156" Width="25" Height="25" />
	<Image Name="49.gif_09" XPos="125" YPos="156" Width="25" Height="25" />
	<Image Name="49.gif_10" XPos="150" YPos="156" Width="25" Height="25" />
	<Image Name="49.gif_11" XPos="175" YPos="156" Width="25" Height="25" />
	<Image Name="49.gif_12" XPos="200" YPos="156" Width="25" Height="25" />
	<Image Name="49.gif_13" XPos="225" YPos="156" Width="25" Height="25" />
	<Image Name="49.gif_14" XPos="0" YPos="181" Width="25" Height="25" />
	<Image Name="49.gif_15" XPos="25" YPos="181" Width="25" Height="25" />
	<Image Name="49.gif_16" XPos="50" YPos="181" Width="25" Height="25" />
	<Image Name="50.gif_00" XPos="75" YPos="181" Width="25" Height="25" />
	<Image Name="50.gif_01" XPos="100" YPos="181" Width="25" Height="25" />
	<Image Name="50.gif_02" XPos="125" YPos="181" Width="25" Height="25" />
	<Image Name="50.gif_03" XPos="150" YPos="181" Width="25" Height="25" />
	<Image Name="50.gif_04" XPos="175" YPos="181" Width="25" Height="25" />
	<Image Name="50.gif_05" XPos="200" YPos="181" Width="25" Height="25" />
	<Image Name="50.gif_06" XPos="225" YPos="181" Width="25" Height="25" />
	<Image Name="50.gif_07" XPos="0" YPos="206" Width="25" Height="25" />
	<Image Name="50.gif_08" XPos="25" YPos="206" Width="25" Height="25" />
	<Image Name="50.gif_09" XPos="50" YPos="206" Width="25" Height="25" />
	<Image Name="50.gif_10" XPos="75" YPos="206" Width="25" Height="25" />
	<Image Name="50.gif_11" XPos="100" YPos="206" Width="25" Height="25" />
	<Image Name="50.gif_12" XPos="125" YPos="206" Width="25" Height="25" />
	<Image Name="50.gif_13" XPos="150" YPos="206" Width="25" Height="25" />
	<Image Name="50.gif_14" XPos="175" YPos="206" Width="25" Height="25" />
	<Image Name="50.gif_15" XPos="200" YPos="206" Width="25" Height="25" />
	<Image Name="50.gif_16" XPos="225" YPos="206" Width="25" Height="25" />
	<Image Name="50.gif_17" XPos="0" YPos="231" Width="25" Height="25" />
	<Image Name="51.gif_00" XPos="25" YPos="231" Width="25" Height="25" />
	<Image Name="51.gif_01" XPos="50" YPos="231" Width="25" Height="25" />
	<Image Name="51.gif_02" XPos="75" YPos="231" Width="25" Height="25" />
	<Image Name="51.gif_03" XPos="100" YPos="231" Width="25" Height="25" />
	<Image Name="52.gif_00" XPos="125" YPos="231" Width="25" Height="25" />
	<Image Name="52.gif_01" XPos="150" YPos="231" Width="25" Height="25" />
	<Image Name="52.gif_02" XPos="175" YPos="231" Width="25" Height="25" />
	<Image Name="52.gif_03" XPos="200" YPos="231" Width="25" Height="25" />
	<Image Name="52.gif_04" XPos="225" YPos="231" Width="25" Height="25" />
</Imageset>
