<Imageset Name="Face_00" Imagefile="Common/tga_00.dds" NativeHorzRes="1024" NativeVertRes="768" AutoScaled="true">
	<Image Name="00.gif_00" XPos="0" YPos="6" Width="25" Height="25" />
	<Image Name="00.gif_01" XPos="25" YPos="6" Width="25" Height="25" />
	<Image Name="00.gif_02" XPos="50" YPos="6" Width="25" Height="25" />
	<Image Name="00.gif_03" XPos="75" YPos="6" Width="25" Height="25" />
	<Image Name="00.gif_04" XPos="100" YPos="6" Width="25" Height="25" />
	<Image Name="00.gif_05" XPos="125" YPos="6" Width="25" Height="25" />
	<Image Name="01.gif_00" XPos="150" YPos="6" Width="25" Height="25" />
	<Image Name="01.gif_01" XPos="175" YPos="6" Width="25" Height="25" />
	<Image Name="01.gif_02" XPos="200" YPos="6" Width="25" Height="25" />
	<Image Name="01.gif_03" XPos="225" YPos="6" Width="25" Height="25" />
	<Image Name="02.gif_00" XPos="0" YPos="31" Width="25" Height="25" />
	<Image Name="02.gif_01" XPos="25" YPos="31" Width="25" Height="25" />
	<Image Name="02.gif_02" XPos="50" YPos="31" Width="25" Height="25" />
	<Image Name="02.gif_03" XPos="75" YPos="31" Width="25" Height="25" />
	<Image Name="02.gif_04" XPos="100" YPos="31" Width="25" Height="25" />
	<Image Name="02.gif_05" XPos="125" YPos="31" Width="25" Height="25" />
	<Image Name="02.gif_06" XPos="150" YPos="31" Width="25" Height="25" />
	<Image Name="02.gif_07" XPos="175" YPos="31" Width="25" Height="25" />
	<Image Name="02.gif_08" XPos="200" YPos="31" Width="25" Height="25" />
	<Image Name="02.gif_09" XPos="225" YPos="31" Width="25" Height="25" />
	<Image Name="03.gif_00" XPos="0" YPos="56" Width="25" Height="25" />
	<Image Name="03.gif_01" XPos="25" YPos="56" Width="25" Height="25" />
	<Image Name="03.gif_02" XPos="50" YPos="56" Width="25" Height="25" />
	<Image Name="03.gif_03" XPos="75" YPos="56" Width="25" Height="25" />
	<Image Name="03.gif_04" XPos="100" YPos="56" Width="25" Height="25" />
	<Image Name="03.gif_05" XPos="125" YPos="56" Width="25" Height="25" />
	<Image Name="03.gif_06" XPos="150" YPos="56" Width="25" Height="25" />
	<Image Name="03.gif_07" XPos="175" YPos="56" Width="25" Height="25" />
	<Image Name="03.gif_08" XPos="200" YPos="56" Width="25" Height="25" />
	<Image Name="03.gif_09" XPos="225" YPos="56" Width="25" Height="25" />
	<Image Name="03.gif_10" XPos="0" YPos="81" Width="25" Height="25" />
	<Image Name="03.gif_11" XPos="25" YPos="81" Width="25" Height="25" />
	<Image Name="04.gif_00" XPos="50" YPos="81" Width="25" Height="25" />
	<Image Name="04.gif_01" XPos="75" YPos="81" Width="25" Height="25" />
	<Image Name="04.gif_02" XPos="100" YPos="81" Width="25" Height="25" />
	<Image Name="04.gif_03" XPos="125" YPos="81" Width="25" Height="25" />
	<Image Name="04.gif_04" XPos="150" YPos="81" Width="25" Height="25" />
	<Image Name="04.gif_05" XPos="175" YPos="81" Width="25" Height="25" />
	<Image Name="04.gif_06" XPos="200" YPos="81" Width="25" Height="25" />
	<Image Name="05.gif_00" XPos="225" YPos="81" Width="25" Height="25" />
	<Image Name="05.gif_01" XPos="0" YPos="106" Width="25" Height="25" />
	<Image Name="06.gif_00" XPos="25" YPos="106" Width="25" Height="25" />
	<Image Name="06.gif_01" XPos="50" YPos="106" Width="25" Height="25" />
	<Image Name="07.gif_00" XPos="75" YPos="106" Width="25" Height="25" />
	<Image Name="07.gif_01" XPos="100" YPos="106" Width="25" Height="25" />
	<Image Name="07.gif_02" XPos="125" YPos="106" Width="25" Height="25" />
	<Image Name="07.gif_03" XPos="150" YPos="106" Width="25" Height="25" />
	<Image Name="07.gif_04" XPos="175" YPos="106" Width="25" Height="25" />
	<Image Name="07.gif_05" XPos="200" YPos="106" Width="25" Height="25" />
	<Image Name="07.gif_06" XPos="225" YPos="106" Width="25" Height="25" />
	<Image Name="07.gif_07" XPos="0" YPos="131" Width="25" Height="25" />
	<Image Name="07.gif_08" XPos="25" YPos="131" Width="25" Height="25" />
	<Image Name="08.gif_00" XPos="50" YPos="131" Width="25" Height="25" />
	<Image Name="08.gif_01" XPos="75" YPos="131" Width="25" Height="25" />
	<Image Name="08.gif_02" XPos="100" YPos="131" Width="25" Height="25" />
	<Image Name="08.gif_03" XPos="125" YPos="131" Width="25" Height="25" />
	<Image Name="09.gif_00" XPos="150" YPos="131" Width="25" Height="25" />
	<Image Name="09.gif_01" XPos="175" YPos="131" Width="25" Height="25" />
	<Image Name="09.gif_02" XPos="200" YPos="131" Width="25" Height="25" />
	<Image Name="09.gif_03" XPos="225" YPos="131" Width="25" Height="25" />
	<Image Name="10.gif_00" XPos="0" YPos="156" Width="25" Height="25" />
	<Image Name="10.gif_01" XPos="25" YPos="156" Width="25" Height="25" />
	<Image Name="10.gif_02" XPos="50" YPos="156" Width="25" Height="25" />
	<Image Name="10.gif_03" XPos="75" YPos="156" Width="25" Height="25" />
	<Image Name="11.gif_00" XPos="100" YPos="156" Width="25" Height="25" />
	<Image Name="11.gif_01" XPos="125" YPos="156" Width="25" Height="25" />
	<Image Name="11.gif_02" XPos="150" YPos="156" Width="25" Height="25" />
	<Image Name="11.gif_03" XPos="175" YPos="156" Width="25" Height="25" />
	<Image Name="12.gif_00" XPos="200" YPos="156" Width="25" Height="25" />
	<Image Name="12.gif_01" XPos="225" YPos="156" Width="25" Height="25" />
	<Image Name="12.gif_02" XPos="0" YPos="181" Width="25" Height="25" />
	<Image Name="12.gif_03" XPos="25" YPos="181" Width="25" Height="25" />
	<Image Name="13.gif_00" XPos="50" YPos="181" Width="25" Height="25" />
	<Image Name="13.gif_01" XPos="75" YPos="181" Width="25" Height="25" />
	<Image Name="13.gif_02" XPos="100" YPos="181" Width="25" Height="25" />
	<Image Name="13.gif_03" XPos="125" YPos="181" Width="25" Height="25" />
	<Image Name="13.gif_04" XPos="150" YPos="181" Width="25" Height="25" />
	<Image Name="13.gif_05" XPos="175" YPos="181" Width="25" Height="25" />
	<Image Name="13.gif_06" XPos="200" YPos="181" Width="25" Height="25" />
	<Image Name="13.gif_07" XPos="225" YPos="181" Width="25" Height="25" />
	<Image Name="13.gif_08" XPos="0" YPos="206" Width="25" Height="25" />
	<Image Name="13.gif_09" XPos="25" YPos="206" Width="25" Height="25" />
	<Image Name="14.gif_00" XPos="50" YPos="206" Width="25" Height="25" />
	<Image Name="14.gif_01" XPos="75" YPos="206" Width="25" Height="25" />
	<Image Name="14.gif_02" XPos="100" YPos="206" Width="25" Height="25" />
	<Image Name="14.gif_03" XPos="125" YPos="206" Width="25" Height="25" />
	<Image Name="14.gif_04" XPos="150" YPos="206" Width="25" Height="25" />
	<Image Name="14.gif_05" XPos="175" YPos="206" Width="25" Height="25" />
	<Image Name="15.gif_00" XPos="200" YPos="206" Width="25" Height="25" />
	<Image Name="15.gif_01" XPos="225" YPos="206" Width="25" Height="25" />
	<Image Name="15.gif_02" XPos="0" YPos="231" Width="25" Height="25" />
	<Image Name="15.gif_03" XPos="25" YPos="231" Width="25" Height="25" />
	<Image Name="15.gif_04" XPos="50" YPos="231" Width="25" Height="25" />
	<Image Name="15.gif_05" XPos="75" YPos="231" Width="25" Height="25" />
	<Image Name="15.gif_06" XPos="100" YPos="231" Width="25" Height="25" />
	<Image Name="15.gif_07" XPos="125" YPos="231" Width="25" Height="25" />
	<Image Name="15.gif_08" XPos="150" YPos="231" Width="25" Height="25" />
	<Image Name="15.gif_09" XPos="175" YPos="231" Width="25" Height="25" />
	<Image Name="16.gif_00" XPos="200" YPos="231" Width="25" Height="25" />
	<Image Name="16.gif_01" XPos="225" YPos="231" Width="25" Height="25" />
</Imageset>
