<Imageset Name="Face_02" Imagefile="Common/tga_02.dds" NativeHorzRes="1024" NativeVertRes="768" AutoScaled="true">
	<Image Name="26.gif_08" XPos="0" YPos="6" Width="25" Height="25" />
	<Image Name="27.gif_00" XPos="25" YPos="6" Width="25" Height="25" />
	<Image Name="27.gif_01" XPos="50" YPos="6" Width="25" Height="25" />
	<Image Name="27.gif_02" XPos="75" YPos="6" Width="25" Height="25" />
	<Image Name="27.gif_03" XPos="100" YPos="6" Width="25" Height="25" />
	<Image Name="27.gif_04" XPos="125" YPos="6" Width="25" Height="25" />
	<Image Name="27.gif_05" XPos="150" YPos="6" Width="25" Height="25" />
	<Image Name="27.gif_06" XPos="175" YPos="6" Width="25" Height="25" />
	<Image Name="27.gif_07" XPos="200" YPos="6" Width="25" Height="25" />
	<Image Name="28.gif_00" XPos="225" YPos="6" Width="25" Height="25" />
	<Image Name="28.gif_01" XPos="0" YPos="31" Width="25" Height="25" />
	<Image Name="28.gif_02" XPos="25" YPos="31" Width="25" Height="25" />
	<Image Name="28.gif_03" XPos="50" YPos="31" Width="25" Height="25" />
	<Image Name="28.gif_04" XPos="75" YPos="31" Width="25" Height="25" />
	<Image Name="29.gif_00" XPos="100" YPos="31" Width="25" Height="25" />
	<Image Name="29.gif_01" XPos="125" YPos="31" Width="25" Height="25" />
	<Image Name="29.gif_02" XPos="150" YPos="31" Width="25" Height="25" />
	<Image Name="29.gif_03" XPos="175" YPos="31" Width="25" Height="25" />
	<Image Name="29.gif_04" XPos="200" YPos="31" Width="25" Height="25" />
	<Image Name="30.gif_00" XPos="225" YPos="31" Width="25" Height="25" />
	<Image Name="30.gif_01" XPos="0" YPos="56" Width="25" Height="25" />
	<Image Name="30.gif_02" XPos="25" YPos="56" Width="25" Height="25" />
	<Image Name="30.gif_03" XPos="50" YPos="56" Width="25" Height="25" />
	<Image Name="31.gif_00" XPos="75" YPos="56" Width="25" Height="25" />
	<Image Name="31.gif_01" XPos="100" YPos="56" Width="25" Height="25" />
	<Image Name="31.gif_02" XPos="125" YPos="56" Width="25" Height="25" />
	<Image Name="31.gif_03" XPos="150" YPos="56" Width="25" Height="25" />
	<Image Name="32.gif_00" XPos="175" YPos="56" Width="25" Height="25" />
	<Image Name="32.gif_01" XPos="200" YPos="56" Width="25" Height="25" />
	<Image Name="32.gif_02" XPos="225" YPos="56" Width="25" Height="25" />
	<Image Name="32.gif_03" XPos="0" YPos="81" Width="25" Height="25" />
	<Image Name="32.gif_04" XPos="25" YPos="81" Width="25" Height="25" />
	<Image Name="32.gif_05" XPos="50" YPos="81" Width="25" Height="25" />
	<Image Name="33.gif_00" XPos="75" YPos="81" Width="25" Height="25" />
	<Image Name="33.gif_01" XPos="100" YPos="81" Width="25" Height="25" />
	<Image Name="33.gif_02" XPos="125" YPos="81" Width="25" Height="25" />
	<Image Name="33.gif_03" XPos="150" YPos="81" Width="25" Height="25" />
	<Image Name="33.gif_04" XPos="175" YPos="81" Width="25" Height="25" />
	<Image Name="33.gif_05" XPos="200" YPos="81" Width="25" Height="25" />
	<Image Name="33.gif_06" XPos="225" YPos="81" Width="25" Height="25" />
	<Image Name="33.gif_07" XPos="0" YPos="106" Width="25" Height="25" />
	<Image Name="33.gif_08" XPos="25" YPos="106" Width="25" Height="25" />
	<Image Name="33.gif_09" XPos="50" YPos="106" Width="25" Height="25" />
	<Image Name="33.gif_10" XPos="75" YPos="106" Width="25" Height="25" />
	<Image Name="33.gif_11" XPos="100" YPos="106" Width="25" Height="25" />
	<Image Name="33.gif_12" XPos="125" YPos="106" Width="25" Height="25" />
	<Image Name="34.gif_00" XPos="150" YPos="106" Width="25" Height="25" />
	<Image Name="34.gif_01" XPos="175" YPos="106" Width="25" Height="25" />
	<Image Name="35.gif_00" XPos="200" YPos="106" Width="25" Height="25" />
	<Image Name="35.gif_01" XPos="225" YPos="106" Width="25" Height="25" />
	<Image Name="35.gif_02" XPos="0" YPos="131" Width="25" Height="25" />
	<Image Name="35.gif_03" XPos="25" YPos="131" Width="25" Height="25" />
	<Image Name="35.gif_04" XPos="50" YPos="131" Width="25" Height="25" />
	<Image Name="35.gif_05" XPos="75" YPos="131" Width="25" Height="25" />
	<Image Name="35.gif_06" XPos="100" YPos="131" Width="25" Height="25" />
	<Image Name="35.gif_07" XPos="125" YPos="131" Width="25" Height="25" />
	<Image Name="35.gif_08" XPos="150" YPos="131" Width="25" Height="25" />
	<Image Name="35.gif_09" XPos="175" YPos="131" Width="25" Height="25" />
	<Image Name="35.gif_10" XPos="200" YPos="131" Width="25" Height="25" />
	<Image Name="35.gif_11" XPos="225" YPos="131" Width="25" Height="25" />
	<Image Name="35.gif_12" XPos="0" YPos="156" Width="25" Height="25" />
	<Image Name="35.gif_13" XPos="25" YPos="156" Width="25" Height="25" />
	<Image Name="36.gif_00" XPos="50" YPos="156" Width="25" Height="25" />
	<Image Name="36.gif_01" XPos="75" YPos="156" Width="25" Height="25" />
	<Image Name="36.gif_02" XPos="100" YPos="156" Width="25" Height="25" />
	<Image Name="36.gif_03" XPos="125" YPos="156" Width="25" Height="25" />
	<Image Name="37.gif_00" XPos="150" YPos="156" Width="25" Height="25" />
	<Image Name="37.gif_01" XPos="175" YPos="156" Width="25" Height="25" />
	<Image Name="37.gif_02" XPos="200" YPos="156" Width="25" Height="25" />
	<Image Name="37.gif_03" XPos="225" YPos="156" Width="25" Height="25" />
	<Image Name="38.gif_00" XPos="0" YPos="181" Width="25" Height="25" />
	<Image Name="38.gif_01" XPos="25" YPos="181" Width="25" Height="25" />
	<Image Name="38.gif_02" XPos="50" YPos="181" Width="25" Height="25" />
	<Image Name="38.gif_03" XPos="75" YPos="181" Width="25" Height="25" />
	<Image Name="38.gif_04" XPos="100" YPos="181" Width="25" Height="25" />
	<Image Name="38.gif_05" XPos="125" YPos="181" Width="25" Height="25" />
	<Image Name="38.gif_06" XPos="150" YPos="181" Width="25" Height="25" />
	<Image Name="38.gif_07" XPos="175" YPos="181" Width="25" Height="25" />
	<Image Name="38.gif_08" XPos="200" YPos="181" Width="25" Height="25" />
	<Image Name="38.gif_09" XPos="225" YPos="181" Width="25" Height="25" />
	<Image Name="38.gif_10" XPos="0" YPos="206" Width="25" Height="25" />
	<Image Name="38.gif_11" XPos="25" YPos="206" Width="25" Height="25" />
	<Image Name="38.gif_12" XPos="50" YPos="206" Width="25" Height="25" />
	<Image Name="39.gif_00" XPos="75" YPos="206" Width="25" Height="25" />
	<Image Name="39.gif_01" XPos="100" YPos="206" Width="25" Height="25" />
	<Image Name="40.gif_00" XPos="125" YPos="206" Width="25" Height="25" />
	<Image Name="40.gif_01" XPos="150" YPos="206" Width="25" Height="25" />
	<Image Name="40.gif_02" XPos="175" YPos="206" Width="25" Height="25" />
	<Image Name="40.gif_03" XPos="200" YPos="206" Width="25" Height="25" />
	<Image Name="40.gif_04" XPos="225" YPos="206" Width="25" Height="25" />
	<Image Name="40.gif_05" XPos="0" YPos="231" Width="25" Height="25" />
	<Image Name="41.gif_00" XPos="25" YPos="231" Width="25" Height="25" />
	<Image Name="41.gif_01" XPos="50" YPos="231" Width="25" Height="25" />
	<Image Name="41.gif_02" XPos="75" YPos="231" Width="25" Height="25" />
	<Image Name="41.gif_03" XPos="100" YPos="231" Width="25" Height="25" />
	<Image Name="42.gif_00" XPos="125" YPos="231" Width="25" Height="25" />
	<Image Name="42.gif_01" XPos="150" YPos="231" Width="25" Height="25" />
	<Image Name="42.gif_02" XPos="175" YPos="231" Width="25" Height="25" />
	<Image Name="42.gif_03" XPos="200" YPos="231" Width="25" Height="25" />
	<Image Name="42.gif_04" XPos="225" YPos="231" Width="25" Height="25" />
</Imageset>
