<Imageset Name="Face_13" Imagefile="Common/tga_13.dds" NativeHorzRes="1024" NativeVertRes="768" AutoScaled="true">
	<Image Name="167.gif_01" XPos="0" YPos="0" Width="32" Height="32" />
	<Image Name="167.gif_02" XPos="32" YPos="0" Width="32" Height="32" />
	<Image Name="167.gif_03" XPos="64" YPos="0" Width="32" Height="32" />
	<Image Name="167.gif_04" XPos="96" YPos="0" Width="32" Height="32" />
	<Image Name="168.gif_00" XPos="128" YPos="0" Width="32" Height="32" />
	<Image Name="168.gif_01" XPos="160" YPos="0" Width="32" Height="32" />
	<Image Name="168.gif_02" XPos="192" YPos="0" Width="32" Height="32" />
	<Image Name="168.gif_03" XPos="224" YPos="0" Width="32" Height="32" />
	<Image Name="168.gif_04" XPos="0" YPos="32" Width="32" Height="32" />
	<Image Name="168.gif_05" XPos="32" YPos="32" Width="32" Height="32" />
	<Image Name="168.gif_06" XPos="64" YPos="32" Width="32" Height="32" />
	<Image Name="169.gif_00" XPos="96" YPos="32" Width="32" Height="32" />
	<Image Name="169.gif_01" XPos="128" YPos="32" Width="32" Height="32" />
	<Image Name="169.gif_02" XPos="160" YPos="32" Width="32" Height="32" />
	<Image Name="169.gif_03" XPos="192" YPos="32" Width="32" Height="32" />
	<Image Name="169.gif_04" XPos="224" YPos="32" Width="32" Height="32" />
	<Image Name="169.gif_05" XPos="0" YPos="64" Width="32" Height="32" />
	<Image Name="169.gif_06" XPos="32" YPos="64" Width="32" Height="32" />
	<Image Name="169.gif_07" XPos="64" YPos="64" Width="32" Height="32" />
	<Image Name="169.gif_08" XPos="96" YPos="64" Width="32" Height="32" />
	<Image Name="169.gif_09" XPos="128" YPos="64" Width="32" Height="32" />
	<Image Name="170.gif_00" XPos="160" YPos="64" Width="32" Height="32" />
	<Image Name="170.gif_01" XPos="192" YPos="64" Width="32" Height="32" />
	<Image Name="170.gif_02" XPos="224" YPos="64" Width="32" Height="32" />
	<Image Name="170.gif_03" XPos="0" YPos="96" Width="32" Height="32" />
	<Image Name="171.gif_00" XPos="32" YPos="96" Width="32" Height="32" />
	<Image Name="171.gif_01" XPos="64" YPos="96" Width="32" Height="32" />
	<Image Name="171.gif_02" XPos="96" YPos="96" Width="32" Height="32" />
	<Image Name="171.gif_03" XPos="128" YPos="96" Width="32" Height="32" />
	<Image Name="171.gif_04" XPos="160" YPos="96" Width="32" Height="32" />
	<Image Name="171.gif_05" XPos="192" YPos="96" Width="32" Height="32" />
	<Image Name="171.gif_06" XPos="224" YPos="96" Width="32" Height="32" />
</Imageset>
