<Imageset Name="Face_10" Imagefile="Common/tga_10.dds" NativeHorzRes="1024" NativeVertRes="768" AutoScaled="true">
	<Image Name="136.gif_00" XPos="0" YPos="0" Width="32" Height="32" />
	<Image Name="136.gif_01" XPos="32" YPos="0" Width="32" Height="32" />
	<Image Name="136.gif_02" XPos="64" YPos="0" Width="32" Height="32" />
	<Image Name="136.gif_03" XPos="96" YPos="0" Width="32" Height="32" />
	<Image Name="136.gif_04" XPos="128" YPos="0" Width="32" Height="32" />
	<Image Name="136.gif_05" XPos="160" YPos="0" Width="32" Height="32" />
	<Image Name="136.gif_06" XPos="192" YPos="0" Width="32" Height="32" />
	<Image Name="136.gif_07" XPos="224" YPos="0" Width="32" Height="32" />
	<Image Name="136.gif_08" XPos="0" YPos="32" Width="32" Height="32" />
	<Image Name="136.gif_09" XPos="32" YPos="32" Width="32" Height="32" />
	<Image Name="136.gif_10" XPos="64" YPos="32" Width="32" Height="32" />
	<Image Name="136.gif_11" XPos="96" YPos="32" Width="32" Height="32" />
	<Image Name="136.gif_12" XPos="128" YPos="32" Width="32" Height="32" />
	<Image Name="136.gif_13" XPos="160" YPos="32" Width="32" Height="32" />
	<Image Name="136.gif_14" XPos="192" YPos="32" Width="32" Height="32" />
	<Image Name="136.gif_15" XPos="224" YPos="32" Width="32" Height="32" />
	<Image Name="136.gif_16" XPos="0" YPos="64" Width="32" Height="32" />
	<Image Name="137.gif_00" XPos="32" YPos="64" Width="32" Height="32" />
	<Image Name="137.gif_01" XPos="64" YPos="64" Width="32" Height="32" />
	<Image Name="137.gif_02" XPos="96" YPos="64" Width="32" Height="32" />
	<Image Name="137.gif_03" XPos="128" YPos="64" Width="32" Height="32" />
	<Image Name="138.gif_00" XPos="160" YPos="64" Width="32" Height="32" />
	<Image Name="138.gif_01" XPos="192" YPos="64" Width="32" Height="32" />
	<Image Name="139.gif_00" XPos="224" YPos="64" Width="32" Height="32" />
	<Image Name="139.gif_01" XPos="0" YPos="96" Width="32" Height="32" />
	<Image Name="139.gif_02" XPos="32" YPos="96" Width="32" Height="32" />
	<Image Name="140.gif_00" XPos="64" YPos="96" Width="32" Height="32" />
	<Image Name="140.gif_01" XPos="96" YPos="96" Width="32" Height="32" />
	<Image Name="140.gif_02" XPos="128" YPos="96" Width="32" Height="32" />
	<Image Name="140.gif_03" XPos="160" YPos="96" Width="32" Height="32" />
	<Image Name="141.gif_00" XPos="192" YPos="96" Width="32" Height="32" />
	<Image Name="141.gif_01" XPos="224" YPos="96" Width="32" Height="32" />
	<Image Name="141.gif_02" XPos="0" YPos="128" Width="32" Height="32" />
	<Image Name="141.gif_03" XPos="32" YPos="128" Width="32" Height="32" />
	<Image Name="141.gif_04" XPos="64" YPos="128" Width="32" Height="32" />
	<Image Name="141.gif_05" XPos="96" YPos="128" Width="32" Height="32" />
	<Image Name="141.gif_06" XPos="128" YPos="128" Width="32" Height="32" />
	<Image Name="142.gif_00" XPos="160" YPos="128" Width="32" Height="32" />
	<Image Name="142.gif_01" XPos="192" YPos="128" Width="32" Height="32" />
	<Image Name="142.gif_02" XPos="224" YPos="128" Width="32" Height="32" />
	<Image Name="142.gif_03" XPos="0" YPos="160" Width="32" Height="32" />
	<Image Name="142.gif_04" XPos="32" YPos="160" Width="32" Height="32" />
  <Image Name="142.gif_05" XPos="64" YPos="160" Width="32" Height="32" />
  <Image Name="142.gif_06" XPos="96" YPos="160" Width="32" Height="32" />
  <Image Name="142.gif_07" XPos="128" YPos="160" Width="32" Height="32" />
  <Image Name="142.gif_08" XPos="160" YPos="160" Width="32" Height="32" />
  <Image Name="143.gif_00" XPos="192" YPos="160" Width="32" Height="32" />
  <Image Name="143.gif_01" XPos="224" YPos="160" Width="32" Height="32" />
  <Image Name="143.gif_02" XPos="0" YPos="192" Width="32" Height="32" />
  <Image Name="143.gif_03" XPos="32" YPos="192" Width="32" Height="32" />
  <Image Name="143.gif_04" XPos="64" YPos="192" Width="32" Height="32" />
  <Image Name="143.gif_05" XPos="96" YPos="192" Width="32" Height="32" />
  <Image Name="143.gif_06" XPos="128" YPos="192" Width="32" Height="32" />
  <Image Name="144.gif_00" XPos="160" YPos="192" Width="32" Height="32" />
  <Image Name="144.gif_01" XPos="192" YPos="192" Width="32" Height="32" />
  <Image Name="144.gif_02" XPos="224" YPos="192" Width="32" Height="32" />
  <Image Name="144.gif_03" XPos="0" YPos="224" Width="32" Height="32" />
  <Image Name="144.gif_04" XPos="32" YPos="224" Width="32" Height="32" />
  <Image Name="144.gif_05" XPos="64" YPos="224" Width="32" Height="32" />
  <Image Name="144.gif_06" XPos="96" YPos="224" Width="32" Height="32" />
  <Image Name="144.gif_07" XPos="128" YPos="224" Width="32" Height="32" />
  <Image Name="144.gif_08" XPos="160" YPos="224" Width="32" Height="32" />
  <Image Name="144.gif_09" XPos="192" YPos="224" Width="32" Height="32" />
  <Image Name="144.gif_10" XPos="224" YPos="224" Width="32" Height="32" />
</Imageset>
