<Imageset Name="Face_08" Imagefile="Common/tga_08.dds" NativeHorzRes="1024" NativeVertRes="768" AutoScaled="true">
	<Image Name="111.gif_00" XPos="0" YPos="0" Width="32" Height="32" />
	<Image Name="111.gif_01" XPos="32" YPos="0" Width="32" Height="32" />
	<Image Name="111.gif_02" XPos="64" YPos="0" Width="32" Height="32" />
	<Image Name="111.gif_03" XPos="96" YPos="0" Width="32" Height="32" />
	<Image Name="112.gif_00" XPos="128" YPos="0" Width="32" Height="32" />
	<Image Name="112.gif_01" XPos="160" YPos="0" Width="32" Height="32" />
	<Image Name="113.gif_00" XPos="192" YPos="0" Width="32" Height="32" />
	<Image Name="113.gif_01" XPos="224" YPos="0" Width="32" Height="32" />
	<Image Name="113.gif_02" XPos="0" YPos="32" Width="32" Height="32" />
	<Image Name="113.gif_03" XPos="32" YPos="32" Width="32" Height="32" />
	<Image Name="113.gif_04" XPos="64" YPos="32" Width="32" Height="32" />
	<Image Name="113.gif_05" XPos="96" YPos="32" Width="32" Height="32" />
	<Image Name="113.gif_06" XPos="128" YPos="32" Width="32" Height="32" />
	<Image Name="113.gif_07" XPos="160" YPos="32" Width="32" Height="32" />
	<Image Name="113.gif_08" XPos="192" YPos="32" Width="32" Height="32" />
	<Image Name="113.gif_09" XPos="224" YPos="32" Width="32" Height="32" />
	<Image Name="113.gif_10" XPos="0" YPos="64" Width="32" Height="32" />
	<Image Name="113.gif_11" XPos="32" YPos="64" Width="32" Height="32" />
	<Image Name="114.gif_00" XPos="64" YPos="64" Width="32" Height="32" />
	<Image Name="114.gif_01" XPos="96" YPos="64" Width="32" Height="32" />
	<Image Name="115.gif_00" XPos="128" YPos="64" Width="32" Height="32" />
	<Image Name="115.gif_01" XPos="160" YPos="64" Width="32" Height="32" />
	<Image Name="115.gif_02" XPos="192" YPos="64" Width="32" Height="32" />
	<Image Name="115.gif_03" XPos="224" YPos="64" Width="32" Height="32" />
	<Image Name="115.gif_04" XPos="0" YPos="96" Width="32" Height="32" />
	<Image Name="116.gif_00" XPos="32" YPos="96" Width="32" Height="32" />
	<Image Name="116.gif_01" XPos="64" YPos="96" Width="32" Height="32" />
	<Image Name="116.gif_02" XPos="96" YPos="96" Width="32" Height="32" />
	<Image Name="116.gif_03" XPos="128" YPos="96" Width="32" Height="32" />
	<Image Name="117.gif_00" XPos="160" YPos="96" Width="32" Height="32" />
	<Image Name="117.gif_01" XPos="192" YPos="96" Width="32" Height="32" />
	<Image Name="117.gif_02" XPos="224" YPos="96" Width="32" Height="32" />
	<Image Name="117.gif_03" XPos="0" YPos="128" Width="32" Height="32" />
	<Image Name="117.gif_04" XPos="32" YPos="128" Width="32" Height="32" />
	<Image Name="117.gif_05" XPos="64" YPos="128" Width="32" Height="32" />
	<Image Name="117.gif_06" XPos="96" YPos="128" Width="32" Height="32" />
	<Image Name="117.gif_07" XPos="128" YPos="128" Width="32" Height="32" />
	<Image Name="117.gif_08" XPos="160" YPos="128" Width="32" Height="32" />
	<Image Name="117.gif_09" XPos="192" YPos="128" Width="32" Height="32" />
	<Image Name="117.gif_10" XPos="224" YPos="128" Width="32" Height="32" />
	<Image Name="117.gif_11" XPos="0" YPos="160" Width="32" Height="32" />
	<Image Name="117.gif_12" XPos="32" YPos="160" Width="32" Height="32" />
	<Image Name="117.gif_13" XPos="64" YPos="160" Width="32" Height="32" />
	<Image Name="117.gif_14" XPos="96" YPos="160" Width="32" Height="32" />
	<Image Name="117.gif_15" XPos="128" YPos="160" Width="32" Height="32" />
	<Image Name="118.gif_00" XPos="160" YPos="160" Width="32" Height="32" />
	<Image Name="118.gif_01" XPos="192" YPos="160" Width="32" Height="32" />
	<Image Name="118.gif_02" XPos="224" YPos="160" Width="32" Height="32" />
	<Image Name="118.gif_03" XPos="0" YPos="192" Width="32" Height="32" />
	<Image Name="118.gif_04" XPos="32" YPos="192" Width="32" Height="32" />
	<Image Name="118.gif_05" XPos="64" YPos="192" Width="32" Height="32" />
	<Image Name="118.gif_06" XPos="96" YPos="192" Width="32" Height="32" />
	<Image Name="119.gif_00" XPos="128" YPos="192" Width="32" Height="32" />
	<Image Name="119.gif_01" XPos="160" YPos="192" Width="32" Height="32" />
	<Image Name="120.gif_00" XPos="192" YPos="192" Width="32" Height="32" />
	<Image Name="120.gif_01" XPos="224" YPos="192" Width="32" Height="32" />
	<Image Name="120.gif_02" XPos="0" YPos="224" Width="32" Height="32" />
	<Image Name="120.gif_03" XPos="32" YPos="224" Width="32" Height="32" />
	<Image Name="120.gif_04" XPos="64" YPos="224" Width="32" Height="32" />
	<Image Name="120.gif_05" XPos="96" YPos="224" Width="32" Height="32" />
	<Image Name="120.gif_06" XPos="128" YPos="224" Width="32" Height="32" />
	<Image Name="120.gif_07" XPos="160" YPos="224" Width="32" Height="32" />
	<Image Name="121.gif_00" XPos="192" YPos="224" Width="32" Height="32" />
	<Image Name="121.gif_01" XPos="224" YPos="224" Width="32" Height="32" />
</Imageset>
