<?xml version="1.0" ?>
<Imageset Name="MiniMap_Icon4" Imagefile="Common/tga_MiniMap_Icon4.dds" NativeHorzRes="1024" NativeVertRes="768" AutoScaled="true">
  <Image Name="Samaerhan_Normal" XPos="5" YPos="8" Width="80" Height="9" />	
  <Image Name="Samaerhan_Hover" XPos="5" YPos="8" Width="80" Height="9" />		
  <Image Name="Dawan_Normal" XPos="4" YPos="20" Width="48" Height="11" />	
  <Image Name="Dawan_Hover" XPos="4" YPos="20" Width="48" Height="11" />
  <Image Name="Loulan_Normal" XPos="5" YPos="56" Width="41" Height="10" />	
  <Image Name="Loulan_Hover" XPos="5" YPos="56" Width="41" Height="10" /> 
  <Image Name="Gaochang_Normal" XPos="5" YPos="69" Width="63" Height="9" />	
  <Image Name="Gaochang_Hover" XPos="5" YPos="69" Width="63" Height="9" />   
  <Image Name="Talimu_Normal" XPos="5" YPos="44" Width="68" Height="11" />	
  <Image Name="Talimu_Hover" XPos="5" YPos="44" Width="68" Height="11" /> 
  <Image Name="Kunlunshan_Normal" XPos="5" YPos="32" Width="70" Height="10" />	
  <Image Name="Kunlunshan_Hover" XPos="5" YPos="32" Width="70" Height="10" />
  <Image Name="Huoyanshan_Normal" XPos="5" YPos="80" Width="74" Height="11" />	
  <Image Name="Huoyanshan_Hover" XPos="5" YPos="80" Width="74" Height="11" /> 
  <Image Name="Sign47_Normal" XPos="165" YPos="5" Width="77" Height="48" />
  <Image Name="Sign47_Hover" XPos="88" YPos="5" Width="77" Height="48" />
  <Image Name="Sign48_Normal" XPos="190" YPos="191" Width="52" Height="28" />
  <Image Name="Sign48_Hover" XPos="190" YPos="155" Width="52" Height="28" />
  <Image Name="Sign49_Normal" XPos="115" YPos="56" Width="26" Height="38" />
  <Image Name="Sign49_Hover" XPos="115" YPos="56" Width="26" Height="38" />
  <Image Name="Sign50_Normal" XPos="134" YPos="222" Width="44" Height="23" />
  <Image Name="Sign50_Hover" XPos="82" YPos="222" Width="44" Height="23" />
  <Image Name="Sign51_Normal" XPos="202" YPos="66" Width="42" Height="23" />
  <Image Name="Sign51_Hover" XPos="202" YPos="66" Width="42" Height="23" /> 
  
</Imageset>