<?xml version="1.0" ?>
<Imageset Name="MiniMap_Icon5" Imagefile="Common/tga_MiniMap_Icon5.dds" NativeHorzRes="1024" NativeVertRes="768" AutoScaled="true">

  <Image Name="Huoyangu_Normal" XPos="8" YPos="98" Width="72" Height="12" />	
  <Image Name="Huoyangu_Hover" XPos="8" YPos="98" Width="72" Height="12" />		
  
  <Image Name="Gaochangmigong_Normal" XPos="8" YPos="81" Width="102" Height="12" />	
  <Image Name="Gaochangmigong_Hover" XPos="8" YPos="81" Width="102" Height="12" />	
  
  <Image Name="Takelamagan_Normal" XPos="8" YPos="62" Width="114" Height="12" />	
  <Image Name="Takelamagan_Hover" XPos="8" YPos="62" Width="114" Height="12" />	
  
  <Image Name="Kunlunfudi_Normal" XPos="8" YPos="46" Width="116" Height="12" />	
  <Image Name="Kunlunfudi_Hover" XPos="8" YPos="46" Width="116" Height="12" />	  
  
  <Image Name="Hanxieling_Normal" XPos="8" YPos="27" Width="74" Height="12" />	
  <Image Name="Hanxieling_Hover" XPos="8" YPos="27" Width="74" Height="12" />  
  
  <Image Name="Shenghuogong_Normal" XPos="8" YPos="10" Width="88" Height="12" />	
  <Image Name="Shenghuogong_Hover" XPos="8" YPos="10" Width="88" Height="12" />
  
  <Image Name="Suheguzhen_Normal" XPos="8" YPos="104" Width="80" Height="12" />	
  <Image Name="Suheguzhen_Hover" XPos="8" YPos="104" Width="80" Height="12" /> 
  
  <Image Name="qinhuanggong_Normal" XPos="8" YPos="134" Width="102" Height="12" />	
  <Image Name="qinhuanggong_Hover" XPos="8" YPos="134" Width="102" Height="12" />   
  
  
	<Image Name="Sign54_Normal" XPos="190" YPos="41" Width="55" Height="37" />
	<Image Name="Sign54_Hover" XPos="190" YPos="3" Width="55" Height="37" />
	<Image Name="Sign55_Normal" XPos="194" YPos="141" Width="47" Height="50" />
	<Image Name="Sign55_Hover" XPos="194" YPos="86" Width="47" Height="50" />
  
  
	<Image Name="Qingyuan_Normal" XPos="105" YPos="10" Width="72" Height="12" />
	<Image Name="Qingyuan_Hover" XPos="105" YPos="10" Width="72" Height="12" />
  
	<Image Name="Qingyuanshandong_Normal" XPos="105" YPos="29" Width="95" Height="12" />
	<Image Name="Qingyuanshandong_Hover" XPos="105" YPos="29" Width="95" Height="12" />
  
  
  <Image Name="Gusu_Normal" XPos="8" YPos="152" Width="84" Height="12" />
  <Image Name="Gusu_Hover" XPos="8" YPos="152" Width="84" Height="12" />
</Imageset>
