<?xml version="1.0" ?>
	<Imageset Name="ServerChronicle1" Imagefile="Common/tga_ServerChronicle1.dds" NativeHorzRes="1024" NativeVertRes="768" AutoScaled="false">
    <Image Name="SerChrInfo1_Left" XPos="0" YPos="0" Width="20" Height="60" />
    <Image Name="SerChrInfo1_Mid" XPos="20" YPos="0" Width="22" Height="60" />
    <Image Name="SerChrInfo1_Right" XPos="42" YPos="0" Width="20" Height="60" />

    <Image Name="SerChrInfo2_Left" XPos="62" YPos="0" Width="20" Height="60" />
    <Image Name="SerChrInfo2_Mid" XPos="82" YPos="0" Width="22" Height="60" />
    <Image Name="SerChrInfo2_Right" XPos="104" YPos="0" Width="20" Height="60" />
    
    <Image Name="SerChrButton1_Left_Normal" XPos="0" YPos="60" Width="12" Height="25" />
    <Image Name="SerChrButton1_Mid_Normal" XPos="12" YPos="60" Width="20" Height="25" />
    <Image Name="SerChrButton1_Right_Normal" XPos="32" YPos="60" Width="12" Height="25" />
    <Image Name="SerChrButton1_Left_Hover" XPos="0" YPos="85" Width="12" Height="25" />
    <Image Name="SerChrButton1_Mid_Hover" XPos="12" YPos="85" Width="20" Height="25" />
    <Image Name="SerChrButton1_Right_Hover" XPos="32" YPos="85" Width="12" Height="25" />
    <Image Name="SerChrButton1_Left_Pushed" XPos="0" YPos="110" Width="12" Height="25" />
    <Image Name="SerChrButton1_Mid_Pushed" XPos="12" YPos="110" Width="20" Height="25" />
    <Image Name="SerChrButton1_Right_Pushed" XPos="32" YPos="110" Width="12" Height="25" />
    <Image Name="SerChrButton1_Left_Disable" XPos="0" YPos="135" Width="12" Height="25" />
    <Image Name="SerChrButton1_Mid_Disable" XPos="12" YPos="135" Width="20" Height="25" />
    <Image Name="SerChrButton1_Right_Disable" XPos="32" YPos="135" Width="12" Height="25" />

    <Image Name="SerChrButton2_Left_Normal" XPos="44" YPos="60" Width="12" Height="25" />
    <Image Name="SerChrButton2_Mid_Normal" XPos="56" YPos="60" Width="20" Height="25" />
    <Image Name="SerChrButton2_Right_Normal" XPos="76" YPos="60" Width="12" Height="25" />
    <Image Name="SerChrButton2_Left_Hover" XPos="44" YPos="85" Width="12" Height="25" />
    <Image Name="SerChrButton2_Mid_Hover" XPos="56" YPos="85" Width="20" Height="25" />
    <Image Name="SerChrButton2_Right_Hover" XPos="76" YPos="85" Width="12" Height="25" />
    <Image Name="SerChrButton2_Left_Pushed" XPos="44" YPos="110" Width="12" Height="25" />
    <Image Name="SerChrButton2_Mid_Pushed" XPos="56" YPos="110" Width="20" Height="25" />
    <Image Name="SerChrButton2_Right_Pushed" XPos="76" YPos="110" Width="12" Height="25" />
    <Image Name="SerChrButton2_Left_Disable" XPos="44" YPos="135" Width="12" Height="25" />
    <Image Name="SerChrButton2_Mid_Disable" XPos="56" YPos="135" Width="20" Height="25" />
    <Image Name="SerChrButton2_Right_Disable" XPos="76" YPos="135" Width="12" Height="25" />

    <Image Name="BaYePianButton_Normal" XPos="0" YPos="161" Width="120" Height="23" />
    <Image Name="BaYePianButton_Hover" XPos="0" YPos="184" Width="120" Height="23" />
    <Image Name="BaYePianButton_Pushed" XPos="0" YPos="207" Width="120" Height="23" />
    <Image Name="BaYePianButton_Disable" XPos="0" YPos="330" Width="120" Height="23" />

    <Image Name="DaShiJiButton_Normal" XPos="124" YPos="0" Width="120" Height="23" />
    <Image Name="DaShiJiButton_Hover" XPos="124" YPos="23" Width="120" Height="23" />
    <Image Name="DaShiJiButton_Pushed" XPos="124" YPos="46" Width="120" Height="23" />
    <Image Name="DaShiJiButton_Disable" XPos="124" YPos="69" Width="120" Height="23" />

    <Image Name="QiWenShiButton_Normal" XPos="124" YPos="92" Width="120" Height="23" />
    <Image Name="QiWenShiButton_Hover" XPos="124" YPos="115" Width="120" Height="23" />
    <Image Name="QiWenShiButton_Pushed" XPos="124" YPos="138" Width="120" Height="23" />
    <Image Name="QiWenShiButton_Disable" XPos="124" YPos="161" Width="120" Height="23" />
 
    <Image Name="SerChrPictures" XPos="124" YPos="184" Width="61" Height="63" />
    
    <Image Name="Lace_SerChrFrame_LT" XPos="186" YPos="184" Width="10" Height="10" />
    <Image Name="Lace_SerChrFrame_RT" XPos="221" YPos="184" Width="10" Height="10" />
    <Image Name="Lace_SerChrFrame_LB" XPos="186" YPos="217" Width="10" Height="10" />
    <Image Name="Lace_SerChrFrame_RB" XPos="221" YPos="217" Width="10" Height="10" />
    <Image Name="Lace_SerChrFrame_L" XPos="186" YPos="194" Width="10" Height="23" />
    <Image Name="Lace_SerChrFrame_R" XPos="221" YPos="194" Width="10" Height="23" />
    <Image Name="Lace_SerChrFrame_T" XPos="196" YPos="184" Width="25" Height="10" />
    <Image Name="Lace_SerChrFrame_B" XPos="196" YPos="217" Width="25" Height="10" />
    <Image Name="Lace_SerChrFrame_BK" XPos="197" YPos="197" Width="10" Height="10" />

    <Image Name="ServerChronicle_DaShiJi" XPos="90" YPos="60" Width="25" Height="25" />
    <Image Name="ServerChronicle_QianQiuBaYe" XPos="90" YPos="85" Width="25" Height="25" />
    <Image Name="ServerChronicle_QiWenShi" XPos="90" YPos="110" Width="25" Height="25" />
	</Imageset>