<Imageset Name="stall04" Imagefile="Common/tga_stall04.dds" NativeHorzRes="1024" NativeVertRes="768" AutoScaled="true">
	<Image Name="chongwu.gif_08" XPos="1" YPos="1" Width="74" Height="78" />
	<Image Name="chongwu.gif_09" XPos="76" YPos="1" Width="74" Height="78" />
	<Image Name="yifu.gif_00" XPos="1" YPos="80" Width="74" Height="78" />
	<Image Name="yifu.gif_01" XPos="76" YPos="80" Width="74" Height="78" />
	<Image Name="yifu.gif_02" XPos="1" YPos="159" Width="74" Height="78" />
	<Image Name="yifu.gif_03" XPos="76" YPos="159" Width="74" Height="78" />
	<Image Name="yifu.gif_04" XPos="151" YPos="1" Width="74" Height="78" />
	<Image Name="yifu.gif_05" XPos="151" YPos="80" Width="74" Height="78" />
</Imageset>
