<Imageset Name="stall06" Imagefile="Common/tga_stall06.dds" NativeHorzRes="1024" NativeVertRes="768" AutoScaled="true">
  <Image Name="nihong.gif_00" XPos="1" YPos="1" Width="74" Height="78" />
  <Image Name="nihong.gif_01" XPos="76" YPos="1" Width="74" Height="78" />
  <Image Name="nihong.gif_02" XPos="1" YPos="80" Width="74" Height="78" />
  <Image Name="nihong.gif_03" XPos="76" YPos="80" Width="74" Height="78" />
  <Image Name="nihong.gif_04" XPos="1" YPos="159" Width="74" Height="78" />
  <Image Name="nihong.gif_05" XPos="76" YPos="159" Width="74" Height="78" />
  <Image Name="nihong.gif_06" XPos="151" YPos="1" Width="74" Height="78" />
  <Image Name="nihong.gif_07" XPos="151" YPos="80" Width="74" Height="78" />
</Imageset>
