<Imageset Name="stall01" Imagefile="Common/tga_stall01.dds" NativeHorzRes="1024" NativeVertRes="768" AutoScaled="true">
	<Image Name="wuqi.gif_08" XPos="1" YPos="1" Width="74" Height="78" />
	<Image Name="wuqi.gif_09" XPos="76" YPos="1" Width="74" Height="78" />
	<Image Name="baoshi.gif_00" XPos="1" YPos="80" Width="74" Height="78" />
	<Image Name="baoshi.gif_01" XPos="76" YPos="80" Width="74" Height="78" />
	<Image Name="baoshi.gif_02" XPos="1" YPos="159" Width="74" Height="78" />
	<Image Name="baoshi.gif_03" XPos="76" YPos="159" Width="74" Height="78" />
	<Image Name="baoshi.gif_04" XPos="151" YPos="1" Width="74" Height="78" />
	<Image Name="baoshi.gif_05" XPos="151" YPos="80" Width="74" Height="78" />
	<Image Name="tusu.gif_00" XPos="157" YPos="172" Width="27" Height="17" />
	<Image Name="tusu.gif_01" XPos="200" YPos="172" Width="27" Height="17" />
	<Image Name="tusu.gif_02" XPos="178" YPos="211" Width="21" Height="17" />
</Imageset>
