<?xml version="1.0" ?>
<Imageset Name="Tianji" Imagefile="Common/tga_Tianji.dds" NativeHorzRes="1024" NativeVertRes="768" AutoScaled="true">	
	<Image Name="Tianji_1" XPos="5" YPos="5" Width="54" Height="54" />
  <Image Name="Tianji_2" XPos="69" YPos="5" Width="54" Height="54" />
  <Image Name="Tianji_3" XPos="133" YPos="5" Width="54" Height="54" />
  <Image Name="Tianji_4" XPos="197" YPos="5" Width="54" Height="54" />
  <Image Name="Tianji_5" XPos="5" YPos="69" Width="54" Height="54" />
  <Image Name="Tianji_0" XPos="69" YPos="69" Width="54" Height="54" />
  <Image Name="Tianji_1_Normal" XPos="2" YPos="2" Width="60" Height="60" />
  <Image Name="Tianji_2_Normal" XPos="66" YPos="2" Width="60" Height="60" />
  <Image Name="Tianji_3_Normal" XPos="130" YPos="2" Width="60" Height="60" />
  <Image Name="Tianji_4_Normal" XPos="194" YPos="2" Width="60" Height="60" />
  <Image Name="Tianji_5_Normal" XPos="2" YPos="66" Width="60" Height="60" />
  <Image Name="Tianji_0_Normal" XPos="66" YPos="66" Width="60" Height="60" />
  <Image Name="Tianji_1_Hover" XPos="-1" YPos="-1" Width="60" Height="60" />
  <Image Name="Tianji_2_Hover" XPos="63" YPos="-1" Width="60" Height="60" />
  <Image Name="Tianji_3_Hover" XPos="127" YPos="-1" Width="60" Height="60" />
  <Image Name="Tianji_4_Hover" XPos="191" YPos="-1" Width="60" Height="60" />
  <Image Name="Tianji_5_Hover" XPos="-1" YPos="63" Width="60" Height="60" />
  <Image Name="Tianji_0_Hover" XPos="63" YPos="63" Width="60" Height="60" />
  <Image Name="Tianji_1_lock" XPos="133" YPos="69" Width="54" Height="54" />
  <Image Name="Tianji_2_lock" XPos="197" YPos="69" Width="54" Height="54" />
  <Image Name="Tianji_3_lock" XPos="5" YPos="133" Width="54" Height="54" />
  <Image Name="Tianji_4_lock" XPos="69" YPos="133" Width="54" Height="54" />
  <Image Name="Tianji_5_lock" XPos="133" YPos="133" Width="54" Height="54" />
  <Image Name="Tianji_0_lock" XPos="197" YPos="133" Width="54" Height="54" />
</Imageset>
