<?xml version="1.0" ?>
<Imageset Name="UI_Common42" Imagefile="Common/tga_UI_Common42.dds" NativeHorzRes="1024" NativeVertRes="768" AutoScaled="true">

     
	 <Image Name="feilong_Tab_01_1" XPos="1" YPos="1" Width="54" Height="54" /> 
	 <Image Name="feilong_Tab_01_2" XPos="56" YPos="1" Width="54" Height="54" /> 
	 <Image Name="feilong_Tab_01_3" XPos="111" YPos="1" Width="54" Height="54" /> 
	 <Image Name="feilong_Tab_02_1" XPos="166" YPos="1" Width="54" Height="54" /> 
	 <Image Name="feilong_Tab_02_2" XPos="221" YPos="1" Width="54" Height="54" /> 
	 <Image Name="feilong_Tab_02_3" XPos="276" YPos="1" Width="54" Height="54" /> 
	 <Image Name="feilong_Tab_03_1" XPos="331" YPos="1" Width="54" Height="54" /> 
	 <Image Name="feilong_Tab_03_2" XPos="386" YPos="1" Width="54" Height="54" /> 
	 <Image Name="feilong_Tab_03_3" XPos="441" YPos="1" Width="54" Height="54" /> 
	 
	 <Image Name="feilong_Tab_04_1" XPos="1" YPos="56" Width="54" Height="54" /> 
	 <Image Name="feilong_Tab_04_2" XPos="56" YPos="56" Width="54" Height="54" /> 
	 <Image Name="feilong_Tab_04_3" XPos="111" YPos="56" Width="54" Height="54" /> 
	 <Image Name="feilong_Tab_05_1" XPos="166" YPos="56" Width="54" Height="54" /> 
	 <Image Name="feilong_Tab_05_2" XPos="221" YPos="56" Width="54" Height="54" /> 
	 <Image Name="feilong_Tab_05_3" XPos="276" YPos="56" Width="54" Height="54" /> 
	 <Image Name="feilong_Tab_06_1" XPos="331" YPos="56" Width="54" Height="54" /> 
	 <Image Name="feilong_Tab_06_2" XPos="386" YPos="56" Width="54" Height="54" /> 
	 <Image Name="feilong_Tab_06_3" XPos="441" YPos="56" Width="54" Height="54" /> 
	 
	  <Image Name="feilong_Tab_07_1" XPos="1" YPos="111" Width="54" Height="54" /> 
	 <Image Name="feilong_Tab_07_2" XPos="56" YPos="111" Width="54" Height="54" /> 
	 <Image Name="feilong_Tab_07_3" XPos="111" YPos="111" Width="54" Height="54" /> 
	 <Image Name="feilong_Tab_08_1" XPos="166" YPos="111" Width="54" Height="54" /> 
	 <Image Name="feilong_Tab_08_2" XPos="221" YPos="111" Width="54" Height="54" /> 
	 <Image Name="feilong_Tab_08_3" XPos="276" YPos="111" Width="54" Height="54" /> 
	 <Image Name="feilong_Tab_09_1" XPos="331" YPos="111" Width="54" Height="54" /> 
	 <Image Name="feilong_Tab_09_2" XPos="386" YPos="111" Width="54" Height="54" /> 
	 <Image Name="feilong_Tab_09_3" XPos="441" YPos="111" Width="54" Height="54" /> 
	 
	  <Image Name="feilong_Tab_10_1" XPos="1" YPos="166" Width="54" Height="54" /> 
	 <Image Name="feilong_Tab_10_2" XPos="56" YPos="166" Width="54" Height="54" /> 
	 <Image Name="feilong_Tab_10_3" XPos="111" YPos="166" Width="54" Height="54" /> 
	 <Image Name="feilong_Tab_11_1" XPos="166" YPos="166" Width="54" Height="54" /> 
	 <Image Name="feilong_Tab_11_2" XPos="221" YPos="166" Width="54" Height="54" /> 
	 <Image Name="feilong_Tab_11_3" XPos="276" YPos="166" Width="54" Height="54" /> 
	 <Image Name="feilong_Tab_12_1" XPos="331" YPos="166" Width="54" Height="54" /> 
	 <Image Name="feilong_Tab_12_2" XPos="386" YPos="166" Width="54" Height="54" /> 
	 <Image Name="feilong_Tab_12_3" XPos="441" YPos="166" Width="54" Height="54" /> 
	 
	 <Image Name="feilong_Tab_13_1" XPos="1" YPos="221" Width="54" Height="54" /> 
	 <Image Name="feilong_Tab_13_2" XPos="56" YPos="221" Width="54" Height="54" /> 
	 <Image Name="feilong_Tab_13_3" XPos="111" YPos="221" Width="54" Height="54" /> 
	 <Image Name="feilong_Tab_14_1" XPos="166" YPos="221" Width="54" Height="54" /> 
	 <Image Name="feilong_Tab_14_2" XPos="221" YPos="221" Width="54" Height="54" /> 
	 <Image Name="feilong_Tab_14_3" XPos="276" YPos="221" Width="54" Height="54" /> 
	 <Image Name="feilong_Tab_15_1" XPos="331" YPos="221" Width="54" Height="54" /> 
	 <Image Name="feilong_Tab_15_2" XPos="386" YPos="221" Width="54" Height="54" /> 
	 <Image Name="feilong_Tab_15_3" XPos="441" YPos="221" Width="54" Height="54" /> 
	 
	 <Image Name="feilong_Tab_16_1" XPos="1" YPos="276" Width="54" Height="54" /> 
	 <Image Name="feilong_Tab_16_2" XPos="56" YPos="276" Width="54" Height="54" /> 
	 <Image Name="feilong_Tab_16_3" XPos="111" YPos="276" Width="54" Height="54" /> 
	 <Image Name="feilong_Tab_17_1" XPos="166" YPos="276" Width="54" Height="54" /> 
	 <Image Name="feilong_Tab_17_2" XPos="221" YPos="276" Width="54" Height="54" /> 
	 <Image Name="feilong_Tab_17_3" XPos="276" YPos="276" Width="54" Height="54" /> 
	 <Image Name="feilong_Tab_18_1" XPos="331" YPos="276" Width="54" Height="54" /> 
	 <Image Name="feilong_Tab_18_2" XPos="386" YPos="276" Width="54" Height="54" /> 
	 <Image Name="feilong_Tab_18_3" XPos="441" YPos="276" Width="54" Height="54" /> 
	 
	 <Image Name="feilong_Tab_19_1" XPos="1" YPos="331" Width="54" Height="54" /> 
	 <Image Name="feilong_Tab_19_2" XPos="56" YPos="331" Width="54" Height="54" /> 
	 <Image Name="feilong_Tab_19_3" XPos="111" YPos="331" Width="54" Height="54" /> 
	 <Image Name="feilong_Tab_20_1" XPos="166" YPos="331" Width="54" Height="54" /> 
	 <Image Name="feilong_Tab_20_2" XPos="221" YPos="331" Width="54" Height="54" /> 
	 <Image Name="feilong_Tab_20_3" XPos="276" YPos="331" Width="54" Height="54" /> 
	 <Image Name="feilong_Tab_21_1" XPos="331" YPos="331" Width="54" Height="54" /> 
	 <Image Name="feilong_Tab_21_2" XPos="386" YPos="331" Width="54" Height="54" /> 
	 <Image Name="feilong_Tab_21_3" XPos="441" YPos="331" Width="54" Height="54" /> 
	 
	 <Image Name="feilong_Tab_22_1" XPos="1" YPos="386" Width="54" Height="54" /> 
	 <Image Name="feilong_Tab_22_2" XPos="56" YPos="386" Width="54" Height="54" /> 
	 <Image Name="feilong_Tab_22_3" XPos="111" YPos="386" Width="54" Height="54" /> 
	 <Image Name="feilong_Tab_23_1" XPos="166" YPos="386" Width="54" Height="54" /> 
	 <Image Name="feilong_Tab_23_2" XPos="221" YPos="386" Width="54" Height="54" /> 
	 <Image Name="feilong_Tab_23_3" XPos="276" YPos="386" Width="54" Height="54" /> 
	 <Image Name="feilong_Tab_24_1" XPos="331" YPos="386" Width="54" Height="54" /> 
	 <Image Name="feilong_Tab_24_2" XPos="386" YPos="386" Width="54" Height="54" /> 
	 <Image Name="feilong_Tab_24_3" XPos="441" YPos="386" Width="54" Height="54" /> 
	 
	 <Image Name="feilong_Tab_25_1" XPos="1" YPos="441" Width="54" Height="54" /> 
	 <Image Name="feilong_Tab_25_2" XPos="56" YPos="441" Width="54" Height="54" /> 
	 <Image Name="feilong_Tab_25_3" XPos="111" YPos="441" Width="54" Height="54" /> 
	 <Image Name="feilong_Tab_26_1" XPos="166" YPos="441" Width="54" Height="54" /> 
	 <Image Name="feilong_Tab_26_2" XPos="221" YPos="441" Width="54" Height="54" /> 
	 <Image Name="feilong_Tab_26_3" XPos="276" YPos="441" Width="54" Height="54" /> 
	 <Image Name="feilong_Tab_27_1" XPos="331" YPos="441" Width="54" Height="54" /> 
	 <Image Name="feilong_Tab_27_2" XPos="386" YPos="441" Width="54" Height="54" /> 
	 <Image Name="feilong_Tab_27_3" XPos="441" YPos="441" Width="54" Height="54" /> 
	 
	 <Image Name="feilong_Tab_Spec_1" XPos="441" YPos="441" Width="54" Height="54" /> 
	 <Image Name="feilong_Tab_Spec_2" XPos="441" YPos="441" Width="54" Height="54" /> 
	 <Image Name="feilong_Tab_Spec_3" XPos="441" YPos="441" Width="54" Height="54" /> 
	 <Image Name="feilong_Tab_Spec_4" XPos="441" YPos="441" Width="54" Height="54" /> 
	 <Image Name="feilong_Tab_Spec_5" XPos="441" YPos="441" Width="54" Height="54" /> 
	 <Image Name="feilong_Tab_Spec_6" XPos="441" YPos="441" Width="54" Height="54" /> 
	 <Image Name="feilong_Tab_Spec_7" XPos="441" YPos="441" Width="54" Height="54" /> 
	 <Image Name="feilong_Tab_Spec_8" XPos="441" YPos="441" Width="54" Height="54" /> 
	 <Image Name="feilong_Tab_Spec_9" XPos="441" YPos="441" Width="54" Height="54" /> 
	 <Image Name="feilong_Tab_Spec_10" XPos="441" YPos="441" Width="54" Height="54" /> 
	 <Image Name="feilong_Tab_Spec_11" XPos="441" YPos="441" Width="54" Height="54" /> 
	 <Image Name="feilong_Tab_Spec_12" XPos="441" YPos="441" Width="54" Height="54" /> 
	 <Image Name="feilong_Tab_Spec_13" XPos="441" YPos="441" Width="54" Height="54" /> 
	 <Image Name="feilong_Tab_Spec_14" XPos="441" YPos="441" Width="54" Height="54" /> 
	 <Image Name="feilong_Tab_Spec_15" XPos="441" YPos="441" Width="54" Height="54" /> 
	  
	 


  
</Imageset>
