<Imageset Name="Union2" Imagefile="Common/tga_Union2.dds" NativeHorzRes="1024" NativeVertRes="768" AutoScaled="true">
  <Image Name="Union_Team4_Disabled" XPos="0" YPos="0" Width="197" Height="20" />
  <Image Name="Union_Team3_Disabled" XPos="0" YPos="23" Width="197" Height="20" />
  <Image Name="Union_Team5_Disabled" XPos="0" YPos="46" Width="197" Height="20" />
  <Image Name="Union_Team1_Disabled" XPos="0" YPos="69" Width="197" Height="20" />
  <Image Name="Union_Team2_Disabled" XPos="0" YPos="92" Width="197" Height="20" />
  <Image Name="Union_Team4_Pushed" XPos="0" YPos="116" Width="197" Height="20" />
  <Image Name="Union_Team3_Pushed" XPos="0" YPos="139" Width="197" Height="20" />
  <Image Name="Union_Team5_Pushed" XPos="0" YPos="162" Width="197" Height="20" />
  <Image Name="Union_Team1_Pushed" XPos="0" YPos="185" Width="197" Height="20" />
  <Image Name="Union_Team2_Pushed" XPos="0" YPos="208" Width="197" Height="20" />
  <Image Name="Union_MemberFrame_hover" XPos="0" YPos="229" Width="191" Height="21" />
</Imageset>
