<Imageset Name="Union3" Imagefile="Common/tga_Union3.dds" NativeHorzRes="1024" NativeVertRes="768" AutoScaled="true">
  <Image Name="Union_Team4_Normal_Self" XPos="1" YPos="1" Width="197" Height="20" />
  <Image Name="Union_Team3_Normal_Self" XPos="1" YPos="24" Width="197" Height="20" />
  <Image Name="Union_Team5_Normal_Self" XPos="1" YPos="47" Width="197" Height="20" />
  <Image Name="Union_Team1_Normal_Self" XPos="1" YPos="70" Width="197" Height="20" />
  <Image Name="Union_Team2_Normal_Self" XPos="1" YPos="93" Width="197" Height="20" />
  <Image Name="Union_Team4_Hover_Self" XPos="1" YPos="116" Width="197" Height="20" />
  <Image Name="Union_Team3_Hover_Self" XPos="1" YPos="139" Width="197" Height="20" />
  <Image Name="Union_Team5_Hover_Self" XPos="1" YPos="162" Width="197" Height="20" />
  <Image Name="Union_Team1_Hover_Self" XPos="1" YPos="185" Width="197" Height="20" />
  <Image Name="Union_Team2_Hover_Self" XPos="1" YPos="208" Width="197" Height="20" />

</Imageset>
