<Imageset Name="Union4" Imagefile="Common/tga_Union4.dds" NativeHorzRes="1024" NativeVertRes="768" AutoScaled="true">
  <Image Name="Union_Team4_Disabled_Self" XPos="0" YPos="0" Width="197" Height="20" />
  <Image Name="Union_Team3_Disabled_Self" XPos="0" YPos="23" Width="197" Height="20" />
  <Image Name="Union_Team5_Disabled_Self" XPos="0" YPos="46" Width="197" Height="20" />
  <Image Name="Union_Team1_Disabled_Self" XPos="0" YPos="69" Width="197" Height="20" />
  <Image Name="Union_Team2_Disabled_Self" XPos="0" YPos="92" Width="197" Height="20" />
  <Image Name="Union_Team4_Pushed_Self" XPos="0" YPos="116" Width="197" Height="20" />
  <Image Name="Union_Team3_Pushed_Self" XPos="0" YPos="139" Width="197" Height="20" />
  <Image Name="Union_Team5_Pushed_Self" XPos="0" YPos="162" Width="197" Height="20" />
  <Image Name="Union_Team1_Pushed_Self" XPos="0" YPos="185" Width="197" Height="20" />
  <Image Name="Union_Team2_Pushed_Self" XPos="0" YPos="208" Width="197" Height="20" />

</Imageset>
