<Imageset Name="Union1" Imagefile="Common/tga_Union1.dds" NativeHorzRes="1024" NativeVertRes="768" AutoScaled="true">
  <Image Name="Union_Team4_Normal" XPos="1" YPos="1" Width="197" Height="20" />
  <Image Name="Union_Team3_Normal" XPos="1" YPos="24" Width="197" Height="20" />
  <Image Name="Union_Team5_Normal" XPos="1" YPos="47" Width="197" Height="20" />
  <Image Name="Union_Team1_Normal" XPos="1" YPos="70" Width="197" Height="20" />
  <Image Name="Union_Team2_Normal" XPos="1" YPos="93" Width="197" Height="20" />
  <Image Name="Union_Team4_Hover" XPos="1" YPos="116" Width="197" Height="20" />
  <Image Name="Union_Team3_Hover" XPos="1" YPos="139" Width="197" Height="20" />
  <Image Name="Union_Team5_Hover" XPos="1" YPos="162" Width="197" Height="20" />
  <Image Name="Union_Team1_Hover" XPos="1" YPos="185" Width="197" Height="20" />
  <Image Name="Union_Team2_Hover" XPos="1" YPos="208" Width="197" Height="20" />
  <Image Name="Union_LeaderIcon_L" XPos="200" YPos="0" Width="31" Height="29" />
  <Image Name="Union_MemberIcon_L" XPos="200" YPos="29" Width="31" Height="29" />
  <Image Name="Union_LeaderIcon_L_Disabled" XPos="200" YPos="58" Width="31" Height="29" />
  <Image Name="Union_MemberIcon_L_Disabled" XPos="200" YPos="87" Width="31" Height="29" />
  <Image Name="Union_LeaderIcon_S" XPos="231" YPos="0" Width="13" Height="13" />
  <Image Name="Union_MemberIcon_S" XPos="231" YPos="13" Width="13" Height="13" />
  <Image Name="Union_MemberIcon2_S" XPos="231" YPos="130" Width="13" Height="13" />
  <Image Name="Union_LeaderIcon_S_Disabled" XPos="231" YPos="26" Width="13" Height="13" />
  <Image Name="Union_MemberIcon_S_Disabled" XPos="231" YPos="39" Width="13" Height="13" />
  <Image Name="Union_MemberIcon2_S_Disabled" XPos="231" YPos="143" Width="13" Height="13" />
  <Image Name="Union_Channel_Normal" XPos="231" YPos="55" Width="17" Height="17" />
  <Image Name="Union_Channel_Hover" XPos="231" YPos="73" Width="17" Height="17" />
  <Image Name="Union_Channel_Pushed" XPos="231" YPos="91" Width="17" Height="17" />
  <Image Name="Union_Channel_Disabled" XPos="231" YPos="109" Width="17" Height="17" />
  <Image Name="Union_Lace_T_L" XPos="0" YPos="230" Width="9" Height="8" />
  <Image Name="Union_Lace_T_M" XPos="10" YPos="230" Width="1" Height="1" />
  <Image Name="Union_Lace_T_R" XPos="12" YPos="230" Width="9" Height="8" />
  <Image Name="Union_Lace_M_L" XPos="0" YPos="239" Width="1" Height="1" />
  <Image Name="Union_Lace_M_R" XPos="20" YPos="239" Width="1" Height="1" />
  <Image Name="Union_Lace_B_L" XPos="0" YPos="241" Width="9" Height="8" />
  <Image Name="Union_Lace_B_M" XPos="10" YPos="248" Width="1" Height="1" />
  <Image Name="Union_Lace_B_R" XPos="12" YPos="241" Width="9" Height="8" />
  <Image Name="Union_MemberFrame" XPos="22" YPos="230" Width="191" Height="21" />
</Imageset>
