<?xml version="1.0" ?>
<GUILayout>
    <Window Type="TLBB_MainFrame1" Name="EquipStrengthen_Frame">
        <Property Name="UnifiedPosition" Value="{{0.5,-128},{0.5,-178}}" />
        <Property Name="AbsoluteSize" Value="w:256 h:350" />
        <Event Name="Hidden" Function="EquipStrengthen_OnHiden();" />
        <Window Type="TLBB_DragTitle" Name="EquipStrengthen_DragTitle">
            <Property Name="AbsolutePosition" Value="x:25.000000 y:11.000000" />
            <Property Name="UnifiedSize" Value="{{1.000000,-50.000000},{0.000000,20.000000}" />
            <Property Name="DragTarget" Value="EquipStrengthen_Frame" />
            <Window Type="TLBB_SimpleText" Name="EquipStrengthen_Title">
                <Property Name="Position" Value="x:0.0 y:0.0" />
                <Property Name="Size" Value="w:1.0 h:1.0" />
                <Property Name="Font" Value="YouYuan11.25" />
                <Property Name="HorzFormatting" Value="HorzCentred" />
                <Property Name="VertFormatting" Value="VertCentred" />
                <Property Name="Text" Value="#{INTERFACE_XML_878}" />
            </Window>
        </Window>
        <Window Type="TLBB_ButtonHelp" Name="EquipStrengthen_Help">
            <Property Name="UnifiedPosition" Value="{{0.000000,5.000000},{0.000000,14.000000}" />
            <Property Name="AbsoluteSize" Value="w:14.000000 h:14.000000" />
            <Property Name="Text" Value="TLBB_ButtonHelp" />
            <Event Name="Clicked" Function='Helper:GotoHelper(&quot;*EquipEnchange&quot;);' />
        </Window>
        <Window Type="TLBB_ButtonClose" Name="EquipStrengthen_Close">
            <Property Name="UnifiedPosition" Value="{{1.000000,-19.000000},{0.000000,14.000000}" />
            <Property Name="AbsoluteSize" Value="w:14.000000 h:14.000000" />
            <Property Name="Text" Value="TLBB_ButtonClose" />
            <Event Name="Clicked" Function="this:Hide();" />
        </Window>
        <Window Type="DefaultWindow" Name="EquipStrengthen_Frame_Client">
            <Property Name="AbsolutePosition" Value="x:7.000000 y:36.000000" />
            <Property Name="UnifiedSize" Value="{{1.000000,-13.000000},{1.000000,-55.000000}" />
            <Property Name="RiseOnClick" Value="False" />
            <Window Type="TLBB_SimpleMulitiTextFrame" Name="EquipStrengthen_Info4">
                <Property Name="Position" Value="x:0.0 y:0.0" />
                <Property Name="Size" Value="w:1.0 h:0.2" />
                <Property Name="HorzFormatting" Value="WordWrapLeftAligned" />
                <Property Name="RiseOnClick" Value="False" />
                <Property Name="TextColor" Value="FFFFF263" />
				 <Property Name="Text" Value="#{EquipStong_XML_1}" />
            </Window>
          <Window Type="TLBB_SimpleMulitiTextFrame" Name="EquipStrengthen_Info6">
            <Property Name="UnifiedPosition" Value="{{0.000000,137.000000},{0.000000,143.000000}" />
            <Property Name="UnifiedSize" Value="{{0.000000,75.000000},{0.000000,20.000000}" />
            <Property Name="Text" Value="55" />
            <Property Name="HorzFormatting" Value="HorzCentred" />
          </Window>
          <Window Type="TLBB_SimpleMulitiTextFrame" Name="EquipStrengthen_Info5">
            <Property Name="UnifiedPosition" Value="{{0.000000,132.000000},{0.000000,62.000000}" />
            <Property Name="UnifiedSize" Value="{{0.000000,85.000000},{0.000000,20.000000}" />
            <Property Name="Text" Value="99.99%" />
            <Property Name="HorzFormatting" Value="HorzCentred" />
          </Window>
          <Window Type="TLBB_SimpleMulitiTextFrame" Name="EquipStrengthen_Info7">
            <Property Name="UnifiedPosition" Value="{{0.000000,105.000000},{0.000000,178.000000}" />
            <Property Name="UnifiedSize" Value="{{0.000000,125.000000},{0.000000,40.000000}" />
            <Property Name="Text" Value="" />
            <Property Name="HorzFormatting" Value="WordWrapCentred" />
          </Window>
            <Window Type="TLBB_SimpleText" Name="EquipStrengthen_Info">
                <Property Name="Position" Value="x:0.049 y:0.325" />
                <Property Name="UnifiedSize" Value="{{0.6,0.000000},{0.000000,36.000000}" />
                <Property Name="HorzFormatting" Value="WordWrapLeftAligned" />
                <Property Name="RiseOnClick" Value="False" />
                <Property Name="TextColor" Value="FFFFF263" />
                <Property Name="Text" Value="#{EquipStong_XML_2}" />
            </Window>
          <Window Type="TLBB_SimpleText" Name="EquipStrengthen_Info9">
            <Property Name="Position" Value="x:0.049 y:0.210169" />
            <Property Name="UnifiedSize" Value="{{0.35,0.000000},{0.000000,20.000000}" />
            <Property Name="HorzFormatting" Value="WordWrapLeftAligned" />
            <Property Name="RiseOnClick" Value="False" />
            <Property Name="TextColor" Value="FFFFF263" />
            <Property Name="Text" Value="#{INTERFACE_XML_989}" />
          </Window>
            <Window Type="TLBB_ActionButton" Name="EquipStrengthen_Object1">
                <Property Name="Position" Value="x:0.654 y:0.318" />
                <Property Name="AbsoluteSize" Value="w:36 h:36" />
                <Property Name="Empty" Value="false" />
                <Property Name="DragAcceptName" Value="I01" />
                <Property Name="DraggingEnabled" Value="True" />
            </Window>
            <Window Type="TLBB_SimpleText" Name="EquipStrengthen_Info2">
				<Property Name="Position" Value="x:0.049383 y:0.457627" />
				<Property Name="UnifiedSize" Value="{{0.000000,121.000000},{0.000000,38.000000}" />
                <Property Name="HorzFormatting" Value="WordWrapLeftAligned" />
                <Property Name="RiseOnClick" Value="False" />
                <Property Name="TextColor" Value="FFFFF263" />
                <Property Name="Text" Value="#{EquipStong_XML_3}" />
            </Window>
          <Window Type="TLBB_SimpleText" Name="EquipStrengthen_Info8">
            <Property Name="Position" Value="x:0.049383 y:0.616949" />
			<Property Name="UnifiedSize" Value="{{0.000000,95.000000},{0.000000,33.000000}" />
            <Property Name="HorzFormatting" Value="WordWrapLeftAligned" />
            <Property Name="RiseOnClick" Value="False" />
            <Property Name="TextColor" Value="FFFFF263" />
            <Property Name="Text" Value="#{EquipStong_XML_4}" />
          </Window>
            <Window Type="TLBB_SimpleMulitiTextFrame" Name="EquipStrengthen_Info3">
                <Property Name="UnifiedPosition" Value="{{0.05,0.000000},{1.000000,-69.000000}" />
                <Property Name="UnifiedSize" Value="{{0.9,0.000000},{0.000000,22.000000}" />
                <Property Name="TextColor" Value="FFFFF263" />
                <Property Name="Text" Value="#{INTERFACE_XML_789}" />
                <Window Type="TLBB_Money" Name="EquipStrengthen_Money">
                    <Property Name="UnifiedPosition" Value="{{0.0,0.000000},{0.000000,0.000000}" />
                    <Property Name="UnifiedSize" Value="{{1.0,0.000000},{0.000000,20.000000}" />
                    <Property Name="HorzFormatting" Value="RightAligned" />
                    <Property Name="MoneyNumber" Value="0" />
                    <Property Name="GoldIcon" Value = "set:Button6 image:Lace_JiaoziJin" />
                    <Property Name="SilverIcon" Value = "set:Button6 image:Lace_JiaoziYin" />
                    <Property Name="CopperIcon" Value = "set:Button6 image:Lace_JiaoziTong" />
                </Window>
            </Window>
            <Window Type="TLBB_SimpleMulitiTextFrame" Name="EquipStrengthen_SelfJiaozi_Text">
                <Property Name="UnifiedPosition" Value="{{0.05,0.000000},{1.000000,-69.000000}" />
                <Property Name="UnifiedSize" Value="{{0.9,0.000000},{0.000000,22.000000}" />
                <Property Name="TextColor" Value="FFFFF263" />
                <Property Name="Text" Value="#{BDJB_051210_1}" />
                <Window Type="TLBB_Money" Name="EquipStrengthen_SelfJiaozi">
                    <Property Name="UnifiedPosition" Value="{{0.0,0.000000},{0.000000,0.000000}" />
                    <Property Name="UnifiedSize" Value="{{1.0,0.000000},{0.000000,20.000000}" />
                    <Property Name="HorzFormatting" Value="RightAligned" />
                    <Property Name="MoneyNumber" Value="0" />
                    <Property Name="GoldIcon" Value = "set:Button6 image:Lace_JiaoziJin" />
                    <Property Name="SilverIcon" Value = "set:Button6 image:Lace_JiaoziYin" />
                    <Property Name="CopperIcon" Value = "set:Button6 image:Lace_JiaoziTong" />
                </Window>
            </Window>
            <Window Type="TLBB_SimpleMulitiTextFrame" Name="EquipStrengthen_SelfMoney_Text">
                <Property Name="UnifiedPosition" Value="{{0.05,0.000000},{1.000000,-47.000000}" />
                <Property Name="UnifiedSize" Value="{{0.9,0.000000},{0.000000,22.000000}" />
                <Property Name="TextColor" Value="FFFFF263" />
                <Property Name="Text" Value="#{INTERFACE_XML_834}" />
                <Window Type="TLBB_Money" Name="EquipStrengthen_SelfMoney">
                    <Property Name="UnifiedPosition" Value="{{0.0,0.000000},{0.000000,0.000000}" />
                    <Property Name="UnifiedSize" Value="{{1.0,0.000000},{0.000000,20.000000}" />
                    <Property Name="HorzFormatting" Value="RightAligned" />
                    <Property Name="MoneyNumber" Value="0" />
                </Window>
            </Window>
            <Window Type="TLBB_Frame_Lace5" Name="EquipStrengthen_Blank">
                <Property Name="UnifiedPosition" Value="{{0.000000,0.000000},{1.000000,-20.000000}" />
                <Property Name="UnifiedSize" Value="{{1.000000,-80.000000},{0.000000,20.000000}" />
            </Window>
            <Window Type="TLBB_ButtonCommon" Name="EquipStrengthen_OK">
                <Property Name="UnifiedPosition" Value="{{1.000000,-80.000000},{1.000000,-20.000000}" />
                <Property Name="AbsoluteSize" Value="w:40.000000 h:20.000000" />
                <Property Name="Text" Value="#{INTERFACE_XML_557}" />
                <Event Name="Clicked" Function="EquipStrengthen_Buttons_Clicked();" />
            </Window>
            <Window Type="TLBB_ButtonCommon" Name="EquipStrengthen_Cancel">
                <Property Name="UnifiedPosition" Value="{{1.000000,-40.000000},{1.000000,-20.000000}" />
                <Property Name="AbsoluteSize" Value="w:40.000000 h:20.000000" />
                <Property Name="Text" Value="#{INTERFACE_XML_542}" />
                <Event Name="Clicked" Function="this:Hide();" />
            </Window>
        </Window>
    </Window>
</GUILayout>
