﻿<?xml version="1.0" ?>
<GUILayout>
    <Window Type="TLBB_MainFrame3" Name="ConfraternityCount_Frame">
        <Property Name="UnifiedPosition" Value="{{0.5,-200},{0.5,-160}}" />
		    <Property Name="AbsoluteSize" Value="w:558 h:210" />
        <Window Type="TLBB_DragTitle" Name="ConfraternityCount_DragTitle">
            <Property Name="AbsolutePosition" Value="x:109.000000 y:11.000000" />
            <Property Name="UnifiedSize" Value="{{1.000000,-135.000000},{0.000000,20.000000}" />
            <Property Name="Font" Value="YouYuan11.25" />
            <Property Name="HorzFormatting" Value="HorzCentred" />
            <Property Name="VertFormatting" Value="VertCentred" />
            <Property Name="Text" Value="#{INTERFACE_XML_1246}" />
            <Property Name="DragTarget" Value="ConfraternityCount_Frame" />
        </Window>
        <Window Type="TLBB_ButtonHelp" Name="ConfraternityCount_Frame_Help">
            <Property Name="UnifiedPosition" Value="{{0.000000,88.000000},{0.000000,14.000000}}" />
            <Property Name="AbsoluteSize" Value="w:14.000000 h:14.000000" />
            <Event Name="Clicked" Function='Helper:GotoHelper(&quot;*Operation&quot;);' />
        </Window>
        <Window Type="TLBB_ButtonClose" Name="ConfraternityCount_Frame_Close">
            <Property Name="UnifiedPosition" Value="{{1.000000,-19.000000},{0.000000,14.000000}}" />
            <Property Name="AbsoluteSize" Value="w:14.000000 h:14.000000" />
            <Property Name="Text" Value="TLBB_ButtonClose" />
            <Event Name="Clicked" Function="this:Hide();" />
        </Window>
      	<Window Type="TLBB_Frame_Lace1" Name="ConfraternityCount_Text01" >
			      <Property Name="AbsolutePosition" Value="x:279 y:35" />
			      <Property Name="UnifiedSize" Value="{{0.000000,273.000000},{0.000000,147.000000}}" />
			      <Property Name="HorzFormatting" Value="WordWrapLeftAligned" />
			      <Property Name="VertFormatting" Value="VertCentred" />
		    </Window>
        <Window Type="TLBB_Frame_Lace1" Name="ConfraternityCount_Text02" >
			      <Property Name="AbsolutePosition" Value="x:6 y:35" />
			      <Property Name="UnifiedSize" Value="{{0.000000,273.000000},{0.000000,147.000000}}" />
			      <Property Name="HorzFormatting" Value="WordWrapLeftAligned" />>
			      <Property Name="VertFormatting" Value="VertCentred" />
		    </Window>
        <Window Type="TLBB_SimpleText" Name="ConfraternityCount_Current">
            <Property Name="AbsolutePosition" Value="x:58 y:37" />
            <Property Name="UnifiedSize" Value="{{0.000000,172.000000},{0.000000,22.000000}}" />
            <Property Name="Text" Value="" />
            <Property Name="TextColor" Value="FFFFF263" />
            <Property Name="HorzFormatting" Value="HorzCentred" />
            <Property Name="VertFormatting" Value="VertCentred" />
            <Property Name="RiseOnClick" Value="False" />
        </Window>
        <Window Type="TLBB_SimpleText" Name="ConfraternityCount_Max">
            <Property Name="AbsolutePosition" Value="x:330 y:37" />
            <Property Name="UnifiedSize" Value="{{0.000000,172.000000},{0.000000,22.000000}}" />
            <Property Name="Text" Value="" />
            <Property Name="TextColor" Value="FFFFF263" />
            <Property Name="HorzFormatting" Value="HorzCentred" />
            <Property Name="VertFormatting" Value="VertCentred" />
            <Property Name="RiseOnClick" Value="False" />
        </Window>
        <Window Type="TLBB_HLine" Name="ConfraternityCount_Line1">
            <Property Name="UnifiedPosition" Value="{{0.0,8.000000},{0.000000,57.000000}}" />
            <Property Name="UnifiedSize" Value="{{0.000000,270.000000},{0.000000,4.000000}}" />
            <Property Name="RiseOnClick" Value="False" />
        </Window>
        <Window Type="TLBB_HLine" Name="ConfraternityCount_Line2">
            <Property Name="UnifiedPosition" Value="{{0.0,281.000000},{0.000000,57.000000}}" />
            <Property Name="UnifiedSize" Value="{{0.000000,270.000000},{0.000000,4.000000}}" />
            <Property Name="RiseOnClick" Value="False" />
        </Window>
        <Window Type="DefaultWindow" Name="ConfraternityCount_Frame_Client">
            <Property Name="AbsolutePosition" Value="x:9.000000 y:61.000000" />
            <Property Name="UnifiedSize" Value="{{0.000000,266.000000},{0.000000,120.000000}" />
            <Window Type="TLBB_SimpleText" Name="ConfraternityCount_Text1">
                <Property Name="AbsolutePosition" Value="x:2 y:1" />
                <Property Name="UnifiedSize" Value="{{0.000000,210.000000},{0.000000,20.000000}}" />
                <Property Name="Text" Value="" />
                <Property Name="TextColor" Value="FFFFF263" />
                <Property Name="HorzFormatting" Value="LeftAligned" />
                <Property Name="VertFormatting" Value="VertCentred" />
                <Property Name="RiseOnClick" Value="False" />
            </Window>
            <Window Type="TLBB_SimpleMulitiTextFrame" Name="ConfraternityCount_PersonScore">
                <Property Name="AbsolutePosition" Value="x:214 y:1" />
                <Property Name="UnifiedSize" Value="{{0.000000,51.000000},{0.000000,20.000000}" />
                <Property Name="Text" Value="" />
                <Property Name="TextColor" Value="FFFDF7A7" />
                <Property Name="HorzFormatting" Value="RightAligned" />
                <Property Name="VertFormatting" Value="VertCentred" />
                <Property Name="RiseOnClick" Value="False" />
            </Window>
            <Window Type="TLBB_SimpleText" Name="ConfraternityCount_Text2">
                <Property Name="AbsolutePosition" Value="x:2 y:25" />
                <Property Name="UnifiedSize" Value="{{0.000000,210.000000},{0.000000,20.000000}}" />
                <Property Name="Text" Value="" />
                <Property Name="TextColor" Value="FFFFF263" />
                <Property Name="HorzFormatting" Value="LeftAligned" />
                <Property Name="VertFormatting" Value="VertCentred" />
                <Property Name="RiseOnClick" Value="False" />
            </Window>
            <Window Type="TLBB_SimpleMulitiTextFrame" Name="ConfraternityCount_PersonKill">
                <Property Name="AbsolutePosition" Value="x:214 y:25" />
                <Property Name="UnifiedSize" Value="{{0.000000,51.000000},{0.000000,20.000000}" />
                <Property Name="Text" Value="" />
                <Property Name="TextColor" Value="FFFDF7A7" />
                <Property Name="HorzFormatting" Value="RightAligned" />
                <Property Name="VertFormatting" Value="VertCentred" />
                <Property Name="RiseOnClick" Value="False" />
            </Window>
            <Window Type="TLBB_SimpleText" Name="ConfraternityCount_Text3">
                <Property Name="AbsolutePosition" Value="x:2 y:49" />
                <Property Name="UnifiedSize" Value="{{0.000000,210.000000},{0.000000,20.000000}}" />
                <Property Name="Text" Value="" />
                <Property Name="TextColor" Value="FFFFF263" />
                <Property Name="HorzFormatting" Value="LeftAligned" />
                <Property Name="VertFormatting" Value="VertCentred" />
                <Property Name="RiseOnClick" Value="False" />
            </Window>
            <Window Type="TLBB_SimpleMulitiTextFrame" Name="ConfraternityCount_PersonRes">
                <Property Name="AbsolutePosition" Value="x:214 y:49" />
                <Property Name="UnifiedSize" Value="{{0.000000,51.000000},{0.000000,20.000000}" />
                <Property Name="Text" Value="" />
                <Property Name="TextColor" Value="FFFDF7A7" />
                <Property Name="HorzFormatting" Value="RightAligned" />
                <Property Name="VertFormatting" Value="VertCentred" />
                <Property Name="RiseOnClick" Value="False" />
            </Window>
            <Window Type="TLBB_SimpleText" Name="ConfraternityCount_Text4">
                <Property Name="AbsolutePosition" Value="x:2 y:73" />
                <Property Name="UnifiedSize" Value="{{0.000000,210.000000},{0.000000,20.000000}}" />
                <Property Name="Text" Value="" />
                <Property Name="TextColor" Value="FFFFF263" />
                <Property Name="HorzFormatting" Value="LeftAligned" />
                <Property Name="VertFormatting" Value="VertCentred" />
                <Property Name="RiseOnClick" Value="False" />
            </Window>
            <Window Type="TLBB_SimpleMulitiTextFrame" Name="ConfraternityCount_PersonBuilding">
              <Property Name="AbsolutePosition" Value="x:214 y:73" />
              <Property Name="UnifiedSize" Value="{{0.000000,51.000000},{0.000000,20.000000}}" />
                <Property Name="Text" Value="" />
                <Property Name="TextColor" Value="FFFDF7A7" />
                <Property Name="HorzFormatting" Value="RightAligned" />
                <Property Name="VertFormatting" Value="VertCentred" />
                <Property Name="RiseOnClick" Value="False" />
            </Window>
            <Window Type="TLBB_SimpleText" Name="ConfraternityCount_Text5">
                <Property Name="AbsolutePosition" Value="x:2 y:97" />
                <Property Name="UnifiedSize" Value="{{0.000000,210.000000},{0.000000,20.000000}}" />
                <Property Name="Text" Value="" />
                <Property Name="TextColor" Value="FFFFF263" />
                <Property Name="HorzFormatting" Value="LeftAligned" />
                <Property Name="VertFormatting" Value="VertCentred" />
                <Property Name="RiseOnClick" Value="False" />
            </Window>
            <Window Type="TLBB_SimpleMulitiTextFrame" Name="ConfraternityCount_PersonFlag">
              <Property Name="AbsolutePosition" Value="x:214 y:97" />
              <Property Name="UnifiedSize" Value="{{0.000000,51.000000},{0.000000,20.000000}}" />
                <Property Name="Text" Value="" />
                <Property Name="TextColor" Value="FFFDF7A7" />
                <Property Name="HorzFormatting" Value="RightAligned" />
                <Property Name="VertFormatting" Value="VertCentred" />
                <Property Name="RiseOnClick" Value="False" />
            </Window>
            <Window Type="TLBB_SimpleText" Name="ConfraternityCount_Zhanche_Text1">
                <Property Name="AbsolutePosition" Value="x:2 y:16" />
                <Property Name="UnifiedSize" Value="{{0.000000,260.000000},{0.000000,30.000000}}" />
                <Property Name="Text" Value="" />
                <Property Name="TextColor" Value="FFFFF263" />
                <Property Name="HorzFormatting" Value="HorzCentred" />
                <Property Name="VertFormatting" Value="VertCentred" />
                <Property Name="RiseOnClick" Value="False" />
            </Window>
            <Window Type="TLBB_SimpleText" Name="ConfraternityCount_Zhanche_Text2">
              <Property Name="AbsolutePosition" Value="x:2 y:64" />
              <Property Name="UnifiedSize" Value="{{0.000000,260.000000},{0.000000,30.000000}}" />
                <Property Name="Text" Value="" />
                <Property Name="TextColor" Value="FFFFF263" />
                <Property Name="HorzFormatting" Value="HorzCentred" />
                <Property Name="VertFormatting" Value="VertCentred" />
                <Property Name="RiseOnClick" Value="False" />
            </Window>
        </Window>
      <Window Type="DefaultWindow" Name="ConfraternityCount_Frame_Client1">
            <Property Name="AbsolutePosition" Value="x:282.000000 y:61.000000" />
            <Property Name="UnifiedSize" Value="{{0.000000,266.000000},{0.000000,120.000000}" />
            <Window Type="TLBB_SimpleText" Name="ConfraternityCount_Text6">
                <Property Name="AbsolutePosition" Value="x:2 y:1" />
                <Property Name="UnifiedSize" Value="{{0.000000,210.000000},{0.000000,20.000000}}" />
                <Property Name="Text" Value="" />
                <Property Name="TextColor" Value="FFFFF263" />
                <Property Name="HorzFormatting" Value="LeftAligned" />
                <Property Name="VertFormatting" Value="VertCentred" />
                <Property Name="RiseOnClick" Value="False" />
            </Window>
            <Window Type="TLBB_SimpleMulitiTextFrame" Name="ConfraternityCount_MaxScore">
                <Property Name="AbsolutePosition" Value="x:214 y:1" />
                <Property Name="UnifiedSize" Value="{{0.000000,51.000000},{0.000000,20.000000}}" />
                <Property Name="Text" Value="" />
                <Property Name="TextColor" Value="FFFDF7A7" />
                <Property Name="HorzFormatting" Value="RightAligned" />
                <Property Name="VertFormatting" Value="VertCentred" />
                <Property Name="RiseOnClick" Value="False" />
            </Window>
            <Window Type="TLBB_SimpleText" Name="ConfraternityCount_Text7">
                <Property Name="AbsolutePosition" Value="x:2 y:25" />
                <Property Name="UnifiedSize" Value="{{0.000000,210.000000},{0.000000,20.000000}}" />
                <Property Name="Text" Value="" />
                <Property Name="TextColor" Value="FFFFF263" />
                <Property Name="HorzFormatting" Value="LeftAligned" />
                <Property Name="VertFormatting" Value="VertCentred" />
                <Property Name="RiseOnClick" Value="False" />
            </Window>
            <Window Type="TLBB_SimpleMulitiTextFrame" Name="ConfraternityCount_MaxKill">
                <Property Name="AbsolutePosition" Value="x:214 y:25" />
                <Property Name="UnifiedSize" Value="{{0.000000,51.000000},{0.000000,20.000000}}" />
                <Property Name="Text" Value="" />
                <Property Name="TextColor" Value="FFFDF7A7" />
                <Property Name="HorzFormatting" Value="RightAligned" />
                <Property Name="VertFormatting" Value="VertCentred" />
                <Property Name="RiseOnClick" Value="False" />
            </Window>
            <Window Type="TLBB_SimpleText" Name="ConfraternityCount_Text8">
                <Property Name="AbsolutePosition" Value="x:2 y:49" />
                <Property Name="UnifiedSize" Value="{{0.000000,210.000000},{0.000000,20.000000}}" />
                <Property Name="Text" Value="" />
                <Property Name="TextColor" Value="FFFFF263" />
                <Property Name="HorzFormatting" Value="LeftAligned" />
                <Property Name="VertFormatting" Value="VertCentred" />
                <Property Name="RiseOnClick" Value="False" />
            </Window>
            <Window Type="TLBB_SimpleMulitiTextFrame" Name="ConfraternityCount_MaxRes">
                <Property Name="AbsolutePosition" Value="x:214 y:49" />
                <Property Name="UnifiedSize" Value="{{0.000000,51.000000},{0.000000,20.000000}}" />
                <Property Name="Text" Value="" />
                <Property Name="TextColor" Value="FFFDF7A7" />
                <Property Name="HorzFormatting" Value="RightAligned" />
                <Property Name="VertFormatting" Value="VertCentred" />
                <Property Name="RiseOnClick" Value="False" />
            </Window>
            <Window Type="TLBB_SimpleText" Name="ConfraternityCount_Text9">
                <Property Name="AbsolutePosition" Value="x:2 y:73" />
                <Property Name="UnifiedSize" Value="{{0.000000,210.000000},{0.000000,20.000000}}" />
                <Property Name="Text" Value="" />
                <Property Name="TextColor" Value="FFFFF263" />
                <Property Name="HorzFormatting" Value="LeftAligned" />
                <Property Name="VertFormatting" Value="VertCentred" />
                <Property Name="RiseOnClick" Value="False" />
            </Window>
            <Window Type="TLBB_SimpleMulitiTextFrame" Name="ConfraternityCount_MaxBuilding">
                <Property Name="AbsolutePosition" Value="x:214 y:73" />
                <Property Name="UnifiedSize" Value="{{0.000000,51.000000},{0.000000,20.000000}}" />
                <Property Name="Text" Value="" />
                <Property Name="TextColor" Value="FFFDF7A7" />
                <Property Name="HorzFormatting" Value="RightAligned" />
                <Property Name="VertFormatting" Value="VertCentred" />
                <Property Name="RiseOnClick" Value="False" />
            </Window>
            <Window Type="TLBB_SimpleText" Name="ConfraternityCount_Text10">
                <Property Name="AbsolutePosition" Value="x:2 y:97" />
                <Property Name="UnifiedSize" Value="{{0.000000,210.000000},{0.000000,20.000000}}" />
                <Property Name="Text" Value="" />
                <Property Name="TextColor" Value="FFFFF263" />
                <Property Name="HorzFormatting" Value="LeftAligned" />
                <Property Name="VertFormatting" Value="VertCentred" />
                <Property Name="RiseOnClick" Value="False" />
            </Window>
            <Window Type="TLBB_SimpleMulitiTextFrame" Name="ConfraternityCount_MaxFlag">
                <Property Name="AbsolutePosition" Value="x:214 y:97" />
                <Property Name="UnifiedSize" Value="{{0.000000,51.000000},{0.000000,20.000000}}" />
                <Property Name="Text" Value="" />
                <Property Name="TextColor" Value="FFFDF7A7" />
                <Property Name="HorzFormatting" Value="RightAligned" />
                <Property Name="VertFormatting" Value="VertCentred" />
                <Property Name="RiseOnClick" Value="False" />
            </Window>
            <Window Type="TLBB_SimpleText" Name="ConfraternityCount_Zhanche_Text3">
                <Property Name="AbsolutePosition" Value="x:2 y:16" />
                <Property Name="UnifiedSize" Value="{{0.000000,260.000000},{0.000000,30.000000}" />
                <Property Name="Text" Value="" />
                <Property Name="TextColor" Value="FFFFF263" />
                <Property Name="HorzFormatting" Value="HorzCentred" />
                <Property Name="VertFormatting" Value="VertCentred" />
                <Property Name="RiseOnClick" Value="False" />
            </Window>
            <Window Type="TLBB_SimpleText" Name="ConfraternityCount_Zhanche_Text4">
                <Property Name="AbsolutePosition" Value="x:2 y:64" />
                <Property Name="UnifiedSize" Value="{{0.000000,260.000000},{0.000000,30.000000}" />
                <Property Name="Text" Value="" />
                <Property Name="TextColor" Value="FFFFF263" />
                <Property Name="HorzFormatting" Value="HorzCentred" />
                <Property Name="VertFormatting" Value="VertCentred" />
                <Property Name="RiseOnClick" Value="False" />
            </Window>
        </Window>
        <Window Type="DefaultWindow" Name="ConfraternityCount_Default" >
            <Property Name="UnifiedPosition" Value="{{0.000000,8.000000},{1.000000,-25.000015}" />
            <Property Name="UnifiedSize" Value="{{0.900000,20.000000},{0.000000,24.000015}" />
            <Window Type="TLBB_ButtonPageDown" Name="ConfraternityCount_Guild" >
                <Property Name="AbsolutePosition" Value="x:0.000000 y:0.000000" />
                <Property Name="AbsoluteSize" Value="w:61.000000 h:24.000000" />
                <Property Name="CheckMode" Value="1" />
                <Property Name="HorzLabelFormatting" Value="WordWrapCentreAligned" />
                <Property Name="Selected" Value="True" />
                <Property Name="Text" Value="#{BHXZ_081103_102}" />
                <Event Name="Clicked" Function="ConfraternityCount_SelectTab( 0 );" />
            </Window>
            <Window Type="TLBB_ButtonPageDown" Name="ConfraternityCount_Personal" >
                <Property Name="AbsolutePosition" Value="x:59.000000 y:0.000000" />
                <Property Name="AbsoluteSize" Value="w:69.000000 h:24.000000" />
                <Property Name="CheckMode" Value="1" />
                <Property Name="HorzLabelFormatting" Value="WordWrapCentreAligned" />
                <Property Name="Text" Value="#{BHXZ_081103_103}" />
                <Event Name="Clicked" Function="ConfraternityCount_SelectTab( 1 );" />
            </Window>
            <Window Type="TLBB_ButtonPageDown" Name="ConfraternityCount_Zhanche" >
                <Property Name="AbsolutePosition" Value="x:126.000000 y:0.000000" />
                <Property Name="AbsoluteSize" Value="w:66.000000 h:24.000000" />
                <Property Name="CheckMode" Value="1" />
                <Property Name="HorzLabelFormatting" Value="WordWrapCentreAligned" />
                <Property Name="Text" Value="#{BHXZ_081103_104}" />
                <Event Name="Clicked" Function="ConfraternityCount_SelectTab( 2 );" />
            </Window>
         </Window>
    </Window>
</GUILayout>
