﻿<?xml version="1.0" ?>
<GUILayout>
    <Window Type="TLBB_MainFrame1" Name="ConfraternityJuanxian_Frame">
        <Property Name="UnifiedPosition" Value="{{0.5,-128},{0.15,0}}" />
        <Property Name="AbsoluteSize" Value="w:285 h:317" />
        <Window Type="TLBB_DragTitle" Name="ConfraternityJuanxian_DragTitle">
            <Property Name="AbsolutePosition" Value="x:25.000000 y:11.000000" />
            <Property Name="UnifiedSize" Value="{{1.000000,-50.000000},{0.000000,20.000000}" />
            <Property Name="DragTarget" Value="ConfraternityJuanxian_Frame" />
            <Property Name="Text" Value="#{BPZJ_0801014_020}" />
            <Property Name="Font" Value="YouYuan11.25" />
            <Property Name="HorzFormatting" Value="HorzCentred" />
        </Window>
        <Window Type="TLBB_ButtonHelp" Name="ConfraternityJuanxian_Help">
            <Property Name="UnifiedPosition" Value="{{0.000000,5.000000},{0.000000,14.000000}" />
            <Property Name="AbsoluteSize" Value="w:14.000000 h:14.000000" />
            <Event Name="Clicked" Function='Helper:GotoHelper(&quot;*BanggongExchange&quot;);' />
        </Window>
        <Window Type="TLBB_ButtonClose" Name="ConfraternityJuanxian_Close">
            <Property Name="UnifiedPosition" Value="{{1.000000,-19.000000},{0.000000,14.000000}" />
            <Property Name="AbsoluteSize" Value="w:14.000000 h:14.000000" />
            <Event Name="Clicked" Function="ConfraternityJuanxian_Cancel_Clicked();" />
        </Window>
        <Window Type="DefaultWindow" Name="ConfraternityJuanxian_Function_Frame">
            <Property Name="AbsolutePosition" Value="x:7.000000 y:36.000000" />
            <Property Name="UnifiedSize" Value="{{1.000000,-13.000000},{1.000000,-55.000000}" />
            <Window Type="TLBB_SimpleText" Name="ConfraternityJuanxian_Text2">
                <Property Name="AbsolutePosition" Value="x:10.0 y:6.0" />
                <Property Name="UnifiedSize" Value="{{0.000000,253.000000},{0.000000,20.000000}" />
                <Property Name="Text" Value="#{BPZJ_0801014_004}" />
                <Property Name="HorzFormatting" Value="WordWrapLeftAligned" />
                <Property Name="VertFormatting" Value="VertCentred" />
                <Property Name="TextColor" Value="FFFFF263" />
            </Window>
          <Window Type="TLBB_StaticImageNULL" Name="ConfraternityJuanxian_Gold_Icon">
            <Property Name="UnifiedPosition" Value="{{0.000000,174.000000},{0.000000,36.000000}" />
            <Property Name="UnifiedSize" Value="{{0.000000,16.000000},{0.000000,16.000000}" />
            <Property Name="RiseOnClick" Value="False" />
            <Property Name="Image" Value="set:Button6 image:Lace_JiaoziJin" />
          </Window>
          <Window Type="TLBB_SimpleText" Name="ConfraternityJuanxian_Text4">
            <Property Name="AbsolutePosition" Value="x:4.0 y:63.0" />
            <Property Name="UnifiedSize" Value="{{0.000000,264.000000},{0.000000,130.000000}" />
            <Property Name="Text" Value="#{ZJJZ_081210_1}" />
            <Property Name="HorzFormatting" Value="WordWrapLeftAligned" />
            <Property Name="VertFormatting" Value="VertCentred" />
            <Property Name="TextColor" Value="FFFFF263" />
          </Window>
            <Window Type="TLBB_EditBoxNormal" Name="ConfraternityJuanxian_Moral_Value">
                <Property Name="AbsolutePosition" Value="x:71.0 y:34.0" />
                <Property Name="UnifiedSize" Value="{{0.0,101.000000},{0.000000,20.000000}" />
				        <Property Name="MaxTextLength" Value="4" />
                <Property Name="ValidationString" Value="[0-9]*" />
              <Event Name="TextChanged" Function="ConfraternityJuanxian_Count_Change();" />
            </Window>
            <Window Type="TLBB_SimpleMulitiTextFrame" Name="ConfraternityJuanxian_Text3">
                <Property Name="AbsolutePosition" Value="x:4.0 y:197.0" />
                <Property Name="UnifiedSize" Value="{{1.0,-9.000000},{0.000000,20.000000}" />
                <Property Name="Text" Value="#{ZJJZ_081210_3}" />
                <Property Name="HorzFormatting" Value="LeftAligned" />
                <Property Name="VertFormatting" Value="VertCentred" />
                <Property Name="TextColor" Value="FFFFF263" />
                <Window Type="TLBB_Money" Name="ConfraternityJuanxian_SelfJiaozi">
                  <Property Name="UnifiedPosition" Value="{{0.0,0.000000},{0.000000,0.000000}" />
                  <Property Name="UnifiedSize" Value="{{1.0,0.000000},{0.000000,18.000000}" />
                  <Property Name="HorzFormatting" Value="RightAligned" />
                  <Property Name="MoneyNumber" Value="0" />
                  <Property Name="GoldIcon" Value = "set:Button6 image:Lace_JiaoziJin" />
                  <Property Name="SilverIcon" Value = "set:Button6 image:Lace_JiaoziYin" />
                  <Property Name="CopperIcon" Value = "set:Button6 image:Lace_JiaoziTong" />
                </Window>
            </Window>
            <Window Type="TLBB_SimpleMulitiTextFrame" Name="ConfraternityJuanxian_Text1">
                <Property Name="AbsolutePosition" Value="x:4.0 y:218.0" />
                <Property Name="UnifiedSize" Value="{{1.0,-9.000000},{0.000000,20.000000}" />
                <Property Name="Text" Value="#{ZJJZ_081210_4}" />
                <Property Name="HorzFormatting" Value="LeftAligned" />
                <Property Name="VertFormatting" Value="VertCentred" />
                <Property Name="TextColor" Value="FFFFF263" />
                <Window Type="TLBB_Money" Name="ConfraternityJuanxian_SelfMoney">
                  <Property Name="UnifiedPosition" Value="{{0.0,0.000000},{0.000000,0.000000}" />
                  <Property Name="UnifiedSize" Value="{{1.0,0.000000},{0.000000,18.000000}" />
                  <Property Name="HorzFormatting" Value="RightAligned" />
                  <Property Name="MoneyNumber" Value="0" />
                </Window>
            </Window>
            <Window Type="TLBB_Frame_Lace5" Name="ConfraternityJuanxian_Blank">
                <Property Name="UnifiedPosition" Value="{{0.000000,0.000000},{1.000000,-20.000000}" />
                <Property Name="UnifiedSize" Value="{{1.000000,-108.000000},{0.000000,20.000000}" />
            </Window>
            <Window Type="TLBB_ButtonCommon" Name="ConfraternityJuanxian_OK">
                <Property Name="UnifiedPosition" Value="{{1.000000,-108.000000},{1.000000,-20.000000}" />
                <Property Name="AbsoluteSize" Value="w:68.000000 h:20.000000" />
                <Property Name="Text" Value="#{BPZJ_0801014_006}" />
                <Event Name="Clicked" Function="ConfraternityJuanxian_OK_Clicked();" />
            </Window>
            <Window Type="TLBB_ButtonCommon" Name="ConfraternityJuanxian_Cancel">
                <Property Name="UnifiedPosition" Value="{{1.000000,-40.000000},{1.000000,-20.000000}" />
                <Property Name="AbsoluteSize" Value="w:40.000000 h:20.000000" />
                <Property Name="Text" Value="#{INTERFACE_XML_542}" />
                <Event Name="Clicked" Function="ConfraternityJuanxian_Cancel_Clicked();" />
            </Window>
        </Window>
    </Window>
</GUILayout>
