<?xml version="1.0" ?>
<GUILayout>
	<Window Type="TLBB_MainFrame1" Name="ConfraternityPK_Frame">
		<Property Name="UnifiedSize" Value="{{0,400},{0.0,203}}" />
		<Property Name="UnifiedPosition" Value="{{0.4,0.000000},{0.15000000,0.000000}" />
		<Window Type="TLBB_DragTitle" Name="ConfraternityPK_DragTitle">
			<Property Name="AbsolutePosition" Value="x:25.000000 y:12.000000" />
			<Property Name="UnifiedSize" Value="{{1.000000,-50.000000},{0.000000,20.000000}" />
			<Property Name="DragTarget" Value="ConfraternityPK_Frame" />
			<Property Name="Text" Value="#{ConfraternityPK_XML_1}" />
			<Property Name="Font" Value="YouYuan11.25" />
			<Property Name="HorzFormatting" Value="HorzCentred" />
		</Window>
		<Window Type="TLBB_ButtonHelp" Name="ConfraternityPK_Help">
			<Property Name="UnifiedPosition" Value="{{0.000000,5.000000},{0.000000,14.000000}" />
			<Property Name="AbsoluteSize" Value="w:14.000000 h:14.000000" />
			<Event Name="Clicked" Function='Helper:GotoHelper(&quot;*ConfraternityPK&quot;);' />
		</Window>
		<Window Type="TLBB_ButtonClose" Name="ConfraternityPK_Close">
			<Property Name="UnifiedPosition" Value="{{1.000000,-19.000000},{0.000000,14.000000}" />
			<Property Name="AbsoluteSize" Value="w:14.000000 h:14.000000" />
			<Event Name="Clicked" Function="this:Hide();" />
		</Window>
		<Window Type="DefaultWindow" Name="ConfraternityPK_Client">
			<Property Name="AbsolutePosition" Value="x:6.000000 y:36.000000" />
			<Property Name="UnifiedSize" Value="{{1.000000,-12.000000},{1.000000,-55.000000}" />
			<Window Type="TLBB_SimpleText" Name="ConfraternityPK_List_Text">
				<Property Name="UnifiedPosition" Value="{{0.0000,5.000000},{0.000000,5.000000}" />
				<Property Name="UnifiedSize" Value="{{0.0,246.000000},{0.000000,20.000000}" />
				<Property Name="HorzFormatting" Value="LeftAligned" />
				<Property Name="VertFormatting" Value="VertCentred" />
				<Property Name="Text" Value="#{ConfraternityPK_XML_2}" />
				<Property Name="TextColor" Value="FFFFF263" />
			</Window>
			<Window Type="TLBB_ButtonCommon" Name="ConfraternityPK_StartBtn">
				<Property Name="UnifiedPosition" Value="{{1.000000,-135.000000},{0.000000,5.000000}" />
				<Property Name="UnifiedSize" Value="{{0.000000,135.000000},{0.000000,20.000000}" />
				<Property Name="Text" Value="#{ConfraternityPK_XML_3}" />
				<Event Name="Clicked" Function="ConfraternityPK_StartBtn_Click();" />
			</Window>
			<Window Type="TLBB_MultiColumnList" Name="ConfraternityPK_List">
				<Property Name="UnifiedPosition" Value="{{0.000000,0.000000},{0.000000,25.000000}" />
				<Property Name="UnifiedSize" Value="{{1.000000,0.000000},{0.000000,100.000000}" />
				<Property Name="ForceHorzScrollbar" Value="False" />
				<Property Name="ForceVertScrollbar" Value="True" />
				<Property Name="SortSettingEnabled" Value="False" />
				<Property Name="SelectionMode" Value="RowSingle" />
				<Property Name="ColumnHeader" Value="text:#{INTERFACE_XML_1023} width:0.20 id:0" />
				<Property Name="ColumnHeader" Value="text:#{INTERFACE_XML_1024} width:0.36 id:1" />
				<Property Name="ColumnHeader" Value="text:#{INTERFACE_XML_1025} width:0.44 id:2" />
				<Property Name="ColumnsSizable" Value="False" />
				<Property Name="ColumnsMovable" Value="False" />
				<Property Name="ColumnsAdjust" Value="True" />
			</Window>
			<Window Type="DefaultWindow" Name="ConfraternityPK_Buttons_Set">
				<Property Name="UnifiedPosition" Value="{{0.000000,0.000000},{1.000000,-20.000000}" />
				<Property Name="UnifiedSize" Value="{{1.000000,0.000000},{0.000000,20.000000}" />
				<Window Type="TLBB_ButtonCommon" Name="ConfraternityPK_LookupButton">
					<Property Name="UnifiedPosition" Value="{{0.000000,0.000000},{0.000000,0.000000}" />
					<Property Name="UnifiedSize" Value="{{0.000000,210.000000},{0.000000,20.000000}" />
					<Event Name="Clicked" Function="ConfraternityPK_LookupButton_Click();" />
				</Window>
				<Window Type="TLBB_ButtonCommon" Name="ConfraternityPK_Button_Refuse">
					<Property Name="UnifiedPosition" Value="{{1.000000,-50.000000},{0.000000,0.000000}" />
					<Property Name="UnifiedSize" Value="{{0.000000,50.000000},{0.000000,20.000000}" />
					<Property Name="Text" Value="#{INTERFACE_XML_302}" />
					<Event Name="Clicked" Function="this:Hide();" />
				</Window>
				<Window Type="TLBB_Frame_Lace5" Name="ConfraternityPK_Blank">
					<Property Name="UnifiedPosition" Value="{{0.000000,210.000000},{1.000000,-20.000000}" />
					<Property Name="UnifiedSize" Value="{{1.000000,-260.000000},{0.000000,20.000000}" />
				</Window>
			</Window>
		</Window>
	</Window>
</GUILayout>
