<?xml version="1.0" ?>
<GUILayout>
	<Window Type="TLBB_MainFrame1" Name="Fangdao_Frame">
		<Property Name="UnifiedPosition" Value="{{0.5,-200},{0.12,0}}" />
		<Property Name="AbsoluteSize" Value="w:479.000000 h:358.000000" />
		<Event Name="Hidden" Function="Fangdao_OnHide();" />
		<Window Type="TLBB_DragTitle" Name="Fangdao_DragTitle">
			<Property Name="AbsolutePosition" Value="x:25.000000 y:11.000000" />
			<Property Name="UnifiedSize" Value="{{1.000000,-50.000000},{0.000000,20.000000}" />
			<Property Name="DragTarget" Value="Fangdao_Frame" />
			<Property Name="Font" Value="YouYuan11.25" />
			<Property Name="HorzFormatting" Value="HorzCentred" />
			<Property Name="VertFormatting" Value="VertCentred" />
			<Property Name="Text" Value="#{FDH_090112_15}" />
		</Window>
		<Window Type="TLBB_ButtonHelp" Name="Fangdao_Help">
			<Property Name="UnifiedPosition" Value="{{0.000000,5.000000},{0.000000,14.000000}" />
			<Property Name="AbsoluteSize" Value="w:14.000000 h:14.000000" />
			<Property Name="Text" Value="TLBB_ButtonHelp" />
			<Event Name="Clicked" Function='Helper:GotoHelper(&quot;*Fangdao&quot;);' />
		</Window>
		<Window Type="TLBB_ButtonClose" Name="Fangdao_Close">
			<Property Name="UnifiedPosition" Value="{{1.000000,-19.000000},{0.000000,14.000000}" />
			<Property Name="AbsoluteSize" Value="w:14.000000 h:14.000000" />
			<Property Name="Text" Value="TLBB_ButtonClose" />
			<Event Name="Clicked" Function="Fangdao_Close();" />
		</Window>
    <Window Type="DefaultWindow" Name="Fangdao_Frame_Client">
      <Property Name="AbsolutePosition" Value="x:6.000000 y:36.000000" />
      <Property Name="UnifiedSize" Value="{{1.000000,-12.000000},{1.000000,-55.000000}" />
      <Window Type="TLBB_MultiIMEEditBox" Name="Fangdao_Text">
        <Property Name="UnifiedPosition" Value="{{0.0,0.000000},{0.000000,20.000000}" />
        <Property Name="UnifiedSize" Value="{{1.0,0.000000},{0.000000,190.000000}" />
        <Property Name="Text" Value="#{FDH_090112_16}" />
      </Window>
      <Window Type="TLBB_Frame_Lace1" Name="Fangdao_Anniu">
        <Property Name="UnifiedPosition" Value="{{0.0,0.000000},{0.000000,0.000000}" />
        <Property Name="UnifiedSize" Value="{{1.0,0.000000},{0.000000,23.000000}" />
        <Property Name="AlwaysOnTop" Value="true" />
        <Window Type="TLBB_ButtonCheckForRMBShop" Name="Fangdao_AQtime">
          <Property Name="UnifiedPosition" Value="{{0.000000,75.000000},{0.000000,2.000000}" />
          <Property Name="AbsoluteSize" Value="w:111.000000 h:19.000000" />
          <Property Name="Text" Value="#{FDH_090112_02}" />
		  <Property Name="CheckMode" Value="2" />
          <Event Name="MouseLButtonDown" Function="Fangdao_AQtime_Clicked();" />
        </Window>
        <Window Type="TLBB_ButtonCheckForRMBShop" Name="Fangdao_Erjimima">
          <Property Name="UnifiedPosition" Value="{{1.000000,-186.000000},{0.000000,2.000000}" />
          <Property Name="AbsoluteSize" Value="w:111.000000 h:19.000000" />
          <Property Name="Text" Value="#{FDH_090112_04}" />
		  <Property Name="CheckMode" Value="2" />
          <Event Name="MouseLButtonDown" Function="Fangdao_Erjimima_Clicked();" />
        </Window>
      </Window>
      <Window Type="TLBB_Frame_Lace1" Name="Fangdao_WP1_Frame">
        <Property Name="UnifiedPosition" Value="{{0.000000,0.000000},{0.000000,209.000000}" />
        <Property Name="UnifiedSize" Value="{{1.000000,0.000000},{0.000000,24.000000}" />
        <Window Type="TLBB_SimpleText" Name="Fangdao_WP1jiesuo">
          <Property Name="UnifiedPosition" Value="{{0.0,5.000000},{0.000000,2.000000}" />
          <Property Name="UnifiedSize" Value="{{1.0,-10.000000},{0.000000,22.000000}" />
          <Property Name="HorzFormatting" Value="HorzLeft" />
          <Property Name="VertFormatting" Value="VertCentred" />
          <Property Name="TextColor" Value="FFFFF263" />
          <Property Name="Text" Value="#{FDH_090112_17}" />
        </Window>
        <Window Type="TLBB_ButtonCommon" Name="Fangdao_ErjimimaShezhi">
          <Property Name="UnifiedPosition" Value="{{0.000000,194.000000},{0.000000,2.000000}" />
          <Property Name="AbsoluteSize" Value="w:126.000000 h:20.000000" />
          <Property Name="Text" Value="#{FDH_090112_18}" />
		  <Event Name="Clicked" Function="Fangdao_ErjimimaShezhi_Clicked();" />
        </Window>
      </Window>
      <Window Type="TLBB_Frame_Lace1" Name="Fangdao_Time_Frame">
				<Property Name="UnifiedPosition" Value="{{0.000000,0.000000},{0.000000,232.000000}" />
				<Property Name="UnifiedSize" Value="{{1.000000,0.000000},{0.000000,48.000000}" />
				<Window Type="TLBB_SimpleText" Name="Fangdao_CurrentTime">
					<Property Name="UnifiedPosition" Value="{{0.0,5.000000},{0.000000,5.000000}" />
					<Property Name="UnifiedSize" Value="{{1.0,-10.000000},{0.000000,18.000000}" />
					<Property Name="HorzFormatting" Value="HorzLeft" />
					<Property Name="VertFormatting" Value="VertCentred" />
					<Property Name="TextColor" Value="FFFFF263" />
				</Window>
				<Window Type="TLBB_SimpleText" Name="Fangdao_StopWatch_Text">
					<Property Name="UnifiedPosition" Value="{{0.0,5.000000},{0.000000,25.000000}" />
					<Property Name="UnifiedSize" Value="{{1.0,-10.000000},{0.000000,18.000000}" />
					<Property Name="HorzFormatting" Value="HorzLeft" />
					<Property Name="VertFormatting" Value="VertCentred" />
					<Property Name="TextColor" Value="FFFFF263" />
				</Window>
				<Window Type="TLBB_StopWatch" Name="Fangdao_StopWatch">
					<Property Name="UnifiedPosition" Value="{{0.0,230.000000},{0.000000,25.000000}" />
					<Property Name="UnifiedSize" Value="{{0.0,40.000000},{0.000000,18.000000}" />
					<Property Name="HorzFormatting" Value="HorzLeft" />
					<Property Name="VertFormatting" Value="VertCentred" />
					<Property Name="MouseHollow" Value="True" />
					<Property Name="Text" Value="06:15" />
				</Window>
			</Window>
			<Window Type="TLBB_ButtonCommon" Name="Fangdao_OK">
				<Property Name="UnifiedPosition" Value="{{1.000000,-84.000000},{1.000000,-20.000000}" />
				<Property Name="AbsoluteSize" Value="w:44.000000 h:20.000000" />
				<Event Name="Clicked" Function="Fangdao_OK_Click();" />
				<Property Name="Text" Value="#{INTERFACE_XML_557}" />
			</Window>
			<Window Type="TLBB_ButtonCommon" Name="Fangdao_Cancel">
				<Property Name="UnifiedPosition" Value="{{1.000000,-40.000000},{1.000000,-20.000000}" />
				<Property Name="AbsoluteSize" Value="w:40.000000 h:20.000000" />
				<Event Name="Clicked" Function="Fangdao_Close();" />		
				<Property Name="Text" Value="#{INTERFACE_XML_542}" />
			</Window>
		</Window>
	</Window>
</GUILayout>
