<?xml version="1.0" ?>
<GUILayout>
    <Window Type="TLBB_MainFrame0" Name="BankLockFast_Frame">
        <Property Name="UnifiedPosition" Value="{{0.5,-120},{0.1,0}}" />
        <Property Name="AbsoluteSize" Value="w:450 h:360" />
        <Event Name="Hidden" Function="BankLockFast_Close();" />
        <Window Type="TLBB_ButtonHelp" Name="BankLockFast_Help">
            <Property Name="UnifiedPosition" Value="{{0.000000,5.000000},{0.000000,14.000000}" />
            <Property Name="AbsoluteSize" Value="w:14.000000 h:14.000000" />
            <Event Name="Clicked" Function='Helper:GotoHelper(&quot;*BankLockFast&quot;);' />
        </Window>
        <Window Type="TLBB_ButtonClose" Name="BankLockFast_Close">
            <Property Name="UnifiedPosition" Value="{{1.000000,-19.000000},{0.000000,14.000000}" />
            <Property Name="AbsoluteSize" Value="w:14.000000 h:14.000000" />
            <Event Name="Clicked" Function="this:Hide();" />
        </Window>
        <Window Type="TLBB_DragTitle" Name="BankLockFast_DragTitle">
            <Property Name="AbsolutePosition" Value="x:25.000000 y:11.000000" />
            <Property Name="UnifiedSize" Value="{{1.000000,-50.000000},{0.000000,20.000000}" />
            <Property Name="DragTarget" Value="BankLockFast_Frame" />
            <Property Name="Font" Value="YouYuan11.25" />
            <Property Name="HorzFormatting" Value="HorzCentred" />
            <Property Name="VertFormatting" Value="VertCentred" />
            <Property Name="TextColor" Value="FFFFF263" />
            <Property Name="Text" Value="#{INTERFACE_XML_1042}" />
        </Window>
        <Window Type="DefaultWindow" Name="BankLockFast_Client">
            <Property Name="AbsolutePosition" Value="x:7.000000 y:36.000000" />
            <Property Name="UnifiedSize" Value="{{1.000000,-13.000000},{1.000000,-55.000000}" />

           
            <Window Type="TLBB_SimpleMulitiTextFrame" Name="BankLockFast_Money_Text">
              <Property Name="UnifiedPosition" Value="{{0.000000,6.000000},{1.000000,-25.000000}" />
              <Property Name="UnifiedSize" Value="{{0.95000000,0.000000},{0.000000,22.000000}" />
              <Property Name="TextColor" Value="FFFFF263" />
                <Property Name="Text" Value="#{INTERFACE_XML_1043}" />
                <Property Name="HorzFormatting" Value="LeftAligned" />
                <Property Name="VertFormatting" Value="VertCentred" />
                <Property Name="RiseOnClick" Value="False" />
                <Window Type="TLBB_Money" Name="BankLockFast_Money">
                    <Property Name="UnifiedPosition" Value="{{0.000000,0.000000},{0.000000,0.000000}" />
                    <Property Name="UnifiedSize" Value="{{1.000000,0.000000},{0.000000,20.000000}" />
                    <Property Name="MoneyNumber" Value="0" />
                    <Property Name="HorzFormatting" Value="RightAligned" />
                </Window>
            </Window>

            <Window Type="TLBB_ButtonExp1" Name="BankLockFast_Get">
                <Property Name="UnifiedPosition" Value="{{1.000000,-420.000000},{1.000000,-82.5000000}" />
                <Property Name="AbsoluteSize" Value="w:180.000000 h:50.000000" />
                <Property Name="Text" Value="#{INTERFACE_XML_1044}" />
                <Event Name="Clicked" Function="BankLockFast_tiqu_Clicked();" />
            </Window>
            <Window Type="TLBB_ButtonExp1" Name="BankLockFast_Save">
                <Property Name="UnifiedPosition" Value="{{1.000000,-202.000000},{1.000000,-82.5000000}" />
                <Property Name="AbsoluteSize" Value="w:180.000000 h:50.000000" />
                <Property Name="Text" Value="#{INTERFACE_XML_1045}" />
                <Event Name="Clicked" Function="BankLockFast_cunru_Clicked();" />
            </Window>
          <Window Type="TLBB_ButtonExp2" Name="BankLockFast_Unlock">
            <Property Name="UnifiedPosition" Value="{{1.000000,-425.000000},{1.000000,-140.000000}" />
            <Property Name="AbsoluteSize" Value="w:190.000000 h:50.000000" />
            <Property Name="Text" Value="#{INTERFACE_XML_1046}" />
            <Event Name="Clicked" Function="BankLockFast_kaiqi_Clicked();" />
          </Window>
          <Window Type="TLBB_ButtonExp2" Name="BankLockFast_Lock">
            <Property Name="UnifiedPosition" Value="{{1.000000,-207.000000},{1.000000,-140.000000}" />
            <Property Name="AbsoluteSize" Value="w:190.000000 h:50.000000" />
            <Property Name="Text" Value="#{INTERFACE_XML_1047}" />
            <Event Name="Clicked" Function="BankLockFast_suoding_Clicked();" />
          </Window>
          <Window Type="TLBB_StaticText" Name="BankLockFast_WarningText" >
            <Property Name="UnifiedPosition" Value="{{0.500000,-213.000000},{0.200000,-60.0}" />
            <Property Name="UnifiedSize" Value="{{0.9700,0.000000},{0.00000,160.0}" />
            <Property Name="HorzFormatting" Value="WordWrapLeftAligned" />
            <Property Name="Text" Value="" />
            <Property Name="VertFormatting" Value="TopAligned" />
            <Property Name="VertScrollbar" Value="true" />
          </Window>
        </Window>
    </Window>
</GUILayout>
