<?xml version="1.0" ?>
<GUILayout>
    <Window Type="TLBB_MainFrame1" Name="CommisionStall_Frame">
        <Property Name="UnifiedPosition" Value="{{0.5,-217},{0.22,0}}" />
        <Property Name="AbsoluteSize" Value="w:217 h:350" />
        <Event Name="Hidden" Function="CommisionStall_Close_Clicked();" />
        <Window Type="TLBB_ButtonHelp" Name="CommisionStall_Help">
            <Property Name="UnifiedPosition" Value="{{0.000000,5.000000},{0.000000,14.000000}" />
            <Property Name="AbsoluteSize" Value="w:14.000000 h:14.000000" />
            <Event Name="Clicked" Function='Helper:GotoHelper(&quot;*StallBuy&quot;);' />
        </Window>
        <Window Type="TLBB_ButtonClose" Name="CommisionStall_Close">
            <Property Name="UnifiedPosition" Value="{{1.000000,-19.000000},{0.000000,14.000000}" />
            <Property Name="AbsoluteSize" Value="w:14.000000 h:14.000000" />
            <Event Name="Clicked" Function="CommisionStall_Close_Clicked();" />
        </Window>
        <Window Type="TLBB_DragTitle" Name="CommisionStall_DragTitle">
            <Property Name="AbsolutePosition" Value="x:25.000000 y:11.000000" />
            <Property Name="UnifiedSize" Value="{{1.000000,-50.000000},{0.000000,20.000000}" />
            <Property Name="DragTarget" Value="CommisionStall_Frame" />
            <Property Name="Text" Value="#{CommisionStall_1}" />
            <Property Name="Font" Value="YouYuan11.25" />
            <Property Name="HorzFormatting" Value="HorzCentred" />
        </Window>
        <Window Type="DefaultWindow" Name="CommisionStall_Client">
            <Property Name="AbsolutePosition" Value="x:7.000000 y:36.000000" />
            <Property Name="UnifiedSize" Value="{{1.000000,-13.000000},{1.000000,-55.000000}" />
            <Window Type="TLBB_SimpleText" Name="CommisionStall_Name_Text">
                <Property Name="UnifiedPosition" Value="{{0.000000,7.000000},{0.000000,4.000000}" />
                <Property Name="AbsoluteSize" Value="w:190.000000 h:38.000000" />
                <Property Name="TextColor" Value="FFFFF263" />
                <Property Name="HorzFormatting" Value="WordWrapLeftAligned" />
                <Property Name="VertFormatting" Value="VertCentred" />
                <Property Name="RiseOnClick" Value="False" />
            </Window>
            <Window Type="DefaultWindow" Name="CommisionStall_Checkbox_Frame">
                <Property Name="UnifiedPosition" Value="{{0.000000,7.000000},{0.000000,45.000000}" />
                <Property Name="AbsoluteSize" Value="w:190.000000 h:24.000000" />
                <Window Type="TLBB_ButtonPageUp" Name="CommisionStall_ItemType1">
                    <Property Name="UnifiedPosition" Value="{{0.000000,0.000000},{0.000000,0.000000}" />
                    <Property Name="AbsoluteSize" Value="w:42.000000 h:24.000000" />
                    <Property Name="CheckMode" Value="1" />
                    <Event Name="MouseLButtonDown" Function="CommisionStall_ChangeTabIndex(1);" />
                </Window>
                <Window Type="TLBB_ButtonPageUp" Name="CommisionStall_ItemType2">
                    <Property Name="UnifiedPosition" Value="{{0.000000,44.000000},{0.000000,0.000000}" />
                    <Property Name="AbsoluteSize" Value="w:42.000000 h:24.000000" />
                    <Property Name="CheckMode" Value="1" />
                    <Event Name="MouseLButtonDown" Function="CommisionStall_ChangeTabIndex(2);" />
                </Window>
                <Window Type="TLBB_ButtonPageUp" Name="CommisionStall_ItemType3">
                    <Property Name="UnifiedPosition" Value="{{0.000000,86.000000},{0.000000,0.000000}" />
                    <Property Name="AbsoluteSize" Value="w:42.000000 h:24.000000" />
                    <Property Name="CheckMode" Value="1" />
                    <Event Name="MouseLButtonDown" Function="CommisionStall_ChangeTabIndex(3);" />
                </Window>
            </Window>
            <Window Type="DefaultWindow" Name="CommisionStall_Item_Set">
                <Property Name="UnifiedPosition" Value="{{0.000000,7.000000},{0.000000,69.000000}" />
                <Property Name="AbsoluteSize" Value="w:190.000000 h:150.000000" />
                <Window Type="TLBB_ActionButton" Name="CommisionStall_Item1">
                    <Property Name="UnifiedPosition" Value="{{0.000000,0.000000},{0.000000,0.000000}" />
                    <Property Name="AbsoluteSize" Value="w:36.000000 h:36.000000" />
                    <Property Name="DraggingEnabled" Value="True" />
                    <Event Name="Clicked" Function="CommisionStall_Item_Click(1);" />
                </Window>
                <Window Type="TLBB_ActionButton" Name="CommisionStall_Item2">
                    <Property Name="UnifiedPosition" Value="{{0.000000,38.000000},{0.000000,0.000000}" />
                    <Property Name="AbsoluteSize" Value="w:36.000000 h:36.000000" />
                    <Property Name="DraggingEnabled" Value="True" />
                    <Event Name="Clicked" Function="CommisionStall_Item_Click(2);" />
                </Window>
                <Window Type="TLBB_ActionButton" Name="CommisionStall_Item3">
                    <Property Name="UnifiedPosition" Value="{{0.000000,76.000000},{0.000000,0.000000}" />
                    <Property Name="AbsoluteSize" Value="w:36.000000 h:36.000000" />
                    <Property Name="DraggingEnabled" Value="True" />
                     <Event Name="Clicked" Function="CommisionStall_Item_Click(3);" />
                </Window>
                <Window Type="TLBB_ActionButton" Name="CommisionStall_Item4">
                    <Property Name="UnifiedPosition" Value="{{0.000000,114.000000},{0.000000,0.000000}" />
                    <Property Name="AbsoluteSize" Value="w:36.000000 h:36.000000" />
                    <Property Name="DraggingEnabled" Value="True" />
                   <Event Name="Clicked" Function="CommisionStall_Item_Click(4);" />
                </Window>
                <Window Type="TLBB_ActionButton" Name="CommisionStall_Item5">
                    <Property Name="UnifiedPosition" Value="{{0.000000,152.000000},{0.000000,0.000000}" />
                    <Property Name="AbsoluteSize" Value="w:36.000000 h:36.000000" />
                    <Property Name="DraggingEnabled" Value="True" />
                    <Event Name="Clicked" Function="CommisionStall_Item_Click(5);" />
                </Window>
                <Window Type="TLBB_ActionButton" Name="CommisionStall_Item6">
                    <Property Name="UnifiedPosition" Value="{{0.000000,0.000000},{0.000000,38.000000}" />
                    <Property Name="AbsoluteSize" Value="w:36.000000 h:36.000000" />
                    <Property Name="DraggingEnabled" Value="True" />
					<Event Name="Clicked" Function="CommisionStall_Item_Click(6);" />
                </Window>
                <Window Type="TLBB_ActionButton" Name="CommisionStall_Item7">
                    <Property Name="UnifiedPosition" Value="{{0.000000,38.000000},{0.000000,38.000000}" />
                    <Property Name="AbsoluteSize" Value="w:36.000000 h:36.000000" />
                    <Property Name="DraggingEnabled" Value="True" />
                     <Event Name="Clicked" Function="CommisionStall_Item_Click(7);" />
                </Window>
                <Window Type="TLBB_ActionButton" Name="CommisionStall_Item8">
                    <Property Name="UnifiedPosition" Value="{{0.000000,76.000000},{0.000000,38.000000}" />
                    <Property Name="AbsoluteSize" Value="w:36.000000 h:36.000000" />
                    <Property Name="DraggingEnabled" Value="True" />
                    <Event Name="Clicked" Function="CommisionStall_Item_Click(8);" />
                </Window>
                <Window Type="TLBB_ActionButton" Name="CommisionStall_Item9">
                    <Property Name="UnifiedPosition" Value="{{0.000000,114.000000},{0.000000,38.000000}" />
                    <Property Name="AbsoluteSize" Value="w:36.000000 h:36.000000" />
                    <Property Name="DraggingEnabled" Value="True" />
                    <Event Name="Clicked" Function="CommisionStall_Item_Click(9);" />
                </Window>
                <Window Type="TLBB_ActionButton" Name="CommisionStall_Item10">
                    <Property Name="UnifiedPosition" Value="{{0.000000,152.000000},{0.000000,38.000000}" />
                    <Property Name="AbsoluteSize" Value="w:36.000000 h:36.000000" />
                    <Property Name="DraggingEnabled" Value="True" />
                     <Event Name="Clicked" Function="CommisionStall_Item_Click(10);" />
                </Window>
                <Window Type="TLBB_ActionButton" Name="CommisionStall_Item11">
                    <Property Name="UnifiedPosition" Value="{{0.000000,0.000000},{0.000000,76.000000}" />
                    <Property Name="AbsoluteSize" Value="w:36.000000 h:36.000000" />
                    <Property Name="DraggingEnabled" Value="True" />
                     <Event Name="Clicked" Function="CommisionStall_Item_Click(11);" />
                </Window>
                <Window Type="TLBB_ActionButton" Name="CommisionStall_Item12">
                    <Property Name="UnifiedPosition" Value="{{0.000000,38.000000},{0.000000,76.000000}" />
                    <Property Name="AbsoluteSize" Value="w:36.000000 h:36.000000" />
                    <Property Name="DraggingEnabled" Value="True" />
                     <Event Name="Clicked" Function="CommisionStall_Item_Click(12);" />
                </Window>
                <Window Type="TLBB_ActionButton" Name="CommisionStall_Item13">
                    <Property Name="UnifiedPosition" Value="{{0.000000,76.000000},{0.000000,76.000000}" />
                    <Property Name="AbsoluteSize" Value="w:36.000000 h:36.000000" />
                    <Property Name="DraggingEnabled" Value="True" />
                    <Event Name="Clicked" Function="CommisionStall_Item_Click(13);" />
                </Window>
                <Window Type="TLBB_ActionButton" Name="CommisionStall_Item14">
                    <Property Name="UnifiedPosition" Value="{{0.000000,114.000000},{0.000000,76.000000}" />
                    <Property Name="AbsoluteSize" Value="w:36.000000 h:36.000000" />
                    <Property Name="DraggingEnabled" Value="True" />
                     <Event Name="Clicked" Function="CommisionStall_Item_Click(14);" />
                </Window>
                <Window Type="TLBB_ActionButton" Name="CommisionStall_Item15">
                    <Property Name="UnifiedPosition" Value="{{0.000000,152.000000},{0.000000,76.000000}" />
                    <Property Name="AbsoluteSize" Value="w:36.000000 h:36.000000" />
                    <Property Name="DraggingEnabled" Value="True" />
                     <Event Name="Clicked" Function="CommisionStall_Item_Click(15);" />
                </Window>
                <Window Type="TLBB_ActionButton" Name="CommisionStall_Item16">
                    <Property Name="UnifiedPosition" Value="{{0.000000,0.000000},{0.000000,114.000000}" />
                    <Property Name="AbsoluteSize" Value="w:36.000000 h:36.000000" />
                    <Property Name="DraggingEnabled" Value="True" />
                     <Event Name="Clicked" Function="CommisionStall_Item_Click(16);" />
                </Window>
                <Window Type="TLBB_ActionButton" Name="CommisionStall_Item17">
                    <Property Name="UnifiedPosition" Value="{{0.000000,38.000000},{0.000000,114.000000}" />
                    <Property Name="AbsoluteSize" Value="w:36.000000 h:36.000000" />
                    <Property Name="DraggingEnabled" Value="True" />
                     <Event Name="Clicked" Function="CommisionStall_Item_Click(17);" />
                </Window>
                <Window Type="TLBB_ActionButton" Name="CommisionStall_Item18">
                    <Property Name="UnifiedPosition" Value="{{0.000000,76.000000},{0.000000,114.000000}" />
                    <Property Name="AbsoluteSize" Value="w:36.000000 h:36.000000" />
                    <Property Name="DraggingEnabled" Value="True" />
                     <Event Name="Clicked" Function="CommisionStall_Item_Click(18);" />
                </Window>
                <Window Type="TLBB_ActionButton" Name="CommisionStall_Item19">
                    <Property Name="UnifiedPosition" Value="{{0.000000,114.000000},{0.000000,114.000000}" />
                    <Property Name="AbsoluteSize" Value="w:36.000000 h:36.000000" />
                    <Property Name="DraggingEnabled" Value="True" />
                     <Event Name="Clicked" Function="CommisionStall_Item_Click(19);" />
                </Window>
                <Window Type="TLBB_ActionButton" Name="CommisionStall_Item20">
                    <Property Name="UnifiedPosition" Value="{{0.000000,152.000000},{0.000000,114.000000}" />
                    <Property Name="AbsoluteSize" Value="w:36.000000 h:36.000000" />
                    <Property Name="DraggingEnabled" Value="True" />
                     <Event Name="Clicked" Function="CommisionStall_Item_Click(20);" />
                </Window>
            </Window>
            <Window Type="TLBB_SimpleMulitiTextFrame" Name="CommisionStall_TargetPrice">
                <Property Name="UnifiedPosition" Value="{{0.00,0.000000},{1.000000,-67.000000}" />
                <Property Name="UnifiedSize" Value="{{1.0,0.000000},{0.000000,22.000000}" />
                <Property Name="TextColor" Value="FFFFF263" />
                <Window Type="TLBB_Money" Name="CommisionStall_TargetPrice_Money">
                    <Property Name="UnifiedPosition" Value="{{0.0,0.000000},{0.000000,0.000000}" />
                    <Property Name="UnifiedSize" Value="{{1.0,0.000000},{0.000000,20.000000}" />
                    <Property Name="MoneyNumber" Value="" />
                    <Property Name="HorzFormatting" Value="RightAligned" />
                </Window>
				            <Window Type="TLBB_SimpleText" Name="CommisionStall_TargetPrice_Yuanbao">
                    <Property Name="UnifiedPosition" Value="{{0.0,0.000000},{0.000000,0.000000}" />
                    <Property Name="UnifiedSize" Value="{{1.0,0.000000},{0.000000,20.000000}" />
                    <Property Name="HorzFormatting" Value="RightAligned" />
                </Window>
              <Window Type="TLBB_SimpleText" Name="CommisionStall_TargetPrice_Money/_Yuanbao" >
                <Property Name="AbsolutePosition" Value="x:7.000000 y:1.000000" />
                <Property Name="AbsoluteSize" Value="w:75.000000 h:20.000000" />
                <Property Name="Text" Value="#{INTERFACE_XML_789}" />
                <Property Name="TextColor" Value="FFFFF263" />
              </Window>
            </Window>
            <Window Type="TLBB_SimpleMulitiTextFrame" Name="CommisionStall_Cash">
                <Property Name="UnifiedPosition" Value="{{0.00,0.000000},{1.000000,-45.000000}" />
                <Property Name="UnifiedSize" Value="{{1.0,0.000000},{0.000000,22.000000}" />
                <Property Name="TextColor" Value="FFFFF263" />
                <Window Type="TLBB_Money" Name="CommisionStall_Cash_Money">
                    <Property Name="UnifiedPosition" Value="{{0.0,0.000000},{0.000000,0.000000}" />
                    <Property Name="UnifiedSize" Value="{{1.0,0.000000},{0.000000,20.000000}" />
                    <Property Name="MoneyNumber" Value="" />
                    <Property Name="HorzFormatting" Value="RightAligned" />
                </Window>
				<Window Type="TLBB_SimpleText" Name="CommisionStall_Cash_Yuanbao">
                    <Property Name="UnifiedPosition" Value="{{0.0,0.000000},{0.000000,0.000000}" />
                    <Property Name="UnifiedSize" Value="{{1.0,0.000000},{0.000000,20.000000}" />
                    <Property Name="HorzFormatting" Value="RightAligned" />
                </Window>
            </Window>
            <Window Type="TLBB_Frame_Lace5" Name="CommisionStall_Blank">
                <Property Name="UnifiedPosition" Value="{{0.000000,0.000000},{1.000000,-20.000000}" />
                <Property Name="UnifiedSize" Value="{{0.000000,100.000000},{0.000000,20.000000}" />
            </Window>
            <Window Type="TLBB_ButtonCommon" Name="CommisionStall_Buy">
                <Property Name="UnifiedPosition" Value="{{1.000000,-104.000000},{1.000000,-20.000000}" />
                <Property Name="AbsoluteSize" Value="w:40.000000 h:20.000000" />
                <Property Name="Text" Value="#{CommisionStall_2}" />
                <Event Name="Clicked" Function="CommisionStall_Buy_Clicked();" />
            </Window>
            <Window Type="TLBB_ButtonCommon" Name="CommisionStall_Cancel">
                <Property Name="UnifiedPosition" Value="{{1.000000,-64.000000},{1.000000,-20.000000}" />
                <Property Name="AbsoluteSize" Value="w:62.000000 h:20.000000" />
                <Property Name="Text" Value="#{CommisionStall_3}" />
                <Event Name="Clicked" Function="CommisionStall_Close_Clicked();" />
            </Window>
        </Window>
    </Window>
</GUILayout>
