<?xml version="1.0" ?>
<GUILayout>
    <Window Type="TLBB_MainFrame3" Name="ActionSkill_Frame">
        <Property Name="UnifiedPosition" Value="{{0.0,0},{0.12,0}}" />
        <Property Name="AbsoluteSize" Value="w:325.000000 h:365.000000" />
        <Window Type="TLBB_DragTitle" Name="ActionSkill_Frame1_Title">
            <Property Name="AbsolutePosition" Value="x:108.000000 y:8.000000" />
            <Property Name="UnifiedSize" Value="{{0.000000,192.000000},{0.000000,24.000000}" />
            <Property Name="Text" Value="#{INTERFACE_XML_47}" />
            <Property Name="DragTarget" Value="ActionSkill_Frame" />
            <Property Name="Font" Value="YouYuan11.25" />
            <Property Name="HorzFormatting" Value="HorzCentred" />
            <Property Name="VertFormatting" Value="VertCentred" />
            <Property Name="VertFormatting" Value="VertCentred" />
        </Window>
        <Window Type="TLBB_ButtonHelp" Name="ActionSkill_Help">
            <Property Name="UnifiedPosition" Value="{{0.000000,88.000000},{0.000000,14.000000}" />
            <Property Name="AbsoluteSize" Value="w:14.000000 h:14.000000" />
            <Property Name="Text" Value="TLBB_ButtonHelp" />
            <Event Name="Clicked" Function='Helper:GotoHelper(&quot;*ActionSkill&quot;);' />
        </Window>
        <Window Type="TLBB_ButtonClose" Name="ActionSkill_Close">
            <Property Name="UnifiedPosition" Value="{{1.000000,-19.000000},{0.000000,14.000000}" />
            <Property Name="AbsoluteSize" Value="w:14.000000 h:14.000000" />
            <Property Name="Text" Value="TLBB_ButtonClose" />
            <Event Name="Clicked" Function="ActionSkill_OnClose();" />
        </Window>
        <Window Type="DefaultWindow" Name="ActionSkill_Frame_Client">
            <Property Name="AbsolutePosition" Value="x:10.000000 y:37.000000" />
            <Property Name="UnifiedSize" Value="{{1.000000,-15.000000},{1.000000,-66.000000}" />
            <Window Type="TLBB_SimpleText" Name="ActionSkill_MenPai_Attr_Intro" >
                <Property Name="AbsolutePosition" Value="x:39.000000 y:5.000000" />
                <Property Name="AbsoluteSize" Value="w:75.000000 h:16.000000" />
                <Property Name="Tooltip" Value="#{MPZSX_20071221_10}"/>
            </Window>
            <Window Type="TLBB_StaticImageNULL" Name="ActionSkill_MenPai_ICON">
                <Property Name="AbsolutePosition" Value="x:127.000000 y:5.000000" />
                <Property Name="AbsoluteSize" Value="w:62.000000 h:16.000000" />          
                <Property Name="RiseOnClick" Value="False" />
            </Window>
       <!-- <Window Type="TLBB_ActionButtonNULL" Name="ActionSkill_MenPai_Attr_Intro_TIP" >
                <Property Name="AbsolutePosition" Value="x:15.000000 y:5.000000" />
                <Property Name="AbsoluteSize" Value="w:220.000000 h:20.000000" />
                <Property Name="Tooltip" Value="#{MenPai_SKILL_INTRO_TIPS}"/>
            </Window>
 -->
            <Window Type="DefaultWindow" Name="ActionSkill_Xinfa_BK">
                <Property Name="AbsolutePosition" Value="x:20.000000 y:24.000000" />
                <Property Name="AbsoluteSize" Value="w:271.0 h:95" />
                <!-- 心法actionbuttons-->
                <Window Type="TLBB_ActionButton" Name="ActionSkill_Xinfa1">
                    <Property Name="Position" Value="x:0.125 y:0.05" />
                    <Property Name="AbsoluteSize" Value="w:34.0 h:34.0" />
                    <Event Name="Clicked" Function="ActionSkill_Update_Cliecked(1,1);" />
                </Window>
                <Window Type="TLBB_ActionButton" Name="ActionSkill_Xinfa2">
                    <Property Name="Position" Value="x:0.325 y:0.05" />
                    <Property Name="AbsoluteSize" Value="w:34.0 h:34.0" />
                    <Event Name="Clicked" Function="ActionSkill_Update_Cliecked(2,1);" />
                </Window>
                <Window Type="TLBB_ActionButton" Name="ActionSkill_Xinfa3">
                    <Property Name="Position" Value="x:0.525 y:0.05" />
                    <Property Name="AbsoluteSize" Value="w:34.0 h:34.0" />
                    <Event Name="Clicked" Function="ActionSkill_Update_Cliecked(3,1);" />
                </Window>
                <Window Type="TLBB_ActionButton" Name="ActionSkill_Xinfa4">
                    <Property Name="Position" Value="x:0.725 y:0.05" />
                    <Property Name="AbsoluteSize" Value="w:34.0 h:34.0" />
                    <Event Name="Clicked" Function="ActionSkill_Update_Cliecked(4,1);" />
                </Window>
                <Window Type="TLBB_ActionButton" Name="ActionSkill_Xinfa5">
                    <Property Name="Position" Value="x:0.125 y:0.515789" />
                    <Property Name="AbsoluteSize" Value="w:34.000000 h:34.000000" />
                    <Event Name="Clicked" Function="ActionSkill_Update_Cliecked(5,1);" />
                </Window>
                <Window Type="TLBB_ActionButton" Name="ActionSkill_Xinfa6">
                    <Property Name="Position" Value="x:0.325 y:0.515789" />
                    <Property Name="AbsoluteSize" Value="w:34.000000 h:34.000000" />
                    <Event Name="Clicked" Function="ActionSkill_Update_Cliecked(6,1);" />
                </Window>
                <Window Type="TLBB_ActionButton" Name="ActionSkill_Xinfa7">
                    <Property Name="Position" Value="x:0.525 y:0.515789" />
                    <Property Name="AbsoluteSize" Value="w:34.0 h:34.0" />
                    <Event Name="Clicked" Function="ActionSkill_Update_Cliecked(7,1);" />
                </Window>
                <Window Type="TLBB_ActionButton" Name="ActionSkill_Xinfa8">
                    <Property Name="Position" Value="x:0.725 y:0.515789" />
                    <Property Name="AbsoluteSize" Value="w:34.0 h:34.0" />
                    <Event Name="Clicked" Function="ActionSkill_Update_Cliecked(8,1);" />
                </Window>
            </Window>
            <Window Type="TLBB_Frame_Lace1" Name="ActionSkill_Bk">
                <Property Name="UnifiedPosition" Value="{{0.000000,40.000000},{0.000000,120.000000}" />
                <Property Name="UnifiedSize" Value="{{0.000000,229.000000},{0.000000,42.000000}" />
                <Property Name="RiseOnClick" Value="False" />
                <!-- 招式actionbuttons-->
                <Window Type="TLBB_ActionButton" Name="ActionSkill_Zhaoshi1">
                    <Property Name="AbsolutePosition" Value="x:9.0 y:4.0" />
                    <Property Name="AbsoluteSize" Value="w:34.0 h:34.0" />
                    <Property Name="DraggingEnabled" Value="True" />
                    <Event Name="Clicked" Function="ActionSkill_Update_Cliecked(1,2);" />
                </Window>
                <Window Type="TLBB_ActionButton" Name="ActionSkill_Zhaoshi2">
                    <Property Name="AbsolutePosition" Value="x:53.0 y:4.0" />
                    <Property Name="AbsoluteSize" Value="w:34.0 h:34.0" />
                    <Property Name="DraggingEnabled" Value="True" />
                    <Event Name="Clicked" Function="ActionSkill_Update_Cliecked(2,2);" />
                </Window>
                <Window Type="TLBB_ActionButton" Name="ActionSkill_Zhaoshi3">
                    <Property Name="AbsolutePosition" Value="x:97.0 y:4.0" />
                    <Property Name="AbsoluteSize" Value="w:34.0 h:34.0" />
                    <Property Name="DraggingEnabled" Value="True" />
                    <Event Name="Clicked" Function="ActionSkill_Update_Cliecked(3,2);" />
                </Window>
                <Window Type="TLBB_ActionButton" Name="ActionSkill_Zhaoshi4">
                    <Property Name="AbsolutePosition" Value="x:141.0 y:4.0" />
                    <Property Name="AbsoluteSize" Value="w:34.0 h:34.0" />
                    <Property Name="DraggingEnabled" Value="True" />
                    <Event Name="Clicked" Function="ActionSkill_Update_Cliecked(4,2);" />
                </Window>
                <Window Type="TLBB_ActionButton" Name="ActionSkill_Zhaoshi5">
                    <Property Name="AbsolutePosition" Value="x:185.0 y:4.0" />
                    <Property Name="AbsoluteSize" Value="w:34.0 h:34.0" />
                    <Property Name="DraggingEnabled" Value="True" />
                    <Event Name="Clicked" Function="ActionSkill_Update_Cliecked(5,2);" />
                </Window>
            </Window>
            <Window Type="DefaultWindow" Name="ActionSkill_Target_BK">
                <Property Name="UnifiedPosition" Value="{{0.000000,0.000000},{1.000000,-130.000000}" />
                <Property Name="UnifiedSize" Value="{{1.000000,0.000000},{0.000000,50.000000}" />
                <Window Type="TLBB_ActionButton" Name="ActionSkill_XinfaTarget">
                    <Property Name="Position" Value="x:0.080645 y:0.180000" />
                    <Property Name="AbsoluteSize" Value="w:34.0 h:34.0" />
                </Window>
                <Window Type="TLBB_ActionButton" Name="ActionSkill_ZhaoshiTarget">
                    <Property Name="Position" Value="x:0.080645 y:0.180000" />
                    <Property Name="AbsoluteSize" Value="w:34.0 h:34.0" />
                </Window>
                <Window Type="TLBB_SimpleMulitiTextFrame" Name="ActionSkill_Name">
		<Property Name="UnifiedSize" Value="{{0.000000,176.000000},{0.000000,36.000000}}"/>
		<Property Name="UnifiedPosition" Value="{{0.251613,-16.000000},{0.160000,0.000000}}"/>
                    <Property Name="HorzFormatting" Value="LeftAligned" />
                    <Property Name="VertFormatting" Value="VertCentred" />
                    <Property Name="TextColor" Value="FFFFF263" />
                    <Property Name="Text" Value="#{INTERFACE_XML_115}" />
                </Window>
                <Window Type="TLBB_ButtonCommon" Name="ActionSkill_Use">
		<Property Name="UnifiedSize" Value="{{0.200000,0.000000},{0.000000,20.000000}}"/>
		<Property Name="UnifiedPosition" Value="{{0.735484,15.000000},{0.260000,0.000000}}"/>
                    <Property Name="Text" Value="#{INTERFACE_XML_643}" />
                    <Event Name="Clicked" Function="ActionSkill_Button_Clicked();" />
                </Window>
            </Window>
            <Window Type="TLBB_Frame_Lace4" Name="ActionSkill_Explain_Bk">
                <Property Name="UnifiedPosition" Value="{{0.000000,0.000000},{1.000000,-82.000000}" />
                <Property Name="UnifiedSize" Value="{{1.000000,0.000000},{0.000000,80.000000}" />
                <Window Type="TLBB_StaticText" Name="ActionSkill_Explain">
                    <Property Name="UnifiedPosition" Value="{{0.000000,7.000000},{0.000000,6.000000}" />
                    <Property Name="UnifiedSize" Value="{{1.000000,-14.000000},{1.000000,-12.000000}" />
                    <Property Name="HorzFormatting" Value="WordWrapLeftAligned" />
                    <Property Name="VertFormatting" Value="TopAligned" />
                    <Property Name="VertScrollbar" Value="true" />
                </Window>
            </Window>
        </Window>
        <!-- client end-->
        <Window Type="DefaultWindow" Name="ActionSkill_Checkbox_Frame">
            <Property Name="UnifiedPosition" Value="{{0.0,8.000000},{1.000000,-25.000000}" />
            <Property Name="UnifiedSize" Value="{{0.9,0.000000},{0.000000,24.000000}" />
            <Property Name="AlwaysOnTop" Value="True" />
            <Property Name="RiseOnClick" Value="False" />
            <Window Type="TLBB_ButtonPageDown" Name="ActionSkill_CommonlySkill">
                <Property Name="AbsolutePosition" Value="x:0.0 y:0.0" />
                <Property Name="AbsoluteSize" Value="w:70.000000 h:24.000000" />
                <Property Name="CheckMode" Value="1" />
                <Event Name="Clicked" Function="Action_Common_Page_Switch();" />
                <Property Name="Text" Value="#{INTERFACE_XML_494}" />
            </Window>
            <Window Type="TLBB_ButtonPageDown" Name="ActionSkill_ActionSkill">
                <Property Name="AbsolutePosition" Value="x:70 y:0.0" />
                <Property Name="AbsoluteSize" Value="w:70.000000 h:24.000000" />
                <Property Name="CheckMode" Value="1" />
                <Property Name="Text" Value="#{INTERFACE_XML_448}" />
            </Window>
            <Window Type="TLBB_ButtonPageDown" Name="ActionSkill_LifeSkill">
                <Property Name="AbsolutePosition" Value="x:140 y:0.0" />
                <Property Name="AbsoluteSize" Value="w:70.000000 h:24.000000" />
                <Property Name="CheckMode" Value="1" />
                <Property Name="Text" Value="#{INTERFACE_XML_635}" />
                <Event Name="Clicked" Function="Action_Life_Page_Switch();" />
            </Window>
        </Window>
    </Window>
    <!-- frame end-->
</GUILayout>
