﻿<?xml version="1.0" ?>
<GUILayout>
    <Window Type="TLBB_MainFrame0" Name="ConfraternityWar_Frame">
        <Property Name="UnifiedPosition" Value="{{0.5,-90},{0.5,-160}}" />
		<Property Name="AbsoluteSize" Value="w:210 h:190" />
        <Window Type="TLBB_DragTitle" Name="ConfraternityWar_DragTitle">
            <Property Name="AbsolutePosition" Value="x:25.000000 y:11.000000" />
            <Property Name="UnifiedSize" Value="{{1.000000,-50.000000},{0.000000,20.000000}" />
            <Property Name="Font" Value="YouYuan11.25" />
            <Property Name="HorzFormatting" Value="HorzCentred" />
            <Property Name="VertFormatting" Value="VertCentred" />
            <Property Name="Text" Value="#{INTERFACE_XML_1244}" />
            <Property Name="DragTarget" Value="ConfraternityWar_Frame" />
        </Window>
        <Window Type="TLBB_ButtonHelp" Name="ConfraternityWar_Frame_Help">
            <Property Name="UnifiedPosition" Value="{{0.000000,5.000000},{0.000000,14.000000}" />
            <Property Name="AbsoluteSize" Value="w:14.000000 h:14.000000" />
            <Event Name="Clicked" Function='Helper:GotoHelper(&quot;*Operation&quot;);' />
        </Window>
        <Window Type="TLBB_ButtonClose" Name="ConfraternityWar_Frame_Close">
            <Property Name="UnifiedPosition" Value="{{1.000000,-19.000000},{0.000000,14.000000}" />
            <Property Name="AbsoluteSize" Value="w:14.000000 h:14.000000" />
            <Property Name="Text" Value="TLBB_ButtonClose" />
            <Event Name="Clicked" Function="this:Hide();" />
        </Window>
        <Window Type="DefaultWindow" Name="ConfraternityWar_Frame_Client">
            <Property Name="AbsolutePosition" Value="x:7.000000 y:36.000000" />
            <Property Name="UnifiedSize" Value="{{1.000000,-13.000000},{1.000000,-55.000000}" />
            <Window Type="TLBB_ButtonCommon" Name="ConfraternityWar_Start">
				        <Property Name="UnifiedPosition" Value="{{0.15,0.000000},{0.000000,55.000000}" />
              <Property Name="UnifiedSize" Value="{{0.7000000,0.000000},{0.000000,20.000000}" />
                <Property Name="Text" Value="#{BHXZ_081103_93}" />
                <Event Name="Clicked" Function="ConfraternityWar_XuanZhan_Click()" />
            </Window>
            <Window Type="TLBB_ButtonCommon" Name="ConfraternityWar_ZT">
				        <Property Name="UnifiedPosition" Value="{{0.15,0.000000},{0.000000,15.000000}" />
              <Property Name="UnifiedSize" Value="{{0.7000000,0.000000},{0.000000,20.000000}" />
                <Property Name="Text" Value="#{BHXZ_081103_94}" />
                <Event Name="Clicked" Function="ConfraternityWar_Zhnegtao_Click()" />
            </Window>
            <Window Type="TLBB_ButtonExp2" Name="ConfraternityWar_BackGame">
				        <Property Name="UnifiedPosition" Value="{{0.1,0.000000},{0.000000,85.000000}" />
                <Property Name="UnifiedSize" Value="{{0.8,0.000000},{0.000000,40.000000}" />
                <Property Name="Text" Value="#{INTERFACE_XML_266}" />
                <Event Name="Clicked" Function="this:Hide();" />
            </Window>
        </Window>
    </Window>
</GUILayout>
