<?xml version="1.0" ?>
<GUILayout>
    <Window Type="TLBB_MainFrame1" Name="ConfraternityApplyManor_Frame">
        <Property Name="UnifiedXPosition" Value="{0.5,-128}" />
        <Property Name="UnifiedYPosition" Value="{0.4,-64}" />
        <Property Name="AbsoluteSize" Value="w:260 h:180" />
        <Window Type="TLBB_DragTitle" Name="ConfraternityApplyManor_DragTitle">
            <Property Name="AbsolutePosition" Value="x:25.000000 y:11.000000" />
            <Property Name="UnifiedSize" Value="{{1.000000,-50.000000},{0.000000,20.000000}" />
            <Property Name="DragTarget" Value="ConfraternityApplyManor_Frame" />
            <Window Type="TLBB_SimpleText" Name="ConfraternityApplyManor_Text">
                <Property Name="Position" Value="x:0.0 y:0.0" />
                <Property Name="Size" Value="w:1.0 h:1.0" />
                <Property Name="Font" Value="YouYuan11.25" />
                <Property Name="HorzFormatting" Value="HorzCentred" />
                <Property Name="VertFormatting" Value="VertCentred" />
                <Property Name="Text" Value="" />
            </Window>
        </Window>
        <Window Type="TLBB_ButtonHelp" Name="ConfraternityApplyManor_Help">
            <Property Name="UnifiedPosition" Value="{{0.000000,5.000000},{0.000000,14.000000}" />
            <Property Name="AbsoluteSize" Value="w:14.000000 h:14.000000" />
            <Property Name="Text" Value="TLBB_ButtonHelp" />
            <Event Name="Clicked" Function='Helper:GotoHelper(&quot;*ConfraternityApplyManor&quot;);' />
        </Window>
        <Window Type="TLBB_ButtonClose" Name="ConfraternityApplyManor_Close">
            <Property Name="UnifiedPosition" Value="{{1.000000,-19.000000},{0.000000,14.000000}" />
            <Property Name="AbsoluteSize" Value="w:14.000000 h:14.000000" />
            <Property Name="Text" Value="TLBB_ButtonClose" />
            <Event Name="Clicked" Function="this:Hide();" />
        </Window>
        <Window Type="DefaultWindow" Name="ConfraternityApplyManor_Frame_Client">
            <Property Name="AbsolutePosition" Value="x:7.000000 y:36.000000" />
            <Property Name="UnifiedSize" Value="{{1.000000,-13.000000},{1.000000,-55.000000}" />
            <Window Type="TLBB_SimpleMulitiTextFrame" Name="ConfraternityApplyManor_Text1">
                <Property Name="Position" Value="x:0.0 y:0.0" />
                <Property Name="UnifiedSize" Value="{{1.0,0.000000},{0.000000,39.000000}" />
                <Property Name="TextColor" Value="FFFFF263" />
                <Property Name="Text" Value="" />
                <Property Name="HorzFormatting" Value="HorzCentred" />
                <Property Name="VertFormatting" Value="VertCentred" />
            </Window>
            <Window Type="TLBB_SimpleText" Name="ConfraternityApplyManor_Text2">
				<Property Name="UnifiedPosition" Value="{{0.029316,8},{0.342466,2}}"/>
				<Property Name="UnifiedSize" Value="{{0.330000,50.0},{0.000000,20.000000}" />
                <Property Name="TextColor" Value="FFFFF263" />
                <Property Name="Text" Value="" />
                <Property Name="HorzFormatting" Value="LeftAlign" />
                <Property Name="VertFormatting" Value="VertCentred" />
            </Window>
            <Window Type="TLBB_EditBoxNormal" Name="ConfraternityApplyManor_FeudalName">
				<Property Name="UnifiedPosition" Value="{{0.380000,-38},{0.356164,28}}"/>
				<Property Name="UnifiedSize" Value="{{0.470000,35.710000},{0.000000,20.000000}" />
                <Property Name="MaxTextLength" Value="12" />
                <Property Name="Text" Value="#{INTERFACE_XML_902}" />
            </Window>
            <Window Type="TLBB_Frame_Lace5" Name="ConfraternityApplyManor_Blank">
                <Property Name="UnifiedPosition" Value="{{0.000000,0.000000},{1.000000,-20.000000}" />
                <Property Name="UnifiedSize" Value="{{1.000000,-80.000000},{0.000000,20.000000}" />
            </Window>
            <Window Type="TLBB_ButtonCommon" Name="ConfraternityApplyManor_Release_Button">
                <Property Name="UnifiedPosition" Value="{{1.000000,-80.000000},{1.000000,-20.000000}" />
                <Property Name="AbsoluteSize" Value="w:40.000000 h:20.000000" />
                <Property Name="Text" Value="#{INTERFACE_XML_557}" />
                <Event Name="Clicked" Function="ConfraternityApplyManor_Release_Button_Clicked();" />
            </Window>
            <Window Type="TLBB_ButtonCommon" Name="ConfraternityApplyManor_Relive_Button">
                <Property Name="UnifiedPosition" Value="{{1.000000,-40.000000},{1.000000,-20.000000}" />
                <Property Name="AbsoluteSize" Value="w:40.000000 h:20.000000" />
                <Property Name="Text" Value="#{INTERFACE_XML_542}" />
                <Event Name="Clicked" Function="this:Hide();" />
            </Window>
        </Window>
    </Window>
</GUILayout>
