﻿<?xml version="1.0" ?>
<GUILayout>
    <Window Type="TLBB_MainFrame1" Name="FriendInfo_Frame">
        <Property Name="UnifiedSize" Value="{{0.000000,286.000000},{0.000000,325.000000}}"/>
	    	<Property Name="UnifiedPosition" Value="{{0.287838,0.000000},{0.333333,0.000000}}"/>
		<Event Name="Hidden" Function="FriendInfo_OnHide();"/>
        <Window Type="TLBB_DragTitle" Name="FriendInfo_DragTitle">
            <Property Name="AbsolutePosition" Value="x:25.000000 y:11.000000" />
            <Property Name="UnifiedSize" Value="{{1.000000,-50.000000},{0.000000,20.000000}" />
            <Property Name="DragTarget" Value="FriendInfo_Frame" />
            <Window Type="TLBB_SimpleText" Name="FriendInfo_PageHeader">
                <Property Name="Position" Value="x:0.0 y:0.0" />
                <Property Name="Size" Value="w:1.0 h:1.0" />
                <Property Name="Font" Value="YouYuan11.25" />
                <Property Name="HorzFormatting" Value="HorzCentred" />
                <Property Name="VertFormatting" Value="VertCentred" />
                <Property Name="Text" Value="#{INTERFACE_XML_66}" />
            </Window>
        </Window>
        <Window Type="TLBB_ButtonHelp" Name="FriendInfo_Help">
            <Property Name="UnifiedPosition" Value="{{0.000000,5.000000},{0.000000,14.000000}" />
            <Property Name="AbsoluteSize" Value="w:14.000000 h:14.000000" />
            <Property Name="Text" Value="TLBB_ButtonHelp" />
            <Event Name="Clicked" Function='Helper:GotoHelper(&quot;*FriendInfo&quot;);' />
        </Window>
        <Window Type="TLBB_ButtonClose" Name="FriendInfo_Close">
            <Property Name="UnifiedPosition" Value="{{1.000000,-19.000000},{0.000000,14.000000}" />
            <Property Name="AbsoluteSize" Value="w:14.000000 h:14.000000" />
            <Property Name="Text" Value="TLBB_ButtonClose" />
            <Event Name="Clicked" Function="this:Hide();" />
        </Window>
        <Window Type="DefaultWindow" Name="FriendInfo_Frame_Client">
            <Property Name="AbsolutePosition" Value="x:7.000000 y:36.000000" />
            <Property Name="UnifiedSize" Value="{{1.000000,-13.000000},{1.000000,-55.000000}" />
            <Window Type="TLBB_Frame_Lace3" Name="FriendInfo_PlayerHead_Frame">
                <Property Name="UnifiedSize" Value="{{0.000000,64.000000},{0.000000,64.000000}}"/>
		            <Property Name="UnifiedPosition" Value="{{1.000000,-68.000000},{0.000000,7.000000}}"/>
                <Property Name="FrameEnabled" Value="True" />
                <Property Name="BackgroundEnabled" Value="True" />
                <Window Type="TLBB_StaticImageNULL" Name="FriendInfo_PlayerHead">
                    <Property Name="AbsolutePosition" Value="x:4.000000 y:4.000000" />
                    <Property Name="AbsoluteSize" Value="w:56 h:56" />
                    <Property Name="RiseOnClick" Value="False" />
                </Window>
            </Window>
            <Window Type="TLBB_SimpleText" Name="FriendInfo_ID">
                <Property Name="UnifiedPosition" Value="{{0.02,0.000000},{0.0,0.000000}" />
                <Property Name="UnifiedSize" Value="{{0.45,0.000000},{0.000000,18.000000}" />
                <Property Name="HorzFormatting" Value="LeftAligned" />
                <Property Name="VertFormatting" Value="VertCentred" />
                <Property Name="TextColor" Value="FFFFF263" />
                <Property Name="Text" Value="ID:" />
            </Window>
            <Window Type="TLBB_SimpleMulitiTextFrame" Name="FriendInfo_Name">
                <Property Name="UnifiedPosition" Value="{{0.0,0.000000},{0.0,18.000000}" />
                <Property Name="UnifiedSize" Value="{{0.72,0.000000},{0.000000,18.000000}" />
                <Property Name="HorzFormatting" Value="LeftAligned" />
                <Property Name="VertFormatting" Value="VertCentred" />
                <Property Name="TextColor" Value="FFFFF263" />
                <Property Name="Text" Value="#{INTERFACE_XML_773}" />
            </Window>
            <Window Type="TLBB_SimpleMulitiTextFrame" Name="FriendInfo_Level">
                <Property Name="UnifiedPosition" Value="{{0.0,0.000000},{0.0,36.000000}" />
                <Property Name="UnifiedSize" Value="{{0.3,0.000000},{0.000000,18.000000}" />
                <Property Name="HorzFormatting" Value="LeftAligned" />
                <Property Name="VertFormatting" Value="VertCentred" />
                <Property Name="TextColor" Value="FFFFF263" />
                <Property Name="Text" Value="#{INTERFACE_XML_344}" />
            </Window>
            <Window Type="TLBB_SimpleMulitiTextFrame" Name="FriendInfo_MenPai">
                <Property Name="UnifiedPosition" Value="{{0.3,0.000000},{0.0,36.000000}" />
                <Property Name="UnifiedSize" Value="{{0.42,0.000000},{0.000000,18.000000}" />
                <Property Name="HorzFormatting" Value="LeftAligned" />
                <Property Name="VertFormatting" Value="VertCentred" />
                <Property Name="TextColor" Value="FFFFF263" />
                <Property Name="Text" Value="#{INTERFACE_XML_449}" />
            </Window>
            <Window Type="TLBB_SimpleMulitiTextFrame" Name="FriendInfo_FriendlyGrade">
                <Property Name="UnifiedPosition" Value="{{0.0,0.000000},{0.0,54.000000}" />
                <Property Name="UnifiedSize" Value="{{0.72,0.000000},{0.000000,18.000000}" />
                <Property Name="HorzFormatting" Value="LeftAligned" />
                <Property Name="VertFormatting" Value="VertCentred" />
                <Property Name="TextColor" Value="FFFFF263" />
            </Window>
            <Window Type="TLBB_Frame_Lace1" Name="FriendInfo_Bk">
                <Property Name="UnifiedPosition" Value="{{0.000000,0.000000},{0.0,75.000000}" />
                <Property Name="UnifiedSize" Value="{{1.0,0.000000},{1.000000,-100.000000}" />
                <Property Name="RiseOnClick" Value="False" />
                <Window Type="TLBB_SimpleText" Name="FriendInfo_Confraternity">
                    <Property Name="UnifiedPosition" Value="{{0.000000,5.000000},{0.0,4.000000}" />
                    <Property Name="UnifiedSize" Value="{{1.0,0.000000},{0.000000,18.000000}" />
                    <Property Name="HorzFormatting" Value="LeftAligned" />
                    <Property Name="VertFormatting" Value="VertCentred" />
                    <Property Name="TextColor" Value="FFFFF263" />
                    <Property Name="Text" Value="#{INTERFACE_XML_127}" />
                </Window>
              <Window Type="TLBB_SimpleText" Name="FriendInfo_GuildLeague">
                <Property Name="UnifiedPosition" Value="{{0.000000,5.000000},{0.0,26.000000}" />
                <Property Name="UnifiedSize" Value="{{1.0,0.000000},{0.000000,18.000000}" />
                <Property Name="HorzFormatting" Value="LeftAligned" />
                <Property Name="VertFormatting" Value="VertCentred" />
                <Property Name="TextColor" Value="FFFFF263" />
                <Property Name="Text" Value="#{TM_20080311_30}" />
              </Window>
                <Window Type="TLBB_SimpleText" Name="FriendInfo_Explain">
                    <Property Name="UnifiedSize" Value="{{1.000000,-3.000000},{0.000000,18.000000}}"/>
		                <Property Name="UnifiedPosition" Value="{{0.000000,3.000000},{0.000000,48.000000}}"/>
                    <Property Name="HorzFormatting" Value="LeftAligned" />
                    <Property Name="VertFormatting" Value="VertCentred" />
                    <Property Name="TextColor" Value="FFFFF263" />
                    <Property Name="Text" Value="#{INTERFACE_XML_763}" />
                </Window>
                <Window Type="TLBB_SimpleText" Name="FriendInfo_Agname">
                    <Property Name="UnifiedPosition" Value="{{0.000000,5.000000},{0.0,71.000000}" />
                    <Property Name="UnifiedSize" Value="{{1.0,0.000000},{0.000000,26.000000}" />
                    <Property Name="HorzFormatting" Value="VertCentred" />
                    <Property Name="VertFormatting" Value="VertCentred" />
                    <Property Name="TextColor" Value="FFFFF263" />
                    <Property Name="Text" Value="#{INTERFACE_XML_174}" />
                </Window>
                <Window Type="TLBB_SimpleText" Name="FriendInfo_Relation">
                    <Property Name="UnifiedPosition" Value="{{0.000000,5.000000},{0.0,101.000000}" />
                    <Property Name="UnifiedSize" Value="{{1.0,0.000000},{0.000000,18.000000}" />
                    <Property Name="HorzFormatting" Value="LeftAligned" />
                    <Property Name="VertFormatting" Value="VertCentred" />
                    <Property Name="TextColor" Value="FFFFF263" />
                </Window>
                <Window Type="TLBB_SimpleText" Name="FriendInfo_Locus">
                    <Property Name="UnifiedPosition" Value="{{0.000000,5.000000},{0.0,126.000000}" />
                    <Property Name="UnifiedSize" Value="{{1.0,0.000000},{0.000000,18.000000}" />
                    <Property Name="HorzFormatting" Value="LeftAligned" />
                    <Property Name="VertFormatting" Value="VertCentred" />
                    <Property Name="TextColor" Value="FFFFF263" />
                </Window>
                <Window Type="TLBB_SimpleText" Name="FriendInfo_TeamInfo">
                    <Property Name="UnifiedPosition" Value="{{0.000000,5.000000},{0.0,148.00000}" />
                    <Property Name="UnifiedSize" Value="{{1.0,0.000000},{0.000000,18.000000}" />
                    <Property Name="HorzFormatting" Value="LeftAligned" />
                    <Property Name="VertFormatting" Value="VertCentred" />
                    <Property Name="TextColor" Value="FFFFF263" />
                </Window>
            </Window>
            <Window Type="TLBB_ButtonCommon" Name="FriendInfo_Correspondence">
                <Property Name="UnifiedSize" Value="{{0.000000,40.000000},{0.000000,20.000000}}"/>
	            	<Property Name="UnifiedPosition" Value="{{0.000000,0.000000},{1.000000,-20.000000}}"/>
                <Property Name="Text" Value="#{INTERFACE_XML_767}" />
                <Event Name="Clicked" Function="FriendInfo_WriteMail();" />
            </Window>
            <Window Type="TLBB_ButtonCommon" Name="FriendInfo_DEL">
                <Property Name="UnifiedSize" Value="{{0.000000,46.000000},{0.000000,20.000000}}"/>
	            	<Property Name="UnifiedPosition" Value="{{0.000000,40.000000},{1.000000,-20.000000}}"/>
                <Property Name="Text" Value="#{INTERFACE_XML_581}" />
                <Event Name="Clicked" Function="FriendInfo_OnDelete()" />
            </Window>
            <Window Type="TLBB_ButtonCommon" Name="FriendInfo_Groupinge">
                <Property Name="UnifiedSize" Value="{{0.000000,49.000000},{0.000000,20.000000}}"/>
	            	<Property Name="UnifiedPosition" Value="{{0.000000,86.000000},{1.000000,-20.000000}}"/>
                <Property Name="Text" Value="#{INTERFACE_XML_272}" />
                <Event Name="Clicked" Function="FriendInfo_OnGroup();" />
            </Window>
            <Window Type="TLBB_ButtonCommon" Name="FriendInfo_Join">
                <Property Name="UnifiedSize" Value="{{0.000000,88.000000},{0.000000,20.000000}}"/>
	            	<Property Name="UnifiedPosition" Value="{{1.000000,-138.000000},{1.000000,-20.000000}}"/>
                <Property Name="Text" Value="#{INTERFACE_XML_626}" />
                <Event Name="Clicked" Function="FriendInfo_OnJoin()" />
            </Window>
            <Window Type="TLBB_ButtonCommon" Name="FriendInfo_HistoryMessage">
                <Property Name="UnifiedSize" Value="{{0.000000,50.000000},{0.000000,20.000000}}"/>
	            	<Property Name="UnifiedPosition" Value="{{1.000000,-50.000000},{1.000000,-20.000000}}"/>
                <Property Name="Text" Value="#{INTERFACE_XML_433}" />
                <Event Name="Clicked" Function="FriendInfo_OnHistroy()" />
            </Window>
            <Window Type="TLBB_ButtonCommon" Name="FriendInfo_Sheweisiliao">
                <Property Name="UnifiedSize" Value="{{0.000000,66.000000},{0.000000,18.000000}}"/>
		            <Property Name="UnifiedPosition" Value="{{1.000000,-142.000000},{1.000000,-270.000000}}"/>
                <Property Name="Text" Value="#{INTERFACE_XML_607}" />
                <Event Name="Clicked" Function="FriendInfoSiLiao_Clicked(&quot;siliao&quot;);" />
            </Window>
        </Window>
    </Window>
</GUILayout>
