﻿<?xml version="1.0" ?>
<GUILayout>
    <Window Type="TLBB_MainFrame1" Name="ConfraternityAddress_Frame">
        <Property Name="UnifiedPosition" Value="{{0.000000,213.000000},{0.120000,0.000002}" />
		    <Property Name="AbsoluteSize" Value="w:500.000000 h:300.000000" />
        <Window Type="TLBB_DragTitle" Name="ConfraternityAddress_DragTitle">
            <Property Name="AbsolutePosition" Value="x:25.000000 y:11.000000" />
            <Property Name="UnifiedSize" Value="{{1.000000,-50.000000},{0.000000,20.000000}" />
            <Property Name="DragTarget" Value="ConfraternityAddress_Frame" />
            <Window Type="TLBB_SimpleText" Name="ConfraternityAddress_PageHeader">
                <Property Name="Position" Value="x:0.0 y:0.0" />
                <Property Name="Size" Value="w:1.0 h:1.0" />
                <Property Name="Font" Value="YouYuan11.25" />
                <Property Name="HorzFormatting" Value="HorzCentred" />
                <Property Name="VertFormatting" Value="VertCentred" />
                <Property Name="Text" Value="#{INTERFACE_XML_57}" />
            </Window>
        </Window>
        <Window Type="TLBB_ButtonHelp" Name="ConfraternityAddress_Help">
            <Property Name="UnifiedPosition" Value="{{0.000000,5.000000},{0.000000,14.000000}" />
            <Property Name="AbsoluteSize" Value="w:14.000000 h:14.000000" />
            <Property Name="Text" Value="TLBB_ButtonHelp" />
            <Event Name="Clicked" Function='Helper:GotoHelper(&quot;*ConfraternityAddress&quot;);' />
        </Window>
        <Window Type="TLBB_ButtonClose" Name="ConfraternityAddress_Close">
            <Property Name="UnifiedPosition" Value="{{1.000000,-19.000000},{0.000000,14.000000}" />
            <Property Name="AbsoluteSize" Value="w:14.000000 h:14.000000" />
            <Property Name="Text" Value="TLBB_ButtonClose" />
            <Event Name="Clicked" Function="this:Hide();" />
        </Window>
        <Window Type="DefaultWindow" Name="ConfraternityAddress_Function_Frame">
            <Property Name="AbsolutePosition" Value="x:6.000000 y:36.000000" />
            <Property Name="UnifiedSize" Value="{{1.000000,-12.000000},{1.000000,-55.000000}" />
            <Window Type="TLBB_SimpleText" Name="ConfraternityAddress_List_Text">
                <Property Name="UnifiedPosition" Value="{{0.000000,0.000000},{0.000000,0.000000}" />
								<Property Name="UnifiedSize" Value="{{0.500000,158.500000},{0.000000,20.000000}" />
                <Property Name="TextColor" Value="FFFFF263" />
                <Property Name="Text" Value="#{INTERFACE_XML_408}" />
                <Property Name="HorzFormatting" Value="LeftAligned" />
                <Property Name="VertFormatting" Value="VertCentred" />
            </Window>
            <Window Type="TLBB_ListBoxCommon" Name="ConfraternityAddress_MemberList">
                <Property Name="UnifiedPosition" Value="{{0.000000,0.000000},{0.000000,20.000000}" />
                <Property Name="UnifiedSize" Value="{{0.46,0.000000},{1.000000,-43.000000}" />
                <Event Name="ItemSelectionChanged" Function="City_Port_Selected();" />
            </Window>
            <Window Type="TLBB_Frame_Lace1" Name="ConfraternityAddress_Bk">
                <Property Name="UnifiedPosition" Value="{{0.45,0.000000},{0.000000,20.000000}" />
                <Property Name="UnifiedSize" Value="{{0.55,0.000000},{1.000000,-43.000000}" />
                <Property Name="RiseOnClick" Value="False" />
            </Window>
            <Window Type="TLBB_SimpleText" Name="ConfraternityAddress_Info1">
                <Property Name="UnifiedPosition" Value="{{0.46,0.000000},{0.000000,20.000000}" />
                <Property Name="UnifiedSize" Value="{{0.53,0.000000},{0.000000,20.000000}" />
                <Property Name="TextColor" Value="FFFFF263" />
                <Property Name="Text" Value="#{INTERFACE_XML_441}" />
                <Property Name="HorzFormatting" Value="LeftAligned" />
                <Property Name="VertFormatting" Value="VertCentred" />
            </Window>
            <Window Type="TLBB_SimpleText" Name="ConfraternityAddress_Info2">
                <Property Name="UnifiedPosition" Value="{{0.46,0.000000},{0.000000,40.000000}" />
                <Property Name="UnifiedSize" Value="{{0.53,0.000000},{0.000000,20.000000}" />
                <Property Name="TextColor" Value="FFFFF263" />
                <Property Name="Text" Value="" />
                <Property Name="HorzFormatting" Value="LeftAligned" />
                <Property Name="VertFormatting" Value="VertCentred" />
            </Window>
            <Window Type="TLBB_SimpleText" Name="ConfraternityAddress_Info3">
                <Property Name="UnifiedPosition" Value="{{0.46,0.000000},{0.000000,60.000000}" />
                <Property Name="UnifiedSize" Value="{{0.53,0.000000},{0.000000,20.000000}" />
                <Property Name="TextColor" Value="FFFFF263" />
                <Property Name="Text" Value="" />
                <Property Name="HorzFormatting" Value="LeftAligned" />
                <Property Name="VertFormatting" Value="VertCentred" />
            </Window>
            <Window Type="TLBB_SimpleText" Name="ConfraternityAddress_Info4">
                <Property Name="UnifiedPosition" Value="{{0.46,0.000000},{0.000000,80.000000}" />
                <Property Name="UnifiedSize" Value="{{0.53,0.000000},{0.000000,20.000000}" />
                <Property Name="TextColor" Value="FFFFF263" />s
                <Property Name="Text" Value="" />
                <Property Name="HorzFormatting" Value="LeftAligned" />
                <Property Name="VertFormatting" Value="VertCentred" />
            </Window>
            <Window Type="TLBB_SimpleText" Name="ConfraternityAddress_Info5">
                <Property Name="UnifiedPosition" Value="{{0.46,0.000000},{0.000000,100.000000}" />
                <Property Name="UnifiedSize" Value="{{0.53,0.000000},{0.000000,20.000000}" />
                <Property Name="TextColor" Value="FFFFF263" />
                <Property Name="Text" Value="" />
                <Property Name="HorzFormatting" Value="LeftAligned" />
                <Property Name="VertFormatting" Value="VertCentred" />
            </Window>
            <Window Type="TLBB_SimpleText" Name="ConfraternityAddress_Info6">
                <Property Name="UnifiedPosition" Value="{{0.46,0.000000},{0.000000,120.000000}" />
                <Property Name="UnifiedSize" Value="{{0.53,0.000000},{0.000000,20.000000}" />
                <Property Name="TextColor" Value="FFFFF263" />
                <Property Name="Text" Value="" />
                <Property Name="HorzFormatting" Value="LeftAligned" />
                <Property Name="VertFormatting" Value="VertCentred" />
            </Window>
            <Window Type="TLBB_SimpleText" Name="ConfraternityAddress_Info7">
                <Property Name="UnifiedPosition" Value="{{0.46,0.000000},{0.000000,140.000000}" />
                <Property Name="UnifiedSize" Value="{{0.53,0.000000},{0.000000,20.000000}" />
                <Property Name="TextColor" Value="FFFFF263" />
                <Property Name="Text" Value="" />
                <Property Name="HorzFormatting" Value="LeftAligned" />
                <Property Name="VertFormatting" Value="VertCentred" />
            </Window>
            <Window Type="TLBB_SimpleText" Name="ConfraternityAddress_Info8">
                <Property Name="UnifiedPosition" Value="{{0.46,0.000000},{0.000000,160.000000}" />
                <Property Name="UnifiedSize" Value="{{0.53,0.000000},{0.000000,20.000000}" />
                <Property Name="TextColor" Value="FFFFF263" />
                <Property Name="Text" Value="" />
                <Property Name="HorzFormatting" Value="LeftAligned" />
                <Property Name="VertFormatting" Value="VertCentred" />
            </Window>
            <Window Type="TLBB_SimpleText" Name="ConfraternityAddress_Info9">
                <Property Name="UnifiedPosition" Value="{{0.46,0.000000},{0.000000,180.000000}" />
                <Property Name="UnifiedSize" Value="{{0.53,0.000000},{0.000000,20.000000}" />
                <Property Name="TextColor" Value="FFFFF263" />
                <Property Name="Text" Value="" />
                <Property Name="HorzFormatting" Value="LeftAligned" />
                <Property Name="VertFormatting" Value="VertCentred" />
            </Window>
            <Window Type="TLBB_SimpleText" Name="ConfraternityAddress_Info10">
                <Property Name="UnifiedPosition" Value="{{0.46,0.000000},{0.000000,200.000000}" />
                <Property Name="UnifiedSize" Value="{{0.53,0.000000},{0.000000,20.000000}" />
                <Property Name="TextColor" Value="FFFFF263" />
                <Property Name="Text" Value="" />
                <Property Name="HorzFormatting" Value="LeftAligned" />
                <Property Name="VertFormatting" Value="VertCentred" />
            </Window>
            <Window Type="TLBB_Frame_Lace5" Name="ConfraternityAddress_Blank">
                <Property Name="UnifiedPosition" Value="{{0.000000,0.000000},{1.000000,-20.000000}" />
                <Property Name="UnifiedSize" Value="{{1.000000,-140.000000},{0.000000,20.000000}" />
            </Window>
            <Window Type="TLBB_ButtonCommon" Name="ConfraternityAddress_1">
                <Property Name="UnifiedPosition" Value="{{1.000000,-139.000000},{1.000000,-20.000000}" />
                <Property Name="UnifiedSize" Value="{{0.000000,79.000000},{0.000000,20.000000}" />
                <Property Name="Text" Value="#{INTERFACE_XML_625}" />
                <Event Name="Clicked" Function="City_Port_CreateCity();" />
            </Window>
            <Window Type="TLBB_ButtonCommon" Name="ConfraternityAddress_2">
                <Property Name="UnifiedPosition" Value="{{1.000000,-60.000000},{1.000000,-20.000000}" />
                <Property Name="UnifiedSize" Value="{{0.000000,60.000000},{0.000000,20.000000}" />
                <Property Name="Text" Value="#{INTERFACE_XML_426}" />
                <Event Name="Clicked" Function="this:Hide();" />
            </Window>
        </Window>
    </Window>
</GUILayout>
