<?xml version="1.0" ?>
<GUILayout>
    <Window Type="TLBB_MainFrame1" Name="GemCarve_Frame">
        <Property Name="UnifiedPosition" Value="{{0.0,368},{0.12,0}}" />
        <Property Name="AbsoluteSize" Value="w:256 h:360" />
        <Event Name="Hidden" Function="GemCarve_OnHide();" />
        <Window Type="TLBB_ButtonHelp" Name="GemCarve_Help">
            <Property Name="UnifiedPosition" Value="{{0.000000,5.000000},{0.000000,14.000000}" />
            <Property Name="AbsoluteSize" Value="w:14.000000 h:14.000000" />
            <Event Name="Clicked" Function='Helper:GotoHelper(&quot;*GemCarve&quot;);' />
        </Window>
        <Window Type="TLBB_ButtonClose" Name="GemCarve_Close">
            <Property Name="UnifiedPosition" Value="{{1.000000,-19.000000},{0.000000,14.000000}" />
            <Property Name="AbsoluteSize" Value="w:14.000000 h:14.000000" />
            <Event Name="Clicked" Function="GemCarve_Close();" />
        </Window>
        <Window Type="TLBB_DragTitle" Name="GemCarve_DragTitle">
            <Property Name="AbsolutePosition" Value="x:25.000000 y:11.000000" />
            <Property Name="UnifiedSize" Value="{{1.000000,-50.000000},{0.000000,20.000000}" />
            <Property Name="DragTarget" Value="GemCarve_Frame" />
            <Property Name="Font" Value="YouYuan11.25" />
            <Property Name="Text" Value="#{INTERFACE_XML_GemCarve_1}" />
            <Property Name="HorzFormatting" Value="HorzCentred" />
            <Property Name="VertFormatting" Value="VertCentred" />
        </Window>
        <Window Type="DefaultWindow" Name="GemCarve_Function_Frame">
            <Property Name="AbsolutePosition" Value="x:7.000000 y:36.000000" />
            <Property Name="UnifiedSize" Value="{{1.000000,-13.000000},{1.000000,-55.000000}" />
            <Window Type="TLBB_SimpleMulitiTextFrame" Name="GemCarve_Explain1">
                <Property Name="UnifiedPosition" Value="{{0.0100000,-2.000000},{0.000000,1.000000}" />
                <Property Name="UnifiedSize" Value="{{0.98000000,4.000000},{0.000000,140.000000}" />
                <Property Name="HorzFormatting" Value="WordWrapLeftAligned" />
                <Property Name="VertFormatting" Value="VertCentred" />
                <Property Name="Text" Value="#{INTERFACE_XML_GemCarve_2}" />
                <Property Name="TextColor" Value="FFFFF263" />
                <Property Name="RiseOnClick" Value="False" />
            </Window>
            <Window Type="TLBB_SimpleText" Name="GemCarve_Explain2">
                <Property Name="UnifiedPosition" Value="{{0.0100000,0.000000},{0.000000,142.000000}" />
                <Property Name="UnifiedSize" Value="{{0.98000000,.000000},{0.000000,36.000000}" />
                <Property Name="HorzFormatting" Value="WordWrapLeftAligned" />
                <Property Name="VertFormatting" Value="VertCentred" />
                <Property Name="TextColor" Value="FFFFF263" />
                <Property Name="Text" Value="#{INTERFACE_XML_GemCarve_3}" />
                <Property Name="RiseOnClick" Value="False" />
            </Window>
            <Window Type="TLBB_ActionButton" Name="GemCarve_GemItem">
                <Property Name="UnifiedPosition" Value="{{0.000000,40.000000},{0.000000,180.000000}" />
                <Property Name="AbsoluteSize" Value="w:34.000000 h:34.000000" />
                <Property Name="DraggingEnabled" Value="True" />
                <Property Name="Empty" Value="false" />
                <Property Name="DragAcceptName" Value="G41" />
                <Event Name="RBClicked" Function="Resume_Equip_GemCarve(1);" />
            </Window>
            <Window Type="TLBB_SimpleMulitiTextFrame" Name="GemCarve_State">
                <Property Name="UnifiedPosition" Value="{{0.000000,80.000000},{0.000000,177.000000}" />
                <Property Name="AbsoluteSize" Value="w:140.000000 h:40.300000" />
                <Property Name="HorzFormatting" Value="WordWrapLeftAligned" />
                <Property Name="VertFormatting" Value="VertCentred" />
                <Property Name="RiseOnClick" Value="False" />
                <Property Name="TextColor" Value="FFFFF263" />
            </Window>
            <Window Type="TLBB_SimpleText" Name="GemCarve_Explain3">
                <Property Name="UnifiedPosition" Value="{{0.000000,10.000000},{0.000000,230.000000}" />
                <Property Name="AbsoluteSize" Value="w:110.000000 h:18.000000" />
                <Property Name="Text" Value="#{INTERFACE_XML_GemCarve_4}" />
                <Property Name="TextColor" Value="FFFFF263" />
                <Property Name="HorzFormatting" Value="LeftAligned" />
                <Property Name="VertFormatting" Value="VertCentred" />
                <Property Name="RiseOnClick" Value="False" />
            </Window>
            <Window Type="TLBB_ActionButton" Name="GemCarve_NeedItem">
                <Property Name="UnifiedPosition" Value="{{0.000000,135.000000},{0.000000,220.000000}" />
                <Property Name="AbsoluteSize" Value="w:34.000000 h:34.000000" />
                <Property Name="Empty" Value="false" />
                <Property Name="DragAcceptName" Value="G42" />
                <Property Name="DraggingEnabled" Value="True" />
                <Event Name="RBClicked" Function="Resume_Equip_GemCarve(2);" />
            </Window>
            <Window Type="TLBB_ActionButton" Name="GemCarve_ProductItem">
                <Property Name="UnifiedPosition" Value="{{0.000000,184.000000},{0.000000,180.000000}" />
                <Property Name="AbsoluteSize" Value="w:34.000000 h:34.000000" />
                <Property Name="Empty" Value="false" />
                <Property Name="DraggingEnabled" Value="False" />
            </Window>
            <Window Type="TLBB_SimpleMulitiTextFrame" Name="GemCarve_Money_Text">
                <Property Name="UnifiedPosition" Value="{{0.05,0.000000},{1.000000,-45.000000}" />
                <Property Name="UnifiedSize" Value="{{0.9,0.000000},{0.000000,22.000000}" />
                <Property Name="Text" Value="#{INTERFACE_XML_792}" />
                <Property Name="TextColor" Value="FFFFF263" />
                <Property Name="HorzFormatting" Value="LeftAligned" />
                <Property Name="VertFormatting" Value="VertCentred" />
                <Property Name="RiseOnClick" Value="False" />
                <Window Type="TLBB_Money" Name="GemCarve_Money">
                    <Property Name="UnifiedPosition" Value="{{0.0,0.000000},{0.000000,0.000000}" />
                    <Property Name="UnifiedSize" Value="{{1.0,0.000000},{0.000000,20.000000}" />
                    <Property Name="MoneyNumber" Value="0" />
                    <Property Name="HorzFormatting" Value="RightAligned" />
                    <Property Name="GoldIcon" Value = "set:Button6 image:Lace_JiaoziJin" />
                    <Property Name="SilverIcon" Value = "set:Button6 image:Lace_JiaoziYin" />
                    <Property Name="CopperIcon" Value = "set:Button6 image:Lace_JiaoziTong" />
                </Window>
            </Window>
            <Window Type="TLBB_Frame_Lace5" Name="GemCarve_Blank">
                <Property Name="UnifiedPosition" Value="{{0.000000,0.000000},{1.000000,-20.000000}" />
                <Property Name="UnifiedSize" Value="{{1.000000,-132.000000},{0.000000,20.000000}" />
            </Window>
            <Window Type="TLBB_ButtonCommon" Name="GemCarve_Accept">
                <Property Name="UnifiedPosition" Value="{{1.000000,-180.000000},{1.000000,-20.000000}" />
                <Property Name="AbsoluteSize" Value="w:140.000000 h:20.000000" />
                <Property Name="Text" Value="#{INTERFACE_XML_GemCarve_5}" />
                <Event Name="Clicked" Function="GemCarve_Buttons_Clicked();" />
            </Window>
            <Window Type="TLBB_ButtonCommon" Name="GemCarve_Cancel">
                <Property Name="UnifiedPosition" Value="{{1.000000,-40.000000},{1.000000,-20.000000}" />
                <Property Name="AbsoluteSize" Value="w:40.000000 h:20.000000" />
                <Property Name="Text" Value="#{INTERFACE_XML_542}" />
                <Event Name="Clicked" Function="GemCarve_Close();" />
            </Window>
        </Window>
    </Window>
</GUILayout>
