<?xml version="1.0" ?>
<GUILayout>
	<Window Type="TLBB_MainFrame1" Name="ErjimimaJiesuo_Frame">
		<Property Name="UnifiedPosition" Value="{{0.5,-200},{0.12,0}}" />
		<Property Name="AbsoluteSize" Value="w:479.000000 h:382.000000" />
		<Event Name="Hidden" Function="ErjimimaJiesuo_OnHide();" />
		<Window Type="TLBB_DragTitle" Name="ErjimimaJiesuo_DragTitle">
			<Property Name="AbsolutePosition" Value="x:25.000000 y:11.000000" />
			<Property Name="UnifiedSize" Value="{{1.000000,-50.000000},{0.000000,20.000000}" />
			<Property Name="DragTarget" Value="ErjimimaJiesuo_Frame" />
			<Property Name="Font" Value="YouYuan11.25" />
			<Property Name="HorzFormatting" Value="HorzCentred" />
			<Property Name="VertFormatting" Value="VertCentred" />
			<Property Name="Text" Value="#{FDH_090112_25}" />
		</Window>
		<Window Type="TLBB_ButtonHelp" Name="ErjimimaJiesuo_Help">
			<Property Name="UnifiedPosition" Value="{{0.000000,5.000000},{0.000000,14.000000}" />
			<Property Name="AbsoluteSize" Value="w:14.000000 h:14.000000" />
			<Property Name="Text" Value="TLBB_ButtonHelp" />
			<Event Name="Clicked" Function='Helper:GotoHelper(&quot;*ErjimimaJiesuo&quot;);' />
		</Window>
		<Window Type="TLBB_ButtonClose" Name="ErjimimaJiesuo_Close">
			<Property Name="UnifiedPosition" Value="{{1.000000,-19.000000},{0.000000,14.000000}" />
			<Property Name="AbsoluteSize" Value="w:14.000000 h:14.000000" />
			<Property Name="Text" Value="TLBB_ButtonClose" />
			<Event Name="Clicked" Function="ErjimimaJiesuo_Close();" />
		</Window>
		<Window Type="DefaultWindow" Name="ErjimimaJiesuo_Frame_Client">
			<Property Name="AbsolutePosition" Value="x:6.000000 y:36.000000" />
			<Property Name="UnifiedSize" Value="{{1.000000,-12.000000},{1.000000,-55.000000}" />
			<Window Type="TLBB_SimpleMulitiTextFrame" Name="ErjimimaJiesuo_Text">
				<Property Name="UnifiedPosition" Value="{{0.0,0.000000},{0.000000,20.000000}" />
				<Property Name="UnifiedSize" Value="{{0.0,467.000000},{0.000000,124.000000}" />
				<Property Name="HorzFormatting" Value="WordWrapLeftAligned" />
				<Property Name="VertFormatting" Value="TopAligned" />
				<Property Name="TextColor" Value="FFFFF263" />
        <Window Type="TLBB_SimpleText" Name="ErjimimaJiesuo_Jiesuo_Text" >

		<Property Name="UnifiedSize" Value="{{0.000000,133.000000},{0.000000,18.000000}}"/>
		<Property Name="UnifiedPosition" Value="{{0.000000,13.000000},{0.000000,34.000000}}"/>
          <Property Name="HorzFormatting" Value="WordWrapLeftAligned" />
          <Property Name="MouseHollow" Value="False" />
          <Property Name="Text" Value="#{FDH_090302_1}" />
          <Property Name="TextColor" Value="FFFFF263" />
          <Property Name="VertFormatting" Value="VertCentred" />
        </Window>
        <Window Type="TLBB_EditBoxNormal" Name="ErjimimaJiesuo_Jiesuo">
		<Property Name="UnifiedSize" Value="{{0.000000,115.000000},{0.000000,19.000000}}"/>
		<Property Name="UnifiedPosition" Value="{{0.000000,20.000000},{0.000000,65.000000}}"/>
          <Property Name="ValidationString" Value="[0-9a-z]*" />
          <Property Name="MaxTextLength" Value="15" />
          <Property Name="MaskText" Value="True" />
          <!-- <Property Name="SoftKeyOnly" Value="True"/> -->
          <Event Name="Activated" Function="ErjimimaJiesuo_Jiesuo_OnActive()" />
        </Window>
        <Window Type="TLBB_Frame_Lace1" Name="ErjimimaJiesuo_dis_Client" >
		<Property Name="UnifiedSize" Value="{{0.000000,313.000000},{0.000000,119.000000}}"/>
		<Property Name="UnifiedPosition" Value="{{0.000000,154.000000},{0.000000,2.000000}}"/>
          <Window Type="TLBB_SimpleText" Name="ErjimimaJiesuo_dis_Text" >
		<Property Name="UnifiedSize" Value="{{1.000000,-4.000000},{1.000000,0.000000}}"/>
		<Property Name="UnifiedPosition" Value="{{0.000000,2.000000},{0.000000,0.000000}}"/>
            <Property Name="HorzFormatting" Value="WordWrapLeftAligned" />
            <Property Name="MouseHollow" Value="False" />
            <Property Name="Text" Value="#{FDH_090227_1}" />
            <Property Name="TextColor" Value="FFFFF263" />
            <Property Name="VertFormatting" Value="VertCentred" />
          </Window>
        </Window>
			</Window>
      <Window Type="TLBB_Frame_Lace1" Name="ErjimimaJiesuo_Anniu">
        <Property Name="UnifiedPosition" Value="{{0.0,0.000000},{0.000000,0.000000}" />
        <Property Name="UnifiedSize" Value="{{1.0,0.000000},{0.000000,23.000000}" />
        <Property Name="AlwaysOnTop" Value="true" />
        <Window Type="TLBB_ButtonCheckForRMBShop" Name="ErjimimaJiesuo_AQtime">
		<Property Name="UnifiedSize" Value="{{0.000000,120.000000},{0.000000,19.000000}}"/>
		<Property Name="UnifiedPosition" Value="{{0.000000,30.000000},{0.000000,2.000000}}"/>
          <Property Name="Text" Value="#{FDH_090112_02}" />
		      <Property Name="CheckMode" Value="2" />
          <Event Name="MouseLButtonDown" Function="ErjimimaJiesuo_AQtime_Clicked();" />
        </Window>
        <!-- <Window Type="TLBB_ButtonCheckForRMBShop" Name="ErjimimaJiesuo_TelMibao"> -->
		<!-- <Property Name="UnifiedSize" Value="{{0.000000,120.000000},{0.000000,19.000000}}"/> -->
		<!-- <Property Name="UnifiedPosition" Value="{{0.000000,173.000000},{0.000000,2.000000}}"/> -->
          <!-- <Property Name="Text" Value="#{DHMB_90417_15}" /> -->
          <!-- <Property Name="CheckMode" Value="2" /> -->
          <!-- <Event Name="MouseLButtonDown" Function="ErjimimaJiesuo_TelMibao_Clicked();" /> -->
        <!-- </Window> -->
        <Window Type="TLBB_ButtonCheckForRMBShop" Name="ErjimimaJiesuo_Erjimima">
		<Property Name="UnifiedSize" Value="{{0.000000,120.000000},{0.000000,19.000000}}"/>
		<Property Name="UnifiedPosition" Value="{{0.000000,316.000000},{0.000000,2.000000}}"/>
          <Property Name="Text" Value="#{FDH_090112_04}" />
		  <Property Name="CheckMode" Value="2" />
        </Window>
      </Window>
      <Window Type="DefaultWindow" Name="ErjimimaJiesuo_SoftKey_Client">
        <Property Name="AbsolutePosition" Value="x:1.000000 y:145.000000" />
        <Property Name="UnifiedSize" Value="{{0.000000,466.000000},{0.000000,155.000000}" />
        <Window Type="TLBB_SoftKeyWindow" Name="ErjimimaJiesuo_SoftKey">
          <Property Name="Position" Value="x:0 y:0" />
          <Property Name="Size" Value="w:1.0 h:1" />
          <Property Name="KeySize" Value="w:30 h:30" />
          <Property Name="NormalImage" Value="type:0 set:Button1 image:BtnKey_Normal" />
          <Property Name="HoverImage" Value="type:0 set:Button1 image:BtnKey_Hover" />
          <Property Name="PushedImage" Value="type:0 set:Button1 image:BtnKey_Pushed" />
          <Property Name="NormalImage" Value="type:1 set:Button4 image:SoftKey_Normal" />
          <Property Name="HoverImage" Value="type:1 set:Button4 image:SoftKey_Hover" />
          <Property Name="PushedImage" Value="type:1 set:Button4 image:SoftKey_Pushed" />
          <Property Name="NormalImage" Value="type:2 set:Button4 image:SoftKey_Normal" />
          <Property Name="HoverImage" Value="type:2 set:Button4 image:SoftKey_Hover" />
          <Property Name="PushedImage" Value="type:2 set:Button4 image:SoftKey_Pushed" />
          <Property Name="NormalImage" Value="type:3 set:Button5 image:BtnReturn_Normal" />
          <Property Name="HoverImage" Value="type:3 set:Button5 image:BtnReturn_Hover" />
          <Property Name="PushedImage" Value="type:3 set:Button5 image:BtnReturn_Pushed" />
          <Window Type="TLBB_SimpleText" Name="ErjimimaJiesuo_SoftKey_Text" >
            <Property Name="AbsolutePosition" Value="x:421.000000 y:2.000000" />
            <Property Name="AbsoluteSize" Value="w:27.000000 h:25.000000" />
            <Property Name="HorzFormatting" Value="WordWrapLeftAligned" />
            <Property Name="MouseHollow" Value="False" />
            <Property Name="Text" Value="#{INTERFACE_XML_1010}" />
            <Property Name="TextColor" Value="FFFFFFFF" />
            <Property Name="VertFormatting" Value="VertCentred" />
          </Window>
          <Window Type="TLBB_SimpleText" Name="ErjimimaJiesuo_SoftKey_Text1" >
            <Property Name="AbsolutePosition" Value="x:414.000000 y:33.000000" />
            <Property Name="AbsoluteSize" Value="w:40.000000 h:25.000000" />
            <Property Name="HorzFormatting" Value="WordWrapLeftAligned" />
            <Property Name="MouseHollow" Value="False" />
            <Property Name="Text" Value="#{INTERFACE_XML_1011}" />
            <Property Name="TextColor" Value="FFFFFFFF" />
            <Property Name="VertFormatting" Value="VertCentred" />
          </Window>
        </Window>
      </Window>
			<Window Type="TLBB_ButtonCommon" Name="ErjimimaJiesuo_OK">
		<Property Name="UnifiedSize" Value="{{0.000000,44.000000},{0.000000,20.000000}}"/>
		<Property Name="UnifiedPosition" Value="{{1.000000,-84.000000},{1.000000,-20.000000}}"/>
				<Event Name="Clicked" Function="ErjimimaJiesuo_OK_Click();" />
				<Property Name="Text" Value="#{INTERFACE_XML_557}" />
			</Window>
      <Window Type="TLBB_ButtonCommon" Name="ErjimimaJiesuo_Jiechu">
		<Property Name="UnifiedSize" Value="{{0.000000,105.000000},{0.000000,20.000000}}"/>
		<Property Name="UnifiedPosition" Value="{{1.000000,-320.000000},{1.000000,-20.000000}}"/>
        <Property Name="Text" Value="#{FDH_090112_24}" />
        <Event Name="Clicked" Function="ErjimimaJiesuo_Jiechu();" />
        <Property Name="Tooltip" Value="#{FDH_090303_1}" />
      </Window>
			<Window Type="TLBB_ButtonCommon" Name="ErjimimaJiesuo_Cancel">
		<Property Name="UnifiedSize" Value="{{0.000000,40.000000},{0.000000,20.000000}}"/>
		<Property Name="UnifiedPosition" Value="{{1.000000,-40.000000},{1.000000,-20.000000}}"/>
				<Event Name="Clicked" Function="ErjimimaJiesuo_Close();" />		
				<Property Name="Text" Value="#{INTERFACE_XML_542}" />
			</Window>
		</Window>
	</Window>
</GUILayout>
