<?xml version="1.0" ?>
<GUILayout>
    <Window Type="TLBB_MainFrame1" Name="EquipEnchange_Frame">
       <Property Name="UnifiedPosition" Value="{{0.500000,-128.000000},{0.500000,-230.000000}" />
	   <Property Name="AbsoluteSize" Value="w:256.000000 h:308.000000" />
        <Event Name="Hidden" Function="EquipEnchange_OnHiden();" />
        <Window Type="TLBB_DragTitle" Name="EquipEnchange_DragTitle">
            <Property Name="AbsolutePosition" Value="x:25.000000 y:11.000000" />
            <Property Name="UnifiedSize" Value="{{1.000000,-50.000000},{0.000000,20.000000}" />
            <Property Name="DragTarget" Value="EquipEnchange_Frame" />
            <Window Type="TLBB_SimpleText" Name="EquipEnchange_Title">
                <Property Name="Position" Value="x:0.0 y:0.0" />
                <Property Name="Size" Value="w:1.0 h:1.0" />
                <Property Name="Font" Value="YouYuan11.25" />
                <Property Name="HorzFormatting" Value="HorzCentred" />
                <Property Name="VertFormatting" Value="VertCentred" />
                <Property Name="Text" Value="#{INTERFACE_XML_878}" />
            </Window>
        </Window>
        <Window Type="TLBB_ButtonHelp" Name="EquipEnchange_Help">
            <Property Name="UnifiedPosition" Value="{{0.000000,5.000000},{0.000000,14.000000}" />
            <Property Name="AbsoluteSize" Value="w:14.000000 h:14.000000" />
            <Property Name="Text" Value="TLBB_ButtonHelp" />
            <Event Name="Clicked" Function='Helper:GotoHelper(&quot;*EquipEnchange&quot;);' />
        </Window>
        <Window Type="TLBB_ButtonClose" Name="EquipEnchange_Close">
            <Property Name="UnifiedPosition" Value="{{1.000000,-19.000000},{0.000000,14.000000}" />
            <Property Name="AbsoluteSize" Value="w:14.000000 h:14.000000" />
            <Property Name="Text" Value="TLBB_ButtonClose" />
            <Event Name="Clicked" Function="this:Hide();" />
        </Window>
        <Window Type="DefaultWindow" Name="EquipEnchange_Frame_Client">
            <Property Name="AbsolutePosition" Value="x:7.000000 y:36.000000" />
            <Property Name="UnifiedSize" Value="{{1.000000,-13.000000},{1.000000,-55.000000}" />
            <Property Name="RiseOnClick" Value="False" />
            <Window Type="TLBB_SimpleMulitiTextFrame" Name="EquipEnchange_Info4">
                <Property Name="Position" Value="x:0.000000 y:0.003953" />
			    <Property Name="Size" Value="w:1.000000 h:0.332016" />
                <Property Name="HorzFormatting" Value="WordWrapLeftAligned" />
                <Property Name="RiseOnClick" Value="False" />
                <Property Name="Text" Value="#{INTERFACE_XML_879}" />
                <Property Name="TextColor" Value="FFFFF263" />
            </Window>
            <Window Type="TLBB_SimpleText" Name="EquipEnchange_Info">
                <Property Name="Position" Value="x:0.049383 y:0.375494" />
                <Property Name="UnifiedSize" Value="{{0.6,0.000000},{0.000000,36.000000}" />
                <Property Name="HorzFormatting" Value="WordWrapLeftAligned" />
                <Property Name="RiseOnClick" Value="False" />
                <Property Name="TextColor" Value="FFFFF263" />
                <Property Name="Text" Value="#{INTERFACE_XML_514}" />
            </Window>
            <Window Type="TLBB_ActionButton" Name="EquipEnchange_Object1">
                <Property Name="Position" Value="x:0.699588 y:0.375494" />
                <Property Name="AbsoluteSize" Value="w:36 h:36" />
                <Property Name="Empty" Value="false" />
                <Property Name="DragAcceptName" Value="G21" />
                <Property Name="DraggingEnabled" Value="True" />
                <Event Name="RBClicked" Function="EquipEnchange_Resume_Gem(21);" />
            </Window>
            <Window Type="TLBB_SimpleText" Name="EquipEnchange_Info2">
              <Property Name="UnifiedPosition" Value="{{0.000000,12.000000},{0.000000,141.000000}}"/>
              <Property Name="UnifiedSize" Value="{{0.6,0.000000},{0.000000,36.000000}" />
              <Property Name="HorzFormatting" Value="WordWrapLeftAligned" />
                <Property Name="RiseOnClick" Value="False" />
                <Property Name="TextColor" Value="FFFFF263" />
                <Property Name="Text" Value="#{INTERFACE_XML_793}" />
            </Window>
            <Window Type="TLBB_ActionButton" Name="EquipEnchange_Object2">
                <Property Name="Position" Value="x:0.699588 y:0.557312" />
                <Property Name="AbsoluteSize" Value="w:36 h:36" />
                <Property Name="Empty" Value="True" />
                <Property Name="DragAcceptName" Value="G22" />
                <Property Name="DraggingEnabled" Value="True" />
                <Event Name="RBClicked" Function="EquipEnchange_Resume_Gem(22);" />
            </Window>
            <Window Type="TLBB_SimpleMulitiTextFrame" Name="EquipEnchange_Info3">
                <Property Name="UnifiedPosition" Value="{{0.05,0.000000},{1.000000,-69.000000}" />
                <Property Name="UnifiedSize" Value="{{0.9,0.000000},{0.000000,22.000000}" />
                <Property Name="TextColor" Value="FFFFF263" />
                <Property Name="Text" Value="#{INTERFACE_XML_789}" />
                <Window Type="TLBB_Money" Name="EquipEnchange_Money">
                    <Property Name="UnifiedPosition" Value="{{0.0,0.000000},{0.000000,0.000000}" />
                    <Property Name="UnifiedSize" Value="{{1.0,0.000000},{0.000000,20.000000}" />
                    <Property Name="HorzFormatting" Value="RightAligned" />
                    <Property Name="MoneyNumber" Value="0" />
                    <Property Name="GoldIcon" Value = "set:Button6 image:Lace_JiaoziJin" />
                    <Property Name="SilverIcon" Value = "set:Button6 image:Lace_JiaoziYin" />
                    <Property Name="CopperIcon" Value = "set:Button6 image:Lace_JiaoziTong" />
                </Window>
            </Window>
            <Window Type="TLBB_SimpleMulitiTextFrame" Name="EquipEnchange_SelfJiaozi_Text">
                <Property Name="UnifiedPosition" Value="{{0.05,0.000000},{1.000000,-69.000000}" />
                <Property Name="UnifiedSize" Value="{{0.9,0.000000},{0.000000,22.000000}" />
                <Property Name="TextColor" Value="FFFFF263" />
                <Property Name="Text" Value="#{BDJB_051210_1}" />
                <Window Type="TLBB_Money" Name="EquipEnchange_SelfJiaozi">
                    <Property Name="UnifiedPosition" Value="{{0.0,0.000000},{0.000000,0.000000}" />
                    <Property Name="UnifiedSize" Value="{{1.0,0.000000},{0.000000,20.000000}" />
                    <Property Name="HorzFormatting" Value="RightAligned" />
                    <Property Name="MoneyNumber" Value="0" />
                    <Property Name="GoldIcon" Value = "set:Button6 image:Lace_JiaoziJin" />
                    <Property Name="SilverIcon" Value = "set:Button6 image:Lace_JiaoziYin" />
                    <Property Name="CopperIcon" Value = "set:Button6 image:Lace_JiaoziTong" />
                </Window>
            </Window>
            <Window Type="TLBB_SimpleMulitiTextFrame" Name="EquipEnchange_SelfMoney_Text">
                <Property Name="UnifiedPosition" Value="{{0.05,0.000000},{1.000000,-47.000000}" />
                <Property Name="UnifiedSize" Value="{{0.9,0.000000},{0.000000,22.000000}" />
                <Property Name="TextColor" Value="FFFFF263" />
                <Property Name="Text" Value="#{INTERFACE_XML_834}" />
                <Window Type="TLBB_Money" Name="EquipEnchange_SelfMoney">
                    <Property Name="UnifiedPosition" Value="{{0.0,0.000000},{0.000000,0.000000}" />
                    <Property Name="UnifiedSize" Value="{{1.0,0.000000},{0.000000,20.000000}" />
                    <Property Name="HorzFormatting" Value="RightAligned" />
                    <Property Name="MoneyNumber" Value="0" />
                </Window>
            </Window>
            <Window Type="TLBB_Frame_Lace5" Name="EquipEnchange_Blank">
                <Property Name="UnifiedPosition" Value="{{0.000000,0.000000},{1.000000,-20.000000}" />
                <Property Name="UnifiedSize" Value="{{1.000000,-80.000000},{0.000000,20.000000}" />
            </Window>
            <Window Type="TLBB_ButtonCommon" Name="EquipEnchange_OK">
                <Property Name="UnifiedPosition" Value="{{1.000000,-80.000000},{1.000000,-20.000000}" />
                <Property Name="AbsoluteSize" Value="w:40.000000 h:20.000000" />
                <Property Name="Text" Value="#{INTERFACE_XML_557}" />
                <Event Name="Clicked" Function="EquipEnchange_Buttons_Clicked();" />
            </Window>
            <Window Type="TLBB_ButtonCommon" Name="EquipEnchange_Cancel">
                <Property Name="UnifiedPosition" Value="{{1.000000,-40.000000},{1.000000,-20.000000}" />
                <Property Name="AbsoluteSize" Value="w:40.000000 h:20.000000" />
                <Property Name="Text" Value="#{INTERFACE_XML_542}" />
                <Event Name="Clicked" Function="this:Hide();" />
            </Window>
        </Window>
    </Window>
</GUILayout>
