<?xml version="1.0" ?>
<GUILayout>
    <Window Type="TLBB_MainFrame0" Name="CityShop_Frame">
        <Property Name="UnifiedPosition" Value="{{0.5,-175},{0.12,0}}" />
        <Property Name="AbsoluteSize" Value="w:450 h:370" />
        <Window Type="TLBB_ButtonHelp" Name="CityShop_Help">
            <Property Name="UnifiedPosition" Value="{{0.000000,5.000000},{0.000000,14.000000}" />
            <Property Name="AbsoluteSize" Value="w:14.000000 h:14.000000" />
            <Event Name="Clicked" Function='Helper:GotoHelper(&quot;*CityShop&quot;);' />
        </Window>
        <Window Type="TLBB_ButtonClose" Name="CityShop_Close">
            <Property Name="UnifiedPosition" Value="{{1.000000,-19.000000},{0.000000,14.000000}" />
            <Property Name="AbsoluteSize" Value="w:14.000000 h:14.000000" />
            <Event Name="Clicked" Function="this:Hide();" />
        </Window>
        <Window Type="TLBB_DragTitle" Name="CityShop_DragTitle">
            <Property Name="AbsolutePosition" Value="x:25.000000 y:11.000000" />
            <Property Name="UnifiedSize" Value="{{1.000000,-50.000000},{0.000000,20.000000}" />
            <Property Name="DragTarget" Value="CityShop_Frame" />
            <Property Name="Text" Value="#{INTERFACE_XML_28}" />
            <Property Name="Font" Value="YouYuan11.25" />
            <Property Name="HorzFormatting" Value="HorzCentred" />
            <Property Name="VertFormatting" Value="VertCentred" />
        </Window>
        <Window Type="DefaultWindow" Name="CityShop_Background_Frame1">
            <Property Name="AbsolutePosition" Value="x:7.000000 y:36.000000" />
            <Property Name="UnifiedSize" Value="{{1.000000,-13.000000},{1.000000,-55.000000}" />
            <Window Type="DefaultWindow" Name="CityShop_Action_Set">
                <Property Name="Position" Value="x:0.023000000 y:0.02" />
                <Property Name="UnifiedSize" Value="{{0.96,0.000000},{0.73,0.000000}" />
                <Window Type="TLBB_ActionButton" Name="CityShop_Item1">
                    <Property Name="AbsolutePosition" Value="x:0.0 y:1.0" />
                    <Property Name="AbsoluteSize" Value="w:34.000000 h:34.000000" />
                    <Property Name="DraggingEnabled" Value="False" />
                    <Event Name="Clicked" Function="City_Shop_Act_Clicked(1);" />
                </Window>
                <Window Type="TLBB_ActionButton" Name="CityShop_Item2">
                    <Property Name="AbsolutePosition" Value="x:0.0 y:39.0" />
                    <Property Name="AbsoluteSize" Value="w:34.000000 h:34.000000" />
                    <Property Name="DraggingEnabled" Value="False" />
                    <Event Name="Clicked" Function="City_Shop_Act_Clicked(2);" />
                </Window>
                <Window Type="TLBB_ActionButton" Name="CityShop_Item3">
                    <Property Name="AbsolutePosition" Value="x:0.0 y:77.0" />
                    <Property Name="AbsoluteSize" Value="w:34.000000 h:34.000000" />
                    <Property Name="DraggingEnabled" Value="False" />
                    <Event Name="Clicked" Function="City_Shop_Act_Clicked(3);" />
                </Window>
                <Window Type="TLBB_ActionButton" Name="CityShop_Item4">
                    <Property Name="AbsolutePosition" Value="x:0.0 y:115.0" />
                    <Property Name="AbsoluteSize" Value="w:34.000000 h:34.000000" />
                    <Property Name="DraggingEnabled" Value="False" />
                    <Event Name="Clicked" Function="City_Shop_Act_Clicked(4);" />
                </Window>
                <Window Type="TLBB_ActionButton" Name="CityShop_Item5">
                    <Property Name="AbsolutePosition" Value="x:0.0 y:153.0" />
                    <Property Name="AbsoluteSize" Value="w:34.000000 h:34.000000" />
                    <Property Name="DraggingEnabled" Value="False" />
                    <Event Name="Clicked" Function="City_Shop_Act_Clicked(5);" />
                </Window>
                <Window Type="TLBB_ActionButton" Name="CityShop_Item6">
                    <Property Name="AbsolutePosition" Value="x:0.000000 y:191.000000" />
                    <Property Name="AbsoluteSize" Value="w:34.000000 h:34.000000" />
                    <Property Name="DraggingEnabled" Value="False" />
                    <Event Name="Clicked" Function="City_Shop_Act_Clicked(6);" />
                </Window>
                <Window Type="TLBB_ActionButton" Name="CityShop_Item7">
                    <Property Name="AbsolutePosition" Value="x:213.000000 y:1.000000" />
                    <Property Name="AbsoluteSize" Value="w:34.000000 h:34.000000" />
                    <Property Name="DraggingEnabled" Value="False" />
                    <Event Name="Clicked" Function="City_Shop_Act_Clicked(7);" />
                </Window>
                <Window Type="TLBB_ActionButton" Name="CityShop_Item8">
                    <Property Name="AbsolutePosition" Value="x:213.000000 y:39.000000" />
                    <Property Name="AbsoluteSize" Value="w:34.000000 h:34.000000" />
                    <Property Name="DraggingEnabled" Value="False" />
                    <Event Name="Clicked" Function="City_Shop_Act_Clicked(8);" />
                </Window>
                <Window Type="TLBB_ActionButton" Name="CityShop_Item9">
                    <Property Name="AbsolutePosition" Value="x:213.000000 y:77.000000" />
                    <Property Name="AbsoluteSize" Value="w:34.000000 h:34.000000" />
                    <Property Name="DraggingEnabled" Value="False" />
                    <Event Name="Clicked" Function="City_Shop_Act_Clicked(9);" />
                </Window>
                <Window Type="TLBB_ActionButton" Name="CityShop_Item10">
                    <Property Name="AbsolutePosition" Value="x:213.000000 y:115.000000" />
                    <Property Name="AbsoluteSize" Value="w:34.000000 h:34.000000" />
                    <Property Name="DraggingEnabled" Value="False" />
                    <Event Name="Clicked" Function="City_Shop_Act_Clicked(10);" />
                </Window>
                <Window Type="TLBB_ActionButton" Name="CityShop_Item11">
                    <Property Name="AbsolutePosition" Value="x:213.000000 y:153.000000" />
                    <Property Name="AbsoluteSize" Value="w:34.000000 h:34.000000" />
                    <Property Name="DraggingEnabled" Value="False" />
                    <Event Name="Clicked" Function="City_Shop_Act_Clicked(11);" />
                </Window>
                <Window Type="TLBB_ActionButton" Name="CityShop_Item12">
                    <Property Name="AbsolutePosition" Value="x:213.000000 y:191.000000" />
                    <Property Name="AbsoluteSize" Value="w:34.000000 h:34.000000" />
                    <Property Name="DraggingEnabled" Value="False" />
                    <Event Name="Clicked" Function="City_Shop_Act_Clicked(12);" />
                </Window>
                <Window Type="TLBB_SimpleMulitiTextFrame" Name="CityShop_ItemInfo1">
                    <Property Name="AbsolutePosition" Value="x:38.000000 y:0.000000" />
                    <Property Name="AbsoluteSize" Value="w:170.000000 h:36.000000" />
                    <Window Type="TLBB_SimpleTextFrame" Name="CityShop_ItemInfo1_Text">
                        <Property Name="AbsolutePosition" Value="x:6.000000 y:0.000000" />
                        <Property Name="AbsoluteSize" Value="w:170.000000 h:18.000000" />
                        <Property Name="TextColor" Value="FFFFF263" />
                        <Property Name="Text" Value="#{INTERFACE_XML_909}" />
                    </Window>
                    <Window Type="TLBB_SimpleTextFrame" Name="CityShop_ItemInfo1_GB">
                        <Property Name="AbsolutePosition" Value="x:0.000000 y:18.000000" />
                        <Property Name="AbsoluteSize" Value="w:170.000000 h:18.000000" />
                        <Property Name="HorzFormatting" Value="RightAligned" />
                        <Property Name="TextColor" Value="FFFFF263" />
                    </Window>
                    <Window Type="TLBB_Money" Name="CityShop_ItemInfo1_Price">
                        <Property Name="AbsolutePosition" Value="x:0.000000 y:18.000000" />
                        <Property Name="AbsoluteSize" Value="w:167.000000 h:16.000000" />
                        <Property Name="MoneyNumber" Value="0" />
                        <Property Name="HorzFormatting" Value="RightAligned" />
                    </Window>
                </Window>
                <Window Type="TLBB_SimpleMulitiTextFrame" Name="CityShop_ItemInfo2">
                    <Property Name="AbsolutePosition" Value="x:38.000000 y:38.000000" />
                    <Property Name="AbsoluteSize" Value="w:170.000000 h:36.000000" />
                    <Window Type="TLBB_SimpleTextFrame" Name="CityShop_ItemInfo2_Text">
                        <Property Name="AbsolutePosition" Value="x:6.000000 y:0.000000" />
                        <Property Name="AbsoluteSize" Value="w:170.000000 h:18.000000" />
                        <Property Name="TextColor" Value="FFFFF263" />
                    </Window>
                    <Window Type="TLBB_SimpleTextFrame" Name="CityShop_ItemInfo2_GB">
                        <Property Name="AbsolutePosition" Value="x:0.000000 y:18.000000" />
                        <Property Name="AbsoluteSize" Value="w:170.000000 h:18.000000" />
                        <Property Name="HorzFormatting" Value="RightAligned" />
                        <Property Name="TextColor" Value="FFFFF263" />
                    </Window>
                    <Window Type="TLBB_Money" Name="CityShop_ItemInfo2_Price">
                        <Property Name="AbsolutePosition" Value="x:0.000000 y:18.000000" />
                        <Property Name="AbsoluteSize" Value="w:167.000000 h:16.000000" />
                        <Property Name="MoneyNumber" Value="0" />
                        <Property Name="HorzFormatting" Value="RightAligned" />
                    </Window>
                </Window>
                <Window Type="TLBB_SimpleMulitiTextFrame" Name="CityShop_ItemInfo3">
                    <Property Name="AbsolutePosition" Value="x:38.000000 y:76.000000" />
                    <Property Name="AbsoluteSize" Value="w:170.000000 h:36.000000" />
                    <Window Type="TLBB_SimpleTextFrame" Name="CityShop_ItemInfo3_Text">
                        <Property Name="AbsolutePosition" Value="x:6.000000 y:0.000000" />
                        <Property Name="AbsoluteSize" Value="w:170.000000 h:18.000000" />
                        <Property Name="TextColor" Value="FFFFF263" />
                    </Window>
                    <Window Type="TLBB_SimpleTextFrame" Name="CityShop_ItemInfo3_GB">
                        <Property Name="AbsolutePosition" Value="x:0.000000 y:18.000000" />
                        <Property Name="AbsoluteSize" Value="w:170.000000 h:18.000000" />
                        <Property Name="HorzFormatting" Value="RightAligned" />
                        <Property Name="TextColor" Value="FFFFF263" />
                    </Window>
                    <Window Type="TLBB_Money" Name="CityShop_ItemInfo3_Price">
                        <Property Name="AbsolutePosition" Value="x:0.000000 y:18.000000" />
                        <Property Name="AbsoluteSize" Value="w:167.000000 h:16.000000" />
                        <Property Name="MoneyNumber" Value="0" />
                        <Property Name="HorzFormatting" Value="RightAligned" />
                    </Window>
                </Window>
                <Window Type="TLBB_SimpleMulitiTextFrame" Name="CityShop_ItemInfo4">
                    <Property Name="AbsolutePosition" Value="x:38.000000 y:114.000000" />
                    <Property Name="AbsoluteSize" Value="w:170.000000 h:36.000000" />
                    <Window Type="TLBB_SimpleTextFrame" Name="CityShop_ItemInfo4_Text">
                        <Property Name="AbsolutePosition" Value="x:6.000000 y:0.000000" />
                        <Property Name="AbsoluteSize" Value="w:170.000000 h:18.000000" />
                        <Property Name="TextColor" Value="FFFFF263" />
                    </Window>
                    <Window Type="TLBB_SimpleTextFrame" Name="CityShop_ItemInfo4_GB">
                        <Property Name="AbsolutePosition" Value="x:0.000000 y:18.000000" />
                        <Property Name="AbsoluteSize" Value="w:170.000000 h:18.000000" />
                        <Property Name="HorzFormatting" Value="RightAligned" />
                        <Property Name="TextColor" Value="FFFFF263" />
                    </Window>
                    <Window Type="TLBB_Money" Name="CityShop_ItemInfo4_Price">
                        <Property Name="AbsolutePosition" Value="x:0.000000 y:18.000000" />
                        <Property Name="AbsoluteSize" Value="w:167.000000 h:16.000000" />
                        <Property Name="MoneyNumber" Value="0" />
                        <Property Name="HorzFormatting" Value="RightAligned" />
                    </Window>
                </Window>
                <Window Type="TLBB_SimpleMulitiTextFrame" Name="CityShop_ItemInfo5">
                    <Property Name="AbsolutePosition" Value="x:38.000000 y:152.000000" />
                    <Property Name="AbsoluteSize" Value="w:170.000000 h:36.000000" />
                    <Window Type="TLBB_SimpleTextFrame" Name="CityShop_ItemInfo5_Text">
                        <Property Name="AbsolutePosition" Value="x:6.000000 y:0.000000" />
                        <Property Name="AbsoluteSize" Value="w:170.000000 h:18.000000" />
                        <Property Name="TextColor" Value="FFFFF263" />
                    </Window>
                    <Window Type="TLBB_SimpleTextFrame" Name="CityShop_ItemInfo5_GB">
                        <Property Name="AbsolutePosition" Value="x:0.000000 y:18.000000" />
                        <Property Name="AbsoluteSize" Value="w:170.000000 h:18.000000" />
                        <Property Name="HorzFormatting" Value="RightAligned" />
                        <Property Name="TextColor" Value="FFFFF263" />
                    </Window>
                    <Window Type="TLBB_Money" Name="CityShop_ItemInfo5_Price">
                        <Property Name="AbsolutePosition" Value="x:0.000000 y:18.000000" />
                        <Property Name="AbsoluteSize" Value="w:167.000000 h:16.000000" />
                        <Property Name="MoneyNumber" Value="0" />
                        <Property Name="HorzFormatting" Value="RightAligned" />
                    </Window>
                </Window>
                <Window Type="TLBB_SimpleMulitiTextFrame" Name="CityShop_ItemInfo6">
                    <Property Name="AbsolutePosition" Value="x:38.000000 y:190.000000" />
                    <Property Name="AbsoluteSize" Value="w:170.000000 h:36.000000" />
                    <Window Type="TLBB_SimpleTextFrame" Name="CityShop_ItemInfo6_Text">
                        <Property Name="AbsolutePosition" Value="x:6.000000 y:0.000000" />
                        <Property Name="AbsoluteSize" Value="w:170.000000 h:18.000000" />
                        <Property Name="TextColor" Value="FFFFF263" />
                    </Window>
                    <Window Type="TLBB_SimpleTextFrame" Name="CityShop_ItemInfo6_GB">
                        <Property Name="AbsolutePosition" Value="x:0.000000 y:18.000000" />
                        <Property Name="AbsoluteSize" Value="w:170.000000 h:18.000000" />
                        <Property Name="HorzFormatting" Value="RightAligned" />
                        <Property Name="TextColor" Value="FFFFF263" />
                    </Window>
                    <Window Type="TLBB_Money" Name="CityShop_ItemInfo6_Price">
                        <Property Name="AbsolutePosition" Value="x:0.000000 y:18.000000" />
                        <Property Name="AbsoluteSize" Value="w:167.000000 h:16.000000" />
                        <Property Name="MoneyNumber" Value="0" />
                        <Property Name="HorzFormatting" Value="RightAligned" />
                    </Window>
                </Window>
                <Window Type="TLBB_SimpleMulitiTextFrame" Name="CityShop_ItemInfo7">
                    <Property Name="AbsolutePosition" Value="x:251.000000 y:0.000000" />
                    <Property Name="AbsoluteSize" Value="w:170.000000 h:36.000000" />
                    <Window Type="TLBB_SimpleTextFrame" Name="CityShop_ItemInfo7_Text">
                        <Property Name="AbsolutePosition" Value="x:6.000000 y:0.000000" />
                        <Property Name="AbsoluteSize" Value="w:170.000000 h:18.000000" />
                        <Property Name="TextColor" Value="FFFFF263" />
                    </Window>
                    <Window Type="TLBB_SimpleTextFrame" Name="CityShop_ItemInfo7_GB">
                        <Property Name="AbsolutePosition" Value="x:0.000000 y:18.000000" />
                        <Property Name="AbsoluteSize" Value="w:170.000000 h:18.000000" />
                        <Property Name="HorzFormatting" Value="RightAligned" />
                        <Property Name="TextColor" Value="FFFFF263" />
                    </Window>
                    <Window Type="TLBB_Money" Name="CityShop_ItemInfo7_Price">
                        <Property Name="AbsolutePosition" Value="x:0.000000 y:18.000000" />
                        <Property Name="AbsoluteSize" Value="w:167.000000 h:16.000000" />
                        <Property Name="MoneyNumber" Value="0" />
                        <Property Name="HorzFormatting" Value="RightAligned" />
                    </Window>
                </Window>
                <Window Type="TLBB_SimpleMulitiTextFrame" Name="CityShop_ItemInfo8">
                    <Property Name="AbsolutePosition" Value="x:251.000000 y:38.000000" />
                    <Property Name="AbsoluteSize" Value="w:170.000000 h:36.000000" />
                    <Window Type="TLBB_SimpleTextFrame" Name="CityShop_ItemInfo8_Text">
                        <Property Name="AbsolutePosition" Value="x:6.000000 y:0.000000" />
                        <Property Name="AbsoluteSize" Value="w:170.000000 h:18.000000" />
                        <Property Name="TextColor" Value="FFFFF263" />
                    </Window>
                    <Window Type="TLBB_SimpleTextFrame" Name="CityShop_ItemInfo8_GB">
                        <Property Name="AbsolutePosition" Value="x:0.000000 y:18.000000" />
                        <Property Name="AbsoluteSize" Value="w:170.000000 h:18.000000" />
                        <Property Name="HorzFormatting" Value="RightAligned" />
                        <Property Name="TextColor" Value="FFFFF263" />
                    </Window>
                    <Window Type="TLBB_Money" Name="CityShop_ItemInfo8_Price">
                        <Property Name="AbsolutePosition" Value="x:0.000000 y:18.000000" />
                        <Property Name="AbsoluteSize" Value="w:167.000000 h:16.000000" />
                        <Property Name="MoneyNumber" Value="0" />
                        <Property Name="HorzFormatting" Value="RightAligned" />
                    </Window>
                </Window>
                <Window Type="TLBB_SimpleMulitiTextFrame" Name="CityShop_ItemInfo9">
                    <Property Name="AbsolutePosition" Value="x:251.000000 y:76.000000" />
                    <Property Name="AbsoluteSize" Value="w:170.000000 h:36.000000" />
                    <Window Type="TLBB_SimpleTextFrame" Name="CityShop_ItemInfo9_Text">
                        <Property Name="AbsolutePosition" Value="x:6.000000 y:0.000000" />
                        <Property Name="AbsoluteSize" Value="w:170.000000 h:18.000000" />
                        <Property Name="TextColor" Value="FFFFF263" />
                    </Window>
                    <Window Type="TLBB_SimpleTextFrame" Name="CityShop_ItemInfo9_GB">
                        <Property Name="AbsolutePosition" Value="x:0.000000 y:18.000000" />
                        <Property Name="AbsoluteSize" Value="w:170.000000 h:18.000000" />
                        <Property Name="HorzFormatting" Value="RightAligned" />
                        <Property Name="TextColor" Value="FFFFF263" />
                    </Window>
                    <Window Type="TLBB_Money" Name="CityShop_ItemInfo9_Price">
                        <Property Name="AbsolutePosition" Value="x:0.000000 y:18.000000" />
                        <Property Name="AbsoluteSize" Value="w:167.000000 h:16.000000" />
                        <Property Name="MoneyNumber" Value="0" />
                        <Property Name="HorzFormatting" Value="RightAligned" />
                    </Window>
                </Window>
                <Window Type="TLBB_SimpleMulitiTextFrame" Name="CityShop_ItemInfo10">
                    <Property Name="AbsolutePosition" Value="x:251.000000 y:114.000000" />
                    <Property Name="AbsoluteSize" Value="w:170.000000 h:36.000000" />
                    <Window Type="TLBB_SimpleTextFrame" Name="CityShop_ItemInfo10_Text">
                        <Property Name="AbsolutePosition" Value="x:6.000000 y:0.000000" />
                        <Property Name="AbsoluteSize" Value="w:170.000000 h:18.000000" />
                        <Property Name="TextColor" Value="FFFFF263" />
                    </Window>
                    <Window Type="TLBB_SimpleTextFrame" Name="CityShop_ItemInfo10_GB">
                        <Property Name="AbsolutePosition" Value="x:0.000000 y:18.000000" />
                        <Property Name="AbsoluteSize" Value="w:170.000000 h:18.000000" />
                        <Property Name="HorzFormatting" Value="RightAligned" />
                        <Property Name="TextColor" Value="FFFFF263" />
                    </Window>
                    <Window Type="TLBB_Money" Name="CityShop_ItemInfo10_Price">
                        <Property Name="AbsolutePosition" Value="x:0.000000 y:18.000000" />
                        <Property Name="AbsoluteSize" Value="w:167.000000 h:16.000000" />
                        <Property Name="MoneyNumber" Value="0" />
                        <Property Name="HorzFormatting" Value="RightAligned" />
                    </Window>
                </Window>
                <Window Type="TLBB_SimpleMulitiTextFrame" Name="CityShop_ItemInfo11">
                    <Property Name="AbsolutePosition" Value="x:251.000000 y:152.000000" />
                    <Property Name="AbsoluteSize" Value="w:170.000000 h:36.000000" />
                    <Window Type="TLBB_SimpleTextFrame" Name="CityShop_ItemInfo11_Text">
                        <Property Name="AbsolutePosition" Value="x:6.000000 y:0.000000" />
                        <Property Name="AbsoluteSize" Value="w:170.000000 h:18.000000" />
                        <Property Name="TextColor" Value="FFFFF263" />
                    </Window>
                    <Window Type="TLBB_SimpleTextFrame" Name="CityShop_ItemInfo11_GB">
                        <Property Name="AbsolutePosition" Value="x:0.000000 y:18.000000" />
                        <Property Name="AbsoluteSize" Value="w:170.000000 h:18.000000" />
                        <Property Name="HorzFormatting" Value="RightAligned" />
                        <Property Name="TextColor" Value="FFFFF263" />
                    </Window>
                    <Window Type="TLBB_Money" Name="CityShop_ItemInfo11_Price">
                        <Property Name="AbsolutePosition" Value="x:0.000000 y:18.000000" />
                        <Property Name="AbsoluteSize" Value="w:167.000000 h:16.000000" />
                        <Property Name="MoneyNumber" Value="0" />
                        <Property Name="HorzFormatting" Value="RightAligned" />
                    </Window>
                </Window>
                <Window Type="TLBB_SimpleMulitiTextFrame" Name="CityShop_ItemInfo12">
                    <Property Name="AbsolutePosition" Value="x:251.000000 y:190.000000" />
                    <Property Name="AbsoluteSize" Value="w:170.000000 h:36.000000" />
                    <Window Type="TLBB_SimpleTextFrame" Name="CityShop_ItemInfo12_Text">
                        <Property Name="AbsolutePosition" Value="x:6.000000 y:0.000000" />
                        <Property Name="AbsoluteSize" Value="w:170.000000 h:18.000000" />
                        <Property Name="TextColor" Value="FFFFF263" />
                    </Window>
                    <Window Type="TLBB_SimpleTextFrame" Name="CityShop_ItemInfo12_GB">
                        <Property Name="AbsolutePosition" Value="x:0.000000 y:18.000000" />
                        <Property Name="AbsoluteSize" Value="w:170.000000 h:18.000000" />
                        <Property Name="HorzFormatting" Value="RightAligned" />
                        <Property Name="TextColor" Value="FFFFF263" />
                    </Window>
                    <Window Type="TLBB_Money" Name="CityShop_ItemInfo12_Price">
                        <Property Name="AbsolutePosition" Value="x:0.000000 y:18.000000" />
                        <Property Name="AbsoluteSize" Value="w:167.000000 h:16.000000" />
                        <Property Name="MoneyNumber" Value="0" />
                        <Property Name="HorzFormatting" Value="RightAligned" />
                    </Window>
                </Window>
            </Window>
            <Window Type="TLBB_ButtonCommon2" Name="CityShop_UpPage">
                <Property Name="Position" Value="x:0.15 y:0.77" />
                <Property Name="UnifiedSize" Value="{{0.2000000,0.000000},{0.000000,20.000000}" />
                <Event Name="Clicked" Function="City_Shop_UpPage();" />
                <Property Name="Text" Value="#{INTERFACE_XML_499}" />
            </Window>
            <Window Type="TLBB_SimpleMulitiTextFrame" Name="CityShop_CurrentlyPage">
                <Property Name="Position" Value="x:0.4 y:0.77" />
                <Property Name="UnifiedSize" Value="{{0.2000000,0.000000},{0.000000,20.000000}" />
                <Property Name="Text" Value="999/999" />
                <Property Name="HorzFormatting" Value="HorzCentred" />
                <Property Name="VertFormatting" Value="VertCentred" />
                <Property Name="RiseOnClick" Value="False" />
                <Property Name="TextColor" Value="FFFFF263" />
            </Window>
            <Window Type="TLBB_ButtonCommon2" Name="CityShop_DownPage">
                <Property Name="Position" Value="x:0.65 y:0.77" />
                <Property Name="UnifiedSize" Value="{{0.2000000,0.000000},{0.000000,20.000000}" />
                <Event Name="Clicked" Function="City_Shop_DownPage();" />
                <Property Name="Text" Value="#{INTERFACE_XML_325}" />
            </Window>
            <Window Type="TLBB_Frame_Lace3" Name="CityShop_Repair_SaleBack">
                <Property Name="Position" Value="x:0.0 y:0.855" />
                <Property Name="Size" Value="w:1.0 h:0.145" />
                <Window Type="TLBB_StaticImageNULL" Name="CityShop_Repair_bk">
                    <Property Name="UnifiedPosition" Value="{{0.0,30.000000},{0.0,6.000000}" />
                    <Property Name="AbsoluteSize" Value="w:34.000000 h:34.000000" />
                    <Property Name="Image" Value="set:CommonItem image:ActionBK" />
                    <Window Type="TLBB_ButtonNULL" Name="CityShop_Repair">
                        <Property Name="AbsolutePosition" Value="x:1.000000 y:1.000000" />
                        <Property Name="AbsoluteSize" Value="w:32.000000 h:32.000000" />
                        <Property Name="Tooltip" Value="#{INTERFACE_XML_784}" />
                        <Property Name="HoverImage" Value="set:Buttons image:Repair_Hover" />
                        <Property Name="NormalImage" Value="set:Buttons image:Repair_Normal" />
                        <Property Name="PushedImage" Value="set:Buttons image:Repair_Pushed" />
                        <Property Name="DisabledImage" Value="set:Buttons image:Repair_Disable" />
                    </Window>
                </Window>
                <Window Type="TLBB_StaticImageNULL" Name="CityShop_AllRepair1_bk">
                    <Property Name="UnifiedPosition" Value="{{0.15,0.000000},{0.0,6.000000}" />
                    <Property Name="AbsoluteSize" Value="w:34.000000 h:34.000000" />
                    <Property Name="Image" Value="set:CommonItem image:ActionBK" />
                    <Window Type="TLBB_ButtonNULL" Name="CityShop_AllRepair">
                        <Property Name="AbsolutePosition" Value="x:1.000000 y:1.000000" />
                        <Property Name="AbsoluteSize" Value="w:32.000000 h:32.000000" />
                        <Property Name="Tooltip" Value="#{INTERFACE_XML_550}" />
                        <Property Name="HoverImage" Value="set:Buttons image:CompletelyRepairs_Hover" />
                        <Property Name="NormalImage" Value="set:Buttons image:CompletelyRepairs_Normal" />
                        <Property Name="PushedImage" Value="set:Buttons image:CompletelyRepairs_Pushed" />
                        <Property Name="DisabledImage" Value="set:Buttons image:CompletelyRepairs_Disable" />
                    </Window>
                </Window>
                <Window Type="TLBB_StaticImageNULL" Name="CityShop_Callback1_Frame">
                    <Property Name="UnifiedPosition" Value="{{0.307167,0.000000},{0.0,6.000000}" />
                    <Property Name="AbsoluteSize" Value="w:34.000000 h:34.000000" />
                    <Property Name="RiseOnClick" Value="False" />
                    <Window Type="TLBB_ActionButton" Name="CityShop_Callback1">
                        <Property Name="Position" Value="x:0.0 y:0.0" />
                        <Property Name="Size" Value="w:1.0 h:1.0" />
                        <Property Name="Empty" Value="False" />
                    </Window>
                </Window>
                <Window Type="TLBB_StaticImageNULL" Name="CityShop_Callback2_Frame">
                    <Property Name="UnifiedPosition" Value="{{0.440273,0.000000},{0.0,6.000000}" />
                    <Property Name="AbsoluteSize" Value="w:34.000000 h:34.000000" />
                    <Property Name="RiseOnClick" Value="False" />
                    <Window Type="TLBB_ActionButton" Name="CityShop_Callback2">
                        <Property Name="Position" Value="x:0.0 y:0.0" />
                        <Property Name="Size" Value="w:1.0 h:1.0" />
                        <Property Name="Empty" Value="False" />
                    </Window>
                </Window>
                <Window Type="TLBB_StaticImageNULL" Name="CityShop_Callback3_Frame">
                    <Property Name="UnifiedPosition" Value="{{0.569966,0.000000},{0.0,6.000000}" />
                    <Property Name="AbsoluteSize" Value="w:34.000000 h:34.000000" />
                    <Property Name="RiseOnClick" Value="False" />
                    <Window Type="TLBB_ActionButton" Name="CityShop_Callback3">
                        <Property Name="Position" Value="x:0.0 y:0.0" />
                        <Property Name="Size" Value="w:1.0 h:1.0" />
                        <Property Name="Empty" Value="False" />
                    </Window>
                </Window>
                <Window Type="TLBB_StaticImageNULL" Name="CityShop_Callback4_Frame">
                    <Property Name="UnifiedPosition" Value="{{0.703011,0.000000},{0.0,6.000000}" />
                    <Property Name="AbsoluteSize" Value="w:34.000000 h:34.000000" />
                    <Property Name="RiseOnClick" Value="False" />
                    <Window Type="TLBB_ActionButton" Name="CityShop_Callback4">
                        <Property Name="Position" Value="x:0.0 y:0.0" />
                        <Property Name="Size" Value="w:1.0 h:1.0" />
                        <Property Name="Empty" Value="False" />
                    </Window>
                </Window>
                <Window Type="TLBB_StaticImageNULL" Name="CityShop_Callback5_Frame">
                    <Property Name="UnifiedPosition" Value="{{0.836177,0.000000},{0.0,6.000000}" />
                    <Property Name="AbsoluteSize" Value="w:34.000000 h:34.000000" />
                    <Property Name="RiseOnClick" Value="False" />
                    <Window Type="TLBB_ActionButton" Name="CityShop_Callback5">
                        <Property Name="Position" Value="x:0.0 y:0.0" />
                        <Property Name="Size" Value="w:1.0 h:1.0" />
                        <Property Name="Empty" Value="False" />
                    </Window>
                </Window>
            </Window>
        </Window>
    </Window>
</GUILayout>
