﻿<?xml version="1.0" ?>
<GUILayout>
    <Window Type="TLBB_MainFrame1" Name="ConfraternityCustomPosition_Frame">
      <Property Name="UnifiedPosition" Value="{{0.22500000,0.000000},{0.20000,0.000000}" />
      <Property Name="AbsoluteSize" Value="w:430.000000 h:266.000000" />
      <Event Name="Hidden" Function="AcceSetup_Cancel_Clicked()" />
        <Window Type="TLBB_DragTitle" Name="ConfraternityCustomPosition_DragTitle">
            <Property Name="AbsolutePosition" Value="x:25.000000 y:11.000000" />
            <Property Name="UnifiedSize" Value="{{1.000000,-50.000000},{0.000000,20.000000}" />
            <Property Name="DragTarget" Value="ConfraternityCustomPosition_Frame" />
            <Window Type="TLBB_SimpleText" Name="ConfraternityCustomPosition_Title">
                <Property Name="Position" Value="x:0.0 y:0.0" />
                <Property Name="Size" Value="w:1.0 h:1.0" />
                <Property Name="Font" Value="YouYuan11.25" />
                <Property Name="HorzFormatting" Value="HorzCentred" />
                <Property Name="VertFormatting" Value="VertCentred" />
                <Property Name="RiseOnClick" Value="False" />
                <Property Name="Text" Value="#{INTERFACE_XML_1149}" />
            </Window>
        </Window>
        <Window Type="TLBB_ButtonHelp" Name="ConfraternityCustomPosition_Help">
            <Property Name="UnifiedPosition" Value="{{0.000000,5.000000},{0.000000,14.000000}" />
            <Property Name="AbsoluteSize" Value="w:14.000000 h:14.000000" />
            <Event Name="Clicked" Function='Helper:GotoHelper(&quot;*AcceSetup&quot;);' />
        </Window>
        <Window Type="TLBB_ButtonClose" Name="ConfraternityCustomPosition_Close">
            <Property Name="UnifiedPosition" Value="{{1.000000,-19.000000},{0.000000,14.000000}" />
            <Property Name="AbsoluteSize" Value="w:14.000000 h:14.000000" />
            <Event Name="Clicked" Function="AcceSetup_Cancel_Clicked()" />
        </Window>
        <Window Type="DefaultWindow" Name="ConfraternityCustomPosition_Client">
            <Property Name="AbsolutePosition" Value="x:7.000000 y:36.000000" />
            <Property Name="UnifiedSize" Value="{{1.000000,-13.000000},{1.000000,-55.000000}" />
          <Window Type="TLBB_SimpleText" Name="ConfraternityCustomPosition_List_Text1">
            <Property Name="Position" Value="x:0.000000 y:0.013559" />
            <Property Name="UnifiedSize" Value="{{0.000000,142.000000},{0.000000,21.000000}" />
            <Property Name="Text" Value="#{INTERFACE_XML_1150}" />
            <Property Name="TextColor" Value="FFFFF263" />
            <Property Name="HorzFormatting" Value="HorzCentred" />
            <Property Name="VertFormatting" Value="VertCentred" />
          </Window>
          <Window Type="TLBB_SimpleMulitiTextFrame" Name="CurCustomPosition1">
            <Property Name="Position" Value="x:0.007109 y:0.115254" />
            <Property Name="UnifiedSize" Value="{{0.000000,135.000000},{0.000000,20.000000}" />            
            <Property Name="TextColor" Value="FFFFF263" />
            <Property Name="HorzFormatting" Value="HorzCentred" />
            <Property Name="VertFormatting" Value="VertCentred" />
          </Window>
          <Window Type="TLBB_SimpleMulitiTextFrame" Name="CurCustomPosition2">
            <Property Name="Position" Value="x:0.006865 y:0.213270" />
            <Property Name="UnifiedSize" Value="{{0.000000,135.000000},{0.000000,20.000000}" />            
            <Property Name="TextColor" Value="FFFFF263" />
            <Property Name="HorzFormatting" Value="HorzCentred" />
            <Property Name="VertFormatting" Value="VertCentred" />
          </Window>
          <Window Type="TLBB_SimpleMulitiTextFrame" Name="CurCustomPosition3">
            <Property Name="Position" Value="x:0.006865 y:0.312796" />
            <Property Name="UnifiedSize" Value="{{0.000000,135.000000},{0.000000,20.000000}" />            
            <Property Name="TextColor" Value="FFFFF263" />
            <Property Name="HorzFormatting" Value="HorzCentred" />
            <Property Name="VertFormatting" Value="VertCentred" />
          </Window>
          <Window Type="TLBB_SimpleMulitiTextFrame" Name="CurCustomPosition4">
            <Property Name="Position" Value="x:0.006865 y:0.407583" />
            <Property Name="UnifiedSize" Value="{{0.000000,135.000000},{0.000000,20.000000}" />            
            <Property Name="TextColor" Value="FFFFF263" />
            <Property Name="HorzFormatting" Value="HorzCentred" />
            <Property Name="VertFormatting" Value="VertCentred" />
          </Window>
          <Window Type="TLBB_SimpleMulitiTextFrame" Name="CurCustomPosition5">
            <Property Name="Position" Value="x:0.006865 y:0.502370" />
            <Property Name="UnifiedSize" Value="{{0.000000,135.000000},{0.000000,20.000000}" />            
            <Property Name="TextColor" Value="FFFFF263" />
            <Property Name="HorzFormatting" Value="HorzCentred" />
            <Property Name="VertFormatting" Value="VertCentred" />
          </Window>
          <Window Type="TLBB_SimpleMulitiTextFrame" Name="CurCustomPosition6">
            <Property Name="Position" Value="x:0.006865 y:0.597156" />
            <Property Name="UnifiedSize" Value="{{0.000000,135.000000},{0.000000,20.000000}" />            
            <Property Name="TextColor" Value="FFFFF263" />
            <Property Name="HorzFormatting" Value="HorzCentred" />
            <Property Name="VertFormatting" Value="VertCentred" />
          </Window>
          <Window Type="TLBB_SimpleMulitiTextFrame" Name="CurCustomPosition7">
            <Property Name="Position" Value="x:0.006865 y:0.691943" />
            <Property Name="UnifiedSize" Value="{{0.000000,135.000000},{0.000000,20.000000}" />            
            <Property Name="TextColor" Value="FFFFF263" />
            <Property Name="HorzFormatting" Value="HorzCentred" />
            <Property Name="VertFormatting" Value="VertCentred" />
          </Window>
          <Window Type="TLBB_SimpleMulitiTextFrame" Name="CurCustomPosition8">
            <Property Name="Position" Value="x:0.006865 y:0.786730" />
            <Property Name="UnifiedSize" Value="{{0.000000,135.000000},{0.000000,20.000000}" />            
            <Property Name="TextColor" Value="FFFFF263" />
            <Property Name="HorzFormatting" Value="HorzCentred" />
            <Property Name="VertFormatting" Value="VertCentred" />
          </Window>          
          <Window Type="TLBB_SimpleText" Name="ConfraternityCustomPosition_List_Text2">
            <Property Name="Position" Value="x:0.450237 y:0.013559" />
            <Property Name="UnifiedSize" Value="{{0.000000,85.000000},{0.000000,21.000000}" />
            <Property Name="Text" Value="#{INTERFACE_XML_1151}" />
            <Property Name="TextColor" Value="FFFFF263" />
            <Property Name="HorzFormatting" Value="HorzCentred" />
            <Property Name="VertFormatting" Value="VertCentred" />
          </Window>
          <Window Type="TLBB_EditBoxNormal" Name="Edit_CustomPosition1">
           	<Property Name="UnifiedPosition" Value="{{1.000000,-276.000000},{1.000000,-187.000000}" />
						<Property Name="AbsoluteSize" Value="w:181.000000 h:20.000000" />
						<Property Name="MaxTextLength" Value="12" />
          </Window>
          <Window Type="TLBB_EditBoxNormal" Name="Edit_CustomPosition2">
            <Property Name="UnifiedPosition" Value="{{1.000000,-276.000000},{1.000000,-167.000000}" />
            <Property Name="AbsoluteSize" Value="w:181.000000 h:20.000000" />
            <Property Name="MaxTextLength" Value="12" />
          </Window>
          <Window Type="TLBB_EditBoxNormal" Name="Edit_CustomPosition3">
            <Property Name="UnifiedPosition" Value="{{1.000000,-276.000000},{1.000000,-147.000000}" />
            <Property Name="AbsoluteSize" Value="w:181.000000 h:20.000000" />
            <Property Name="MaxTextLength" Value="12" />
          </Window>
          <Window Type="TLBB_EditBoxNormal" Name="Edit_CustomPosition4">
            <Property Name="UnifiedPosition" Value="{{1.000000,-276.000000},{1.000000,-127.000000}" />
            <Property Name="AbsoluteSize" Value="w:181.000000 h:20.000000" />
            <Property Name="MaxTextLength" Value="12" />
          </Window>
          <Window Type="TLBB_EditBoxNormal" Name="Edit_CustomPosition5">
            <Property Name="UnifiedPosition" Value="{{1.000000,-276.000000},{1.000000,-107.000000}" />
            <Property Name="AbsoluteSize" Value="w:181.000000 h:20.000000" />
            <Property Name="MaxTextLength" Value="12" />
          </Window>
          <Window Type="TLBB_EditBoxNormal" Name="Edit_CustomPosition6">
            <Property Name="UnifiedPosition" Value="{{1.000000,-276.000000},{1.000000,-87.000000}" />
            <Property Name="AbsoluteSize" Value="w:181.000000 h:20.000000" />
            <Property Name="MaxTextLength" Value="12" />
          </Window>
          <Window Type="TLBB_EditBoxNormal" Name="Edit_CustomPosition7">
            <Property Name="UnifiedPosition" Value="{{1.000000,-276.000000},{1.000000,-67.000000}" />
            <Property Name="AbsoluteSize" Value="w:181.000000 h:20.000000" />
            <Property Name="MaxTextLength" Value="12" />
          </Window>
          <Window Type="TLBB_EditBoxNormal" Name="Edit_CustomPosition8">
            <Property Name="UnifiedPosition" Value="{{1.000000,-276.000000},{1.000000,-47.000000}" />
            <Property Name="AbsoluteSize" Value="w:181.000000 h:20.000000" />
            <Property Name="MaxTextLength" Value="12" />
          </Window>          
          <Window Type="TLBB_SimpleText" Name="ConfraternityCustomPosition_List_Text3">
            <Property Name="Position" Value="x:0.784360 y:0.013559" />
            <Property Name="UnifiedSize" Value="{{0.000000,85.000000},{0.000000,21.000000}" />
            <Property Name="Text" Value="#{INTERFACE_XML_1152}" />
            <Property Name="TextColor" Value="FFFFF263" />
            <Property Name="HorzFormatting" Value="HorzCentred" />
            <Property Name="VertFormatting" Value="VertCentred" />
          </Window>
          <Window Type="TLBB_ButtonCommon" Name="ConfraternityCustomPosition_Reset_Button1">
            <Property Name="UnifiedPosition" Value="{{1.000000,-90.000000},{1.000000,-187.000000}" />
            <Property Name="AbsoluteSize" Value="w:85.000000 h:20.000000" />
            <Property Name="Text" Value="#{INTERFACE_XML_1153}" />
            <Event Name="Clicked" Function="ConfraternityCustomPosition_Reset(1);" />
          </Window>
          <Window Type="TLBB_ButtonCommon" Name="ConfraternityCustomPosition_Reset_Button2">
            <Property Name="UnifiedPosition" Value="{{1.000000,-90.000000},{1.000000,-167.000000}" />
            <Property Name="AbsoluteSize" Value="w:85.000000 h:20.000000" />
            <Property Name="Text" Value="#{INTERFACE_XML_1153}" />
            <Event Name="Clicked" Function="ConfraternityCustomPosition_Reset(2);" />
          </Window>
          <Window Type="TLBB_ButtonCommon" Name="ConfraternityCustomPosition_Reset_Button3">
            <Property Name="UnifiedPosition" Value="{{1.000000,-90.000000},{1.000000,-147.000000}" />
            <Property Name="AbsoluteSize" Value="w:85.000000 h:20.000000" />
            <Property Name="Text" Value="#{INTERFACE_XML_1153}" />
            <Event Name="Clicked" Function="ConfraternityCustomPosition_Reset(3);" />
          </Window>
          <Window Type="TLBB_ButtonCommon" Name="ConfraternityCustomPosition_Reset_Button4">
            <Property Name="UnifiedPosition" Value="{{1.000000,-90.000000},{1.000000,-127.000000}" />
            <Property Name="AbsoluteSize" Value="w:85.000000 h:20.000000" />
            <Property Name="Text" Value="#{INTERFACE_XML_1153}" />
            <Event Name="Clicked" Function="ConfraternityCustomPosition_Reset(4);" />
          </Window>
          <Window Type="TLBB_ButtonCommon" Name="ConfraternityCustomPosition_Reset_Button5">
            <Property Name="UnifiedPosition" Value="{{1.000000,-90.000000},{1.000000,-107.000000}" />
            <Property Name="AbsoluteSize" Value="w:85.000000 h:20.000000" />
            <Property Name="Text" Value="#{INTERFACE_XML_1153}" />
            <Event Name="Clicked" Function="ConfraternityCustomPosition_Reset(5);" />
          </Window>
          <Window Type="TLBB_ButtonCommon" Name="ConfraternityCustomPosition_Reset_Button6">
            <Property Name="UnifiedPosition" Value="{{1.000000,-90.000000},{1.000000,-87.000000}" />
            <Property Name="AbsoluteSize" Value="w:85.000000 h:20.000000" />
            <Property Name="Text" Value="#{INTERFACE_XML_1153}" />
            <Event Name="Clicked" Function="ConfraternityCustomPosition_Reset(6);" />
          </Window>
          <Window Type="TLBB_ButtonCommon" Name="ConfraternityCustomPosition_Reset_Button7">
            <Property Name="UnifiedPosition" Value="{{1.000000,-90.000000},{1.000000,-67.000000}" />
            <Property Name="AbsoluteSize" Value="w:85.000000 h:20.000000" />
            <Property Name="Text" Value="#{INTERFACE_XML_1153}" />
            <Event Name="Clicked" Function="ConfraternityCustomPosition_Reset(7);" />
          </Window>
          <Window Type="TLBB_ButtonCommon" Name="ConfraternityCustomPosition_Reset_Button8">
            <Property Name="UnifiedPosition" Value="{{1.000000,-90.000000},{1.000000,-47.000000}" />
            <Property Name="AbsoluteSize" Value="w:85.000000 h:20.000000" />
            <Property Name="Text" Value="#{INTERFACE_XML_1153}" />
            <Event Name="Clicked" Function="ConfraternityCustomPosition_Reset(8);" />
          </Window>          
          <Window Type="TLBB_ButtonCommon" Name="ConfraternityCustomPosition_Btn_OK">
            <Property Name="UnifiedPosition" Value="{{1.000000,-142.000000},{1.000000,-20.000000}" />
            <Property Name="AbsoluteSize" Value="w:70.000000 h:20.000000" />
            <Property Name="Text" Value="#{INTERFACE_XML_557}" />
            <Event Name="Clicked" Function="ConfraternityCustomPosition_Ok()" />
          </Window>
          <Window Type="TLBB_ButtonCommon" Name="ConfraternityCustomPosition_Btn_Cancel">
          	<Property Name="UnifiedPosition" Value="{{1.000000,-72.000000},{1.000000,-20.000000}" />
            <Property Name="AbsoluteSize" Value="w:70.000000 h:20.000000" />
            <Property Name="Text" Value="#{INTERFACE_XML_542}" />
            <Event Name="Clicked" Function="ConfraternityCustomPosition_Cancel()" />
					</Window>
        </Window>
    </Window>
</GUILayout>
