﻿<?xml version="1.0" ?>
<GUILayout>
    <Window Type="TLBB_MainFrame1" Name="ConfraternityList_Frame">
        <Property Name="UnifiedSize" Value="{{0.000000,774.000000},{0.000000,344.000000}}"/>
	    	<Property Name="UnifiedPosition" Value="{{0.500000,-379.000000},{0.120000,23.840004}}"/>
        <Window Type="TLBB_DragTitle" Name="ConfraternityList_DragTitle">
            <Property Name="AbsolutePosition" Value="x:25.000000 y:11.000000" />
            <Property Name="UnifiedSize" Value="{{1.000000,-50.000000},{0.000000,20.000000}" />
            <Property Name="DragTarget" Value="ConfraternityList_Frame" />
            <Window Type="TLBB_SimpleText" Name="ConfraternityList_PageHeader">
                <Property Name="Position" Value="x:0.0 y:0.0" />
                <Property Name="Size" Value="w:1.0 h:1.0" />
                <Property Name="Font" Value="YouYuan11.25" />
                <Property Name="HorzFormatting" Value="HorzCentred" />
                <Property Name="VertFormatting" Value="VertCentred" />
                <Property Name="RiseOnClick" Value="False" />
                <Property Name="Text" Value="#{INTERFACE_XML_16}" />
            </Window>
        </Window>
        <Window Type="TLBB_ButtonHelp" Name="ConfraternityList_Help">
            <Property Name="UnifiedPosition" Value="{{0.000000,5.000000},{0.000000,14.000000}" />
            <Property Name="AbsoluteSize" Value="w:14.000000 h:14.000000" />
            <Property Name="Text" Value="TLBB_ButtonHelp" />
            <Event Name="Clicked" Function='Helper:GotoHelper(&quot;*ConfraternityList&quot;);' />
        </Window>
        <Window Type="TLBB_ButtonClose" Name="ConfraternityList_Close">
            <Property Name="UnifiedPosition" Value="{{1.000000,-19.000000},{0.000000,14.000000}" />
            <Property Name="AbsoluteSize" Value="w:14.000000 h:14.000000" />
            <Property Name="Text" Value="TLBB_ButtonClose" />
            <Event Name="Clicked" Function="this:Hide();" />
        </Window>
        <Window Type="DefaultWindow" Name="ConfraternityList_Function_Frame">
            <Property Name="AbsolutePosition" Value="x:6.000000 y:36.000000" />
            <Property Name="UnifiedSize" Value="{{1.000000,-12.000000},{1.000000,-55.000000}" />
            <Window Type="TLBB_Frame_Lace1" Name="ValidCity_Info_Frame">
                <Property Name="UnifiedPosition" Value="{{0.000000,0.000000},{0.000000,0.000000}" />
                <Property Name="UnifiedSize" Value="{{1.000000,-1.000000},{0.000000,21.000000}" />
                <Property Name="RiseOnClick" Value="False" />
            </Window>
            <Window Type="TLBB_SimpleText" Name="ValidCity_Info">
                <Property Name="UnifiedPosition" Value="{{0.000000,5.000000},{0.000000,1.000000}" />
                <Property Name="UnifiedSize" Value="{{1.000000,-10.000000},{0.000000,19.000000}" />
                <Property Name="HorzFormatting" Value="LeftAligned" />
                <Property Name="VertFormatting" Value="VertCentred" />
                <Property Name="TextColor" Value="FFFFF263" />
                <Property Name="Text" Value="#{INTERFACE_XML_461}" />
            </Window>
            <Window Type="TLBB_MultiColumnList" Name="ConfraternityList_List">
                <Property Name="UnifiedPosition" Value="{{0.000000,2.000000},{0.000000,22.000000}" />
                <Property Name="AbsoluteSize" Value="w:450 h:243" />
                <Property Name="ForceHorzScrollbar" Value="False" />
                <Property Name="ForceVertScrollbar" Value="True" />
                <Property Name="SortSettingEnabled" Value="False" />
                <Property Name="SelectionMode" Value="RowSingle" />
                <Property Name="ColumnHeader" Value="text:ID width:0.10 id:0" />
                <Property Name="ColumnHeader" Value="text:#{INTERFACE_XML_1022} width:0.41 id:1" />
                <Property Name="ColumnHeader" Value="text:#{INTERFACE_XML_1156} width:0.12 id:2" />
                <Property Name="ColumnHeader" Value="text:#{INTERFACE_XML_1179} width:0.15 id:3" />
                <Property Name="ColumnHeader" Value="text:#{BZJM_81215_1} width:0.22 id:4" />
                <Property Name="ColumnsSizable" Value="False" />
                <Property Name="ColumnsAdjust" Value="True" />
                <Property Name="ColumnsMovable" Value="False" />
                <Event Name="SelectionChanged" Function="Guild_List_Selected();" />
            </Window>
            <Window Type="TLBB_Frame_Lace1" Name="ConfraternityList_Bk">
              <Property Name="UnifiedSize" Value="{{0.000000,300.000000},{0.000000,128.000000}}"/>
		          <Property Name="UnifiedPosition" Value="{{0.500000,77.000000},{0.000000,21.160004}}"/>
              <Property Name="RiseOnClick" Value="False" />
            </Window>
            <Window Type="TLBB_SimpleText" Name="ConfraternityList_Info1">
                <Property Name="UnifiedSize" Value="{{0.500000,-87.000000},{0.000000,18.000000}}"/>
		            <Property Name="UnifiedPosition" Value="{{0.500000,80.000000},{0.000000,22.160004}}"/>
                <Property Name="HorzFormatting" Value="LeftAligned" />
                <Property Name="VertFormatting" Value="VertCentred" />
                <Property Name="TextColor" Value="FFFFF263" />
                <Property Name="Text" Value="#{INTERFACE_XML_461}" />
            </Window>
            <Window Type="TLBB_SimpleText" Name="ConfraternityList_Info2">
                <Property Name="UnifiedSize" Value="{{0.500000,-87.000000},{0.000000,18.000000}}"/>
		            <Property Name="UnifiedPosition" Value="{{0.500000,80.000000},{0.000000,56.160004}}"/>
                <Property Name="HorzFormatting" Value="LeftAligned" />
                <Property Name="VertFormatting" Value="VertCentred" />
                <Property Name="TextColor" Value="FFFFF263" />
                <Property Name="Text" Value="#{INTERFACE_XML_229}" />
            </Window>
            <Window Type="TLBB_SimpleText" Name="ConfraternityList_Info3">
                <Property Name="UnifiedSize" Value="{{0.500000,-219.000000},{0.000000,18.000000}}"/>
	              <Property Name="UnifiedPosition" Value="{{0.500000,80.000000},{0.000000,74.160004}}"/>
                <Property Name="HorzFormatting" Value="LeftAligned" />
                <Property Name="VertFormatting" Value="VertCentred" />
                <Property Name="TextColor" Value="FFFFF263" />
                <Property Name="Text" Value="#{INTERFACE_XML_179}" />
            </Window>
            <Window Type="TLBB_SimpleText" Name="ConfraternityList_Info4">
                <Property Name="UnifiedSize" Value="{{0.500000,-85.000000},{0.000000,18.000000}}"/>
		            <Property Name="UnifiedPosition" Value="{{0.500000,80.000000},{0.000000,92.160004}}"/>
                <Property Name="HorzFormatting" Value="LeftAligned" />
                <Property Name="VertFormatting" Value="VertCentred" />
                <Property Name="TextColor" Value="FFFFF263" />
                <Property Name="Text" Value="#{INTERFACE_XML_134}" />
            </Window>
            <Window Type="TLBB_ButtonCommon" Name="ConfraternityList_OfficialPosition" >
              <Property Name="UnifiedSize" Value="{{0.000000,126.000000},{0.000000,20.000000}}"/>
	          	<Property Name="UnifiedPosition" Value="{{0.500000,246.000000},{1.000000,-215.839996}}"/>
              <Property Name="Text" Value="#{INTERFACE_XML_1136}" />
              <Event Name="Clicked" Function="Guild_List_CheckOfficial();" />
            </Window>
            <Window Type="TLBB_SimpleText" Name="ConfraternityList_Info5">
                <Property Name="UnifiedSize" Value="{{0.500000,-87.000000},{0.000000,18.000000}}"/>
	            	<Property Name="UnifiedPosition" Value="{{0.500000,80.000000},{0.000000,110.160004}}"/>
                <Property Name="HorzFormatting" Value="LeftAligned" />
                <Property Name="VertFormatting" Value="VertCentred" />
                <Property Name="TextColor" Value="FFFFF263" />
                <Property Name="Text" Value="#{INTERFACE_XML_565}" />
            </Window>
            <Window Type="TLBB_SimpleText" Name="ConfraternityList_Info6">
                <Property Name="UnifiedSize" Value="{{0.500000,-87.000000},{0.000000,18.000000}}"/>
	              <Property Name="UnifiedPosition" Value="{{0.500000,80.000000},{0.000000,128.160004}}"/>
                <Property Name="HorzFormatting" Value="LeftAligned" />
                <Property Name="VertFormatting" Value="VertCentred" />
                <Property Name="TextColor" Value="FFFFF263" />
                <Property Name="Text" Value="#{INTERFACE_XML_181}" />
            </Window>
            <Window Type="TLBB_SimpleText" Name="ConfraternityList_Info7">
                <Property Name="UnifiedSize" Value="{{0.500000,-87.000000},{0.000000,18.000000}}"/>
		            <Property Name="UnifiedPosition" Value="{{0.500000,80.000000},{0.000000,39.160004}}"/>
                <Property Name="HorzFormatting" Value="LeftAligned" />
                <Property Name="VertFormatting" Value="VertCentred" />
                <Property Name="TextColor" Value="FFFFF263" />
              <Property Name="Text" Value="#{TM_20080331_03}" />
            </Window>
            <Window Type="TLBB_SimpleText" Name="ConfraternityList_Tenet_Text">
                <Property Name="UnifiedSize" Value="{{0.500000,-87.000000},{0.000000,18.000000}}"/>
	            	<Property Name="UnifiedPosition" Value="{{0.500000,80.000000},{0.000000,145.160004}}"/>
                <Property Name="TextColor" Value="FFFFF263" />
                <Property Name="Text" Value="#{INTERFACE_XML_132}" />
                <Property Name="HorzFormatting" Value="LeftAligned" />
                <Property Name="VertFormatting" Value="VertCentred" />
            </Window>
            <Window Type="TLBB_SimpleMulitiTextFrame" Name="ConfraternityList_Tenet">
              <Property Name="UnifiedSize" Value="{{0.000000,300.000000},{0.000000,99.000000}}"/>
		          <Property Name="UnifiedPosition" Value="{{0.500000,77.000000},{0.000000,163.160004}}"/>
              <Property Name="HorzFormatting" Value="WordWrapLeftAligned" />
                <Property Name="VertFormatting" Value="VertCentred" />
                <Property Name="TextColor" Value="FFFFF263" />
            </Window>
            <Window Type="TLBB_Frame_Lace5" Name="ConfraternityList_Blank">
                <Property Name="UnifiedSize" Value="{{0.500000,71.000000},{0.000000,20.000000}}"/>
		            <Property Name="UnifiedPosition" Value="{{0.000000,0.000000},{1.000000,-20.000000}}"/>
                <Property Name="RiseOnClick" Value="False" />
            </Window>
            <Window Type="TLBB_ButtonCommon" Name="ConfraternityList_Info8" >
                <Property Name="UnifiedSize" Value="{{0.000000,127.000000},{0.000000,20.000000}}"/>
		            <Property Name="UnifiedPosition" Value="{{0.500000,74.000000},{1.000000,-19.839996}}"/>
                <Property Name="Text" Value="#{INTERFACE_XML_160}" />
                <Event Name="Clicked" Function="Guild_List_CheckDetail();" />
            </Window>
            <Window Type="TLBB_ButtonCommon" Name="ConfraternityList_PageUp">
                <Property Name="UnifiedSize" Value="{{0.000000,60.000000},{0.000000,20.000000}}"/>
		            <Property Name="UnifiedPosition" Value="{{0.250000,-31.500000},{1.000000,-20.839996}}"/>
                <Event Name="Clicked" Function="PageUp();" />
                <Property Name="Text" Value="#{INTERFACE_XML_499}" />
            </Window>
            <Window Type="TLBB_ButtonCommon" Name="ConfraternityList_PageDown">
                <Property Name="UnifiedSize" Value="{{0.000000,60.000000},{0.000000,20.000000}}"/>
		            <Property Name="UnifiedPosition" Value="{{0.250000,33.500000},{1.000000,-20.839996}}"/>
                <Event Name="Clicked" Function="PageDown();" />
                <Property Name="Text" Value="#{INTERFACE_XML_325}" />
            </Window>
            <Window Type="TLBB_ButtonCommon" Name="ConfraternityList_Join">
                <Property Name="UnifiedSize" Value="{{0.000000,97.000000},{0.000000,20.000000}}"/>
		            <Property Name="UnifiedPosition" Value="{{0.500000,206.000000},{1.000000,-19.839996}}"/>
                <Property Name="Text" Value="#{INTERFACE_XML_623}" />
                <Event Name="Clicked" Function="Guild_List_Join();" />
            </Window>
            <Window Type="TLBB_ButtonCommon" Name="ConfraternityList_Cancel">
                <Property Name="UnifiedSize" Value="{{0.000000,68.000000},{0.000000,20.000000}}"/>
	            	<Property Name="UnifiedPosition" Value="{{0.850000,41.299988},{1.000000,-19.839996}}"/>
                <Property Name="Text" Value="#{INTERFACE_XML_542}" />
                <Event Name="Clicked" Function="this:Hide();" />
            </Window>
        </Window>
    </Window>
</GUILayout>
