﻿<?xml version="1.0" ?>
<GUILayout>
	<Window Type="TLBB_MainFrame1" Name="FangDaohao_Frame">
		<Property Name="UnifiedPosition" Value="{{0.5,-200},{0.12,0}}" />
		<Property Name="AbsoluteSize" Value="w:300.000000 h:250.000000" />
		<Window Type="TLBB_DragTitle" Name="FangDaohao_DragTitle">
			<Property Name="AbsolutePosition" Value="x:25.000000 y:11.000000" />
			<Property Name="UnifiedSize" Value="{{1.000000,-50.000000},{0.000000,20.000000}" />
			<Property Name="DragTarget" Value="FangDaohao_Frame" />
			<Property Name="Font" Value="YouYuan11.25" />
			<Property Name="HorzFormatting" Value="HorzCentred" />
			<Property Name="VertFormatting" Value="VertCentred" />
			<Property Name="Text" Value="#{INTERFACE_XML_SAFETIME_06}" />
		</Window>
		<Window Type="DefaultWindow" Name="FangDaohao_Frame_Client">
      <Property Name="AbsolutePosition" Value="x:0.000000 y:0.000000" />
      <Property Name="AbsoluteSize" Value="w:60.000000 h:-50.000000" />
      <Window Type="TLBB_SelfWindow" Name="FangDaohao_Self_Text" >
        <Property Name="AbsolutePosition" Value="x:7.000000 y:38.000000" />
        <Property Name="AbsoluteSize" Value="w:60.000000 h:50.000000" />
        <Property Name="HorzFormatting" Value="WordWrapLeftAligned" />
        <Property Name="VertFormatting" Value="TopAligned" />
        <Property Name="MaxWidth" Value="287" />
        <Property Name="MinHeight" Value="100" />
        <Property Name="RiseOnClick" Value="False" />
        <Property Name="Text" Value="#{INTERFACE_XML_90612}" />
      </Window>
    </Window>
    <Window Type="TLBB_ButtonCommon" Name="FangDaohao_web">
        <Property Name="UnifiedPosition" Value="{{1.000000,-206.000000},{1.000000,-39.000000}" />
        <Property Name="AbsoluteSize" Value="w:120.000000 h:20.000000" />
        <Property Name="Text" Value="#{INTERFACE_XML_90613}" />
        <Event Name="Clicked" Function="FangDaohao_gotoWeb();" />	
    </Window>
	</Window>
</GUILayout>
